engine_id,cycle,temperature,vibration,pressure,RUL,profile
0,0,601.4901424590337,19.861735698828817,100.6476885381007,307.61514928204014,standard
0,1,599.44753987583,19.82586304305082,101.54921281550739,302.83717364576455,standard
0,2,598.8915768421951,20.662560043585966,99.47658230718754,295.6713512321487,standard
0,3,601.1758868146982,18.2667197553422,98.18508216748697,294.18856235379513,standard
0,4,597.5615066389968,20.55424733259527,98.97197592447878,288.93848149332354,standard
0,5,605.1469463067647,20.074223699513464,99.91752820468791,287.8762590689327,standard
0,6,599.2668518264244,20.470922589709865,98.6690064225777,295.87849009172834,standard
0,7,599.2480839302435,20.128306250206727,99.18829338777061,302.2613909225447,standard
0,8,601.1595083257862,19.4222890710441,100.58254491210319,285.89578175014486,standard
0,9,601.9765907850143,18.580329876120224,98.40181395110157,291.9843061793456,standard
0,10,603.7153997399862,20.77136828118997,99.58435171761177,288.49448152205355,standard
0,11,597.2144340288977,19.940155791605292,99.20936122904021,294.2856111310946,standard
0,12,602.8308548687054,18.956959844637264,99.96408396939479,286.0745885979184,standard
0,13,599.9192339990822,21.39167628884087,100.64099952249595,291.656400595581,standard
0,14,599.5823474303321,20.530787624148786,99.91126343140357,290.8777256356118,standard
0,15,600.8124772864642,20.714341023336182,98.44366502599397,279.01896687959663,standard
0,16,604.8375774671825,22.316240028570824,99.44798987841966,289.0176644894601,standard
0,17,603.6349080751429,20.374880245394877,99.85139560550842,290.69018283232987,standard
0,18,602.5925218826702,22.644643655814004,96.84025489591025,286.1095125218761,standard
0,19,603.1111412047145,20.840992649534133,99.52176077653552,271.06215542699556,standard
0,20,602.3409843364875,21.557112571511745,100.87789404474152,277.4086489086318,standard
0,21,600.7245191913204,20.758242956415465,100.28540211770208,280.64375554829843,standard
0,22,601.7107193886989,21.833267433113356,99.43707754934805,282.84322495266446,standard
0,23,601.343840718368,21.052337853402232,98.91789184686785,269.6824252593394,standard
0,24,604.4883608311937,21.70105527217989,99.28511345664246,274.82706433312427,standard
0,25,599.5038877738488,21.07935467723464,98.90728548347323,270.9886136538919,standard
0,26,603.4161428650019,21.964050856814538,101.10618590121052,274.8728890641592,standard
0,27,604.8226511721682,21.545554084233835,97.27122878470095,272.86743062275394,standard
0,28,604.3806906298231,24.143242112485286,98.96763903521888,273.5077367116681,standard
0,29,604.2458646908843,20.571321962380466,100.27282281451501,274.75966516343385,standard
0,30,606.8730958411292,20.89061254520526,100.5027943109361,262.9907446860386,standard
0,31,606.4105712814007,24.050455625809978,98.0794636748693,266.1685113519861,standard
0,32,605.0989540952629,21.416524345883804,97.48933656893388,268.3428148740301,standard
0,33,601.7630888588217,22.453592430635183,98.0905757657662,274.7496720250877,standard
0,34,602.7502401229913,21.717938483794324,99.79351721736967,259.84567841783024,standard
0,35,605.9323798038124,23.40714275428243,97.34251676543877,265.9231692926615,standard
0,36,606.1796483827452,22.941822871777312,97.68304928912193,257.3977169345786,standard
0,37,607.1158246968506,22.516984673233186,99.14049285034588,264.7322410474849,standard
0,38,603.6599258352645,22.512253697161004,99.15307247329868,258.4282429098682,standard
0,39,611.4473235334343,22.813832920911786,97.63869650279734,264.28276804316914,standard
0,40,603.075954989318,23.187084603742452,99.95859557900741,255.89658840824146,standard
0,41,609.0401283877329,22.8727809269365,99.59206015999449,268.48396491326974,standard
0,42,605.5638356519913,21.76626383564251,97.85048557037447,253.92094857517282,standard
0,43,606.2186948717577,22.92115197481664,98.98669079933,261.1359162451801,standard
0,44,606.6390056756337,24.09353407715732,98.41534316676206,269.6008458329481,standard
0,45,608.627002043295,21.842842443583717,97.57910750193889,257.4123620762159,standard
0,46,606.2296116440224,23.47400049409209,99.09323762457355,253.63585543671564,standard
0,47,604.5096188457948,21.305152775314134,98.14348504793298,257.28199397161734,standard
0,48,607.8422812323906,21.63426122128801,98.73318092585119,253.9265868986442,standard
0,49,604.6984276913967,23.09372510594553,98.588208718446,245.28514851084688,standard
0,50,608.5733620810448,23.560784526368234,99.58305124317528,255.26901026017453,standard
0,51,603.5169918961287,22.122174960084877,98.98503526720866,251.56892975456105,standard
0,52,609.3451430589181,26.972731490654724,99.01089051069316,253.677828200903,standard
0,53,610.8120052904796,23.8313912513058,98.09473075535965,250.79484610246635,standard
0,54,605.7815243563873,23.003181393259993,97.89463645217089,246.4093706969316,standard
0,55,615.1939757000205,21.432734807408252,99.0362601903745,236.93642064405174,standard
0,56,606.9842044026317,24.448950596967364,98.38428001909546,238.61127611035346,standard
0,57,606.4040888722201,24.099597748934677,97.55963336828287,244.08229294790988,standard
0,58,608.8367155197114,22.828399652394182,100.40394408932534,245.16959511159007,standard
0,59,602.7745722400272,23.726454314769427,97.56821353523162,245.2621666739811,standard
0,60,606.6224377847019,23.485263558533102,98.70498727898045,244.32877597085061,standard
0,61,605.5491107788326,23.32549876415905,97.69505468883905,235.73335383713143,standard
0,62,614.5963627208432,24.124981710960956,96.87911604566496,242.58930973527387,standard
0,63,615.816468591038,24.812465260551146,96.59063003404599,234.57882963566874,standard
0,64,613.4007334475599,23.132330534381218,98.52381942814623,239.8731702671467,standard
0,65,606.9692085852657,23.840474643938197,94.80873265993093,229.87806179332856,standard
0,66,609.1422955458205,22.712216818035152,99.65241130393163,226.84929311019684,standard
0,67,608.729866539909,24.15074057728609,99.43127328906611,225.8206892441028,standard
0,68,613.689491256465,24.090233061019585,96.97849134895205,234.31051737131637,standard
0,69,610.9471790867204,23.539783122841207,97.99980208499002,229.0734320156912,standard
0,70,610.8405520357537,24.862130674521048,99.48601681614535,223.81092250586576,standard
0,71,617.0491001239687,22.3079122004775,97.71821490496443,231.9415860324229,standard
0,72,611.6429756032051,23.697300480179408,97.63187774964273,225.53499532670583,standard
0,73,609.1819057291674,25.229602097021022,98.16701548596505,223.53545202369673,standard
0,74,613.7987996262998,24.74729952087661,98.59286211883897,229.14814420961807,standard
0,75,608.7630149672337,23.93981895980303,98.49729360512326,228.05185132716733,standard
0,76,611.3372952181076,24.677327383308786,98.99766489578842,221.04214305582084,standard
0,77,613.19129214351,24.417807347566107,97.47231879677278,228.49388425993595,standard
0,78,614.1762490469641,25.49350963600064,98.96547880715433,222.10501920816378,standard
0,79,613.8958589138849,24.429733243406545,97.95416635248844,220.34928472816156,standard
0,80,612.2909878949781,25.395157025436916,96.78177931676652,230.4619363784273,standard
0,81,609.1319478555009,23.645811387212266,98.72811087350006,222.95831346981467,standard
0,82,614.1723594511565,25.54834550926428,97.5277532271531,213.51372814257084,standard
0,83,612.6774136745812,24.302838288487887,98.48511973341776,216.2647130924893,standard
0,84,610.1235084096224,24.718614158347005,97.89293145427563,213.18137723598014,standard
0,85,610.2833388133007,25.343687211491915,97.69496657110872,212.46528412314436,standard
0,86,611.486885083145,25.392049937357637,95.97191565850268,206.96268112811723,standard
0,87,610.8946673362426,25.006552848288152,97.700907565598,220.37678108474776,standard
0,88,615.772978869606,25.120061470036575,97.3409837920973,206.98735317681096,standard
0,89,613.2944605920228,25.05134136107986,97.65271856033809,206.86384528223837,standard
0,90,615.0580395427235,26.932738913002577,97.19123985154314,212.0085586104947,standard
0,91,615.7204319751334,25.058779528114165,97.49409248181041,209.06296200390898,standard
0,92,614.0930282956465,24.746990216144532,97.26451017425894,210.48999145622724,standard
0,93,618.3034308233852,26.539270826085204,99.36318245751156,203.16326218555974,standard
0,94,616.716961910162,25.823342005738354,99.36980293321768,201.95850857322424,standard
0,95,611.7308344734577,25.100607354555976,95.0261042756902,202.3712248915962,standard
0,96,612.1226020153389,25.910393786476206,97.46175597577717,213.38085419607944,standard
0,97,617.4012715145581,25.243096344337598,96.19158532865164,205.45959585753252,standard
0,98,610.7393003789381,27.711458765854353,98.23944012072128,199.65412173947647,standard
0,99,609.7105964127273,27.293872374165414,96.91546015474738,207.1890815598673,standard
0,100,610.2167170236169,25.400624977046228,97.00524369971818,200.23490296882372,standard
0,101,613.7998035855622,26.682849932347498,95.9023795706174,198.28810257489354,standard
0,102,615.6608868951356,26.63443883405875,97.65161487808889,192.37678954081065,standard
0,103,610.8476574877932,27.45767682189851,97.24231401197959,193.25756731721722,standard
0,104,620.2534559265675,26.35567463429286,98.05929718406382,196.33759240705055,standard
0,105,621.9322437746459,28.055340842443204,96.60103585152092,199.85785475477178,standard
0,106,617.8361278487554,27.72863155753235,95.85507653941988,197.4302572999922,standard
0,107,619.2252734605487,24.661260513576888,95.60674148733423,182.8038391111995,standard
0,108,615.3917794966663,27.197542255795963,98.26235705209604,192.37047390209887,standard
0,109,621.2358466367139,25.159898541785108,95.02661756064485,190.7222615055169,standard
0,110,617.652196346818,26.567305251905907,94.63255789996012,189.55439980243605,standard
0,111,612.7365914984854,27.32967254883004,97.03659824609684,184.30060106836322,standard
0,112,615.2583992479899,25.660786478111046,96.57732090272683,192.7757116025062,standard
0,113,613.9928218609934,27.284046515517847,96.07974238162755,183.03563583868828,standard
0,114,616.7789089201364,25.804757677580625,96.02635069465282,180.01061053705575,standard
0,115,623.1441753987492,26.935263551971726,95.85027449200742,186.06989955367112,standard
0,116,617.0630158509275,26.739030400466778,97.13416670004342,187.78753855023652,standard
0,117,615.9584965571684,26.44418175935532,96.21494830284836,171.49039417632207,standard
0,118,613.1544268134044,28.446874267444525,98.10496771350128,180.7548198022181,standard
0,119,619.5796708891673,27.451250154543537,99.50888080845525,186.59787455717287,standard
0,120,617.6162472255577,26.244459559399573,94.79355367974243,181.01731817933612,standard
0,121,615.8809477641471,25.837746290402325,95.72342711575747,173.59225998192804,standard
0,122,623.3614249052176,28.20163975694945,96.33202735868339,185.39972069445014,standard
0,123,618.6821049229429,26.518715798671735,97.83312407726966,179.6945502184233,standard
0,124,615.4882615370207,27.24966132191639,95.40438174661524,169.08600134517832,standard
0,125,621.5285326425949,29.40941664047013,94.85143242618086,177.81484618345286,standard
0,126,616.9480722926345,27.072874616235303,95.62760607576114,169.68004615160092,standard
0,127,619.1955648838344,26.789049883588962,96.46045682577984,172.7488094527543,standard
0,128,618.4831558594008,26.772436337958403,95.58322866943166,175.7769561291288,standard
0,129,620.8527515628732,26.762444755201447,96.22933230542922,174.75693561685895,standard
0,130,614.4917841566358,28.343360192379937,95.43737624105415,172.8529933429658,standard
0,131,617.3602225303724,26.05511789933548,94.44245756211683,169.24042473330692,standard
0,132,620.5791675051644,27.015683374895595,96.67859245877737,159.6923996886552,standard
0,133,619.7517606040581,26.768983800237542,95.35816389219785,167.23699335658208,standard
0,134,617.5187599041482,27.655444455770173,96.98629280921445,163.11554065238425,standard
0,135,622.7570763361954,26.97029314534238,96.47980417791528,172.2078431032895,standard
0,136,612.9850664996181,27.363104744529522,96.49707212718054,162.98477306978504,standard
0,137,621.6634376201139,27.616014813284178,95.9765897874729,162.2216138230396,standard
0,138,624.2033461849795,28.534420843301213,96.1976026620752,159.94061516938766,standard
0,139,619.3871813277825,27.90744181218038,96.2244521423783,158.8950775958987,standard
0,140,621.8693245706893,30.47540079864544,96.67112470343169,158.3698823391608,standard
0,141,624.7536417664918,28.05192462697845,93.73187546482214,153.95956844541297,standard
0,142,615.6876242369224,28.168486515958694,95.75841837918955,166.38218656137641,standard
0,143,622.4307821212925,28.360899471191136,96.53940558118349,145.94432345496057,standard
0,144,622.3068436743257,29.410865193886966,94.20141375422017,161.71877021603464,standard
0,145,622.7654892224832,28.2847120860992,96.28278186610629,166.35346428902199,standard
0,146,622.4455987651754,29.008220586300332,95.16063910045976,149.75077815267605,standard
0,147,624.5410074496327,27.963916174091132,95.66156623721939,150.6117127661744,standard
0,148,623.6369394772393,29.21366210528695,96.5975399442579,149.44991800572626,standard
0,149,621.5403751941199,27.96123628421769,95.08570673992389,152.88650246522425,standard
0,150,624.770965849936,28.077834675822373,96.36960592010566,156.77818929402474,standard
0,151,623.8903047096711,30.936795812558067,94.69621080089642,142.77672648344293,standard
0,152,617.4638392532871,30.616044311489183,96.09436565635406,147.72207664544771,standard
0,153,623.7899058789595,28.054510952701623,97.85575197961683,147.64610590987613,standard
0,154,623.4281843838147,29.965766623898695,95.8610092317367,147.11942012139565,standard
0,155,620.878576633664,29.771468357135998,97.23202449647503,151.72710023077488,standard
0,156,628.1795598799182,28.848784323568815,94.33039517974142,143.37106539950176,standard
0,157,623.717174736866,30.514191518470952,93.59753537028519,150.64775159730306,standard
0,158,623.2259763042631,29.05311893005258,94.24789562473984,133.72571664067115,standard
0,159,626.3195117518858,29.613317967188404,93.94003910025896,134.5246061396819,standard
0,160,622.9926459021297,31.269021525289393,94.94040864863639,132.48428523440947,standard
0,161,623.4127708077422,29.387276430252328,92.47311335705842,138.72852566741093,standard
0,162,623.607196409374,30.416206364813416,96.98895609494535,143.6328251477388,standard
0,163,623.6433339283356,28.67347409125833,97.68335980324986,137.29609217007243,standard
0,164,624.6417878757388,29.815874912889996,95.27808476076785,135.2781979403803,standard
0,165,623.0290139793593,29.353141058759608,95.017246729784,132.28287614433117,standard
0,166,622.7614626519685,30.066430227691896,94.76502278257914,141.51996494291345,standard
0,167,617.0970905748209,31.111506851922464,96.23608519249763,122.63304883795925,standard
0,168,624.171937217759,29.708559134004208,93.55248830528217,128.11091656204562,standard
0,169,622.0182724636026,31.892270443423623,95.86567839314746,137.3577754749708,standard
0,170,627.6650161921297,29.070948228782775,94.37547973372023,132.4468728061396,standard
0,171,621.9836165733242,30.972998430172385,94.62967460184187,127.12589596225202,standard
0,172,627.9328799046104,30.76426331148604,94.47903383418092,133.79664901682125,standard
0,173,622.7068100172004,30.995935606944265,95.40310125796839,125.45226780343005,standard
0,174,627.0783990667264,29.188886423614694,95.7040270192069,125.07548931778506,standard
0,175,624.6818309384429,31.54900922583689,94.04565630945724,117.9576935181822,standard
0,176,621.7301124794283,31.166009951345643,93.43957064750371,132.77397090992181,standard
0,177,620.3042117763488,32.31645636829004,94.90101746720262,122.51643444064804,standard
0,178,625.0652427395733,31.07913611435207,94.62236529757514,127.5165094100826,standard
0,179,627.1926829459861,30.89030176146188,94.26638778778614,120.71527188139466,standard
0,180,627.9234053066762,29.089831607343374,93.25181457789428,123.71632047011357,standard
0,181,627.6625963143838,30.67601666364732,94.58843393306539,120.73790852680835,standard
0,182,625.6807209590719,30.14169527459769,94.73584525509767,113.10813611192484,standard
0,183,628.6747582671435,29.27741639576216,95.53915563732565,119.36298741206521,standard
0,184,628.3680892029416,32.022690983945516,96.14547444446258,121.07185032509065,standard
0,185,622.2273773060051,29.8204230332643,93.82518142230433,115.13045525105417,standard
0,186,629.4529770614073,30.434256186846536,94.60676676447709,110.22308533823339,standard
0,187,626.2154465910241,29.813338903151777,93.46676675388909,106.24157697191833,standard
0,188,625.272380241068,32.33364179660784,93.41060111116806,125.16191032418695,standard
0,189,629.8299537026427,31.524836123694875,93.47164221981879,114.50154939704495,standard
0,190,626.7730865212867,31.52200981464536,96.8600845382688,109.51970050137675,standard
0,191,632.097819978857,30.75682357487411,94.23501150950304,117.85400317817755,standard
0,192,626.9190988266366,33.332448557996926,94.94775193545547,105.18766612052866,standard
0,193,630.8472232171666,32.552554449626726,94.83180996221719,99.14887640054772,standard
0,194,626.9185884725255,31.392481364448496,94.10556657089997,109.10336048775339,standard
0,195,629.7831030027997,30.3646556412899,94.53019785100597,108.05292872641911,standard
0,196,631.0793713437931,32.84078072555462,94.9539221545489,106.29590039614219,standard
0,197,629.339502865624,30.15903906648401,94.5196182191326,104.03843843581555,standard
0,198,630.5147365115862,30.603251424179692,92.97894345959173,107.26576426666452,standard
0,199,629.73133453843,32.621500697372625,94.05831837613046,101.14878069747873,standard
0,200,632.814851417928,31.483955271782627,94.09612077694098,97.6886235564748,standard
0,201,628.8465113177031,31.750827876531364,94.1921337716337,96.60625689168262,standard
0,202,634.0672683767206,31.225392697780492,93.75312835583864,95.80134470862913,standard
0,203,634.7909336530612,32.376554776511576,94.94184453946863,89.57219813481514,standard
0,204,631.4011507976078,33.12963079562344,93.96228398927542,101.32740187532676,standard
0,205,629.1981346496989,33.709347440185574,96.14889812361925,93.18580719780171,standard
0,206,629.5634924357977,33.8133844771177,95.3995721457307,91.38569986423366,standard
0,207,629.7894395487124,32.1382153911395,92.44554948896572,88.40674026757901,standard
0,208,628.1875776997439,31.712202434895875,93.72531511261323,93.1710736626826,standard
0,209,636.0015014784423,31.54164595926121,94.71432239847658,89.93005577887246,standard
0,210,631.3516088710427,33.27481949216661,92.5772779784377,91.91204873092025,standard
0,211,632.1493566246392,33.15245126400814,93.95916864390782,101.27650069955448,standard
0,212,629.886780047246,32.18900304499818,93.01685947357524,85.22261440419872,standard
0,213,630.0378386180805,33.969016531107556,95.03050424798985,84.14626853125262,standard
0,214,629.6029332806874,33.31141555638641,93.02777695571903,89.16465908877755,standard
0,215,632.8587690625538,31.384255885002766,95.09750520133007,93.9793883654776,standard
0,216,630.5616339285468,32.57229844006402,93.8058653907249,85.67228394993512,standard
0,217,634.5256328180185,35.03020453876635,93.31305277250594,79.00851377730773,standard
0,218,628.5620423159564,32.34906996005808,93.4268730271262,90.97278931758893,standard
0,219,631.2971661028915,33.3637879516389,93.41357710392725,86.94196636724043,standard
0,220,640.5807972776208,32.66913122707968,92.91056055748179,85.22080438534536,standard
0,221,635.1956744688789,35.10670732573603,93.95392818532596,77.2035395460647,standard
0,222,635.0719644920769,34.428703580582905,94.16048218119737,80.53637015553649,standard
0,223,636.6500240687675,34.54929559044567,94.69215899103753,80.24354943794822,standard
0,224,633.0986457590494,33.58671368643332,94.48650896650835,71.91532164506381,standard
0,225,634.8560199266187,33.10666118767264,93.27874482293481,81.39225931303649,standard
0,226,634.4732972040597,33.606436548156154,91.86014385902008,77.7312678301361,standard
0,227,635.9864525434232,35.78325472330546,92.88222176504699,74.0957516383197,standard
0,228,634.9481510511323,35.257453279763475,93.06470446761304,73.39510762885169,standard
0,229,636.1736895291497,33.92660912315636,92.68356638544947,71.97044996449154,standard
0,230,637.7208952495794,32.77348470058894,93.23296967414687,66.49939592530413,standard
0,231,638.2351398867745,32.33681309521622,92.5110781527284,70.8860593753226,standard
0,232,639.4965720877029,33.85424973892702,92.4848004733068,77.40578534720295,standard
0,233,630.6059582987513,31.781194043379916,93.45001445005333,64.48972887823695,standard
0,234,632.0363015486079,34.74835644729935,93.2238007137712,63.17960684631636,standard
0,235,631.4090868039873,34.97245732828014,93.60020117795867,64.50412068110309,standard
0,236,640.939910988143,33.08991523367384,91.39447482907526,60.540459650593775,standard
0,237,635.4132419509334,34.46333944932269,92.64876394214367,64.76027698257148,standard
0,238,631.9453817274288,35.72376460407326,92.77784882160744,67.58647915794064,standard
0,239,636.8781760391331,34.796753219153786,93.3997672802322,63.23854280008658,standard
0,240,637.9281682796027,35.72915253013243,92.99652116970147,63.54501878794256,standard
0,241,635.8807929171383,35.90011721544948,92.09360769794073,68.00470216455408,standard
0,242,636.1795261480669,33.08922489788195,92.86810441491079,54.5947417126256,standard
0,243,638.9719306469663,33.92737602069761,92.26381656678522,47.552296345272346,standard
0,244,635.2430810422528,32.216120673371044,91.09609717651428,59.80207328072149,standard
0,245,639.1074004759525,35.12545756178497,91.68302385687079,54.7614432192901,standard
0,246,636.8891923827283,33.60163531080745,94.12339830176715,58.386811452878355,standard
0,247,636.387107478511,34.84688583899453,92.79838280794756,42.791325657878545,standard
0,248,636.4584678524383,34.1980157520022,91.55837999010508,50.594498535570224,standard
0,249,642.7430595805486,35.58084286126701,91.9588210102172,53.86291390678079,standard
1,0,604.198066309758,20.92463368291277,100.05963036992017,146.76531611147212,accelerated
1,1,602.3946699408407,20.51348538542175,100.83519322002773,152.17585900840984,accelerated
1,2,603.7486581459581,19.70476478843943,101.19739406563433,148.987998023462,accelerated
1,3,607.1257826178758,19.67081218191043,101.55596380316524,147.98955391731323,accelerated
1,4,599.2457459891567,19.996114165945677,99.43965269180569,148.12082973200958,accelerated
1,5,603.0685064641065,20.02629999606142,99.67564540773903,155.71135179305932,accelerated
1,6,606.9826295103021,21.15632366967403,99.67800347816821,144.6001566335913,accelerated
1,7,603.9405539181913,19.817207434801595,99.32262346257666,134.65707963061206,accelerated
1,8,603.5976693678158,21.60719593970274,99.03681353770062,149.86993381645016,accelerated
1,9,599.022703010993,19.615625119790177,99.68445181855996,146.23549151306077,accelerated
1,10,608.0517830743736,20.74111573713106,100.4786808334313,139.80745765249645,accelerated
1,11,602.7821181001775,22.203659937486673,99.99232287841342,131.11803921507874,accelerated
1,12,608.0296210491778,22.820091354147454,98.65443729849048,139.97901766718704,accelerated
1,13,605.3820905588482,21.820673765823905,98.66969484615458,133.64188316030973,accelerated
1,14,604.1233377870257,22.852729019259364,99.70360015459443,134.14692833956946,accelerated
1,15,606.815096131945,18.951457379369927,100.2487657003721,126.3014311061095,accelerated
1,16,603.7126771757905,20.80033010537386,97.7453185242791,139.80413393689258,accelerated
1,17,603.6968963960644,22.386503881730714,98.93307942112082,135.38520413611562,accelerated
1,18,605.6304656731808,20.877007775811432,99.91626681944715,129.53121708419343,accelerated
1,19,601.0302543040208,21.85188483903409,100.3607597906343,135.25110871056745,accelerated
1,20,604.9540435967764,22.05074229568157,98.47836494878261,140.3837399178042,accelerated
1,21,607.4458063566946,22.950041647191068,99.77028345403184,130.19394579513258,accelerated
1,22,605.8228735625379,22.443650150915023,98.60839874058594,127.81388881745079,accelerated
1,23,609.0828886309109,22.811945885807297,99.35264007721558,126.59641709945708,accelerated
1,24,607.4359055709483,20.88179931546789,99.47632767470249,127.73244237948997,accelerated
1,25,610.494030329579,20.10374462180631,100.58837470478073,124.30205185922414,accelerated
1,26,611.1245484502125,22.08009407287447,99.05277390506257,118.73292218413172,accelerated
1,27,606.2286931179126,25.154031353866788,98.18931759923665,124.08716436589862,accelerated
1,28,611.0102031920662,23.855681887972604,98.47041890514357,123.82480501233113,accelerated
1,29,615.9102467557149,23.422381202966417,98.46109904671498,126.25327198003806,accelerated
1,30,612.3165777988739,24.787030305560382,98.83873022202918,114.28497543634758,accelerated
1,31,614.2002945969033,22.57365460698131,98.44263546523904,115.22862074990321,accelerated
1,32,609.407584960221,24.16876241030348,98.40135721545028,120.10960377117642,accelerated
1,33,614.741133807176,24.41353430151398,97.77584336470935,121.82043584144179,accelerated
1,34,613.768411466774,22.852392184863007,98.55740006984985,119.5058637115545,accelerated
1,35,609.60730948992,25.57570681331162,97.74994441296748,115.6278822673577,accelerated
1,36,610.2807845271484,24.33557904758147,96.7437249131048,106.79974558702853,accelerated
1,37,615.883515189675,23.593038651681674,96.7886076505437,102.23304943198143,accelerated
1,38,609.4831147569315,23.236910206592505,99.36201516013637,117.04908544671318,accelerated
1,39,609.6355489644669,26.93243580534431,98.64176548699159,109.37584308245688,accelerated
1,40,604.5017828553792,27.09094257259074,96.2104275332364,101.77300626521554,accelerated
1,41,615.3677112960289,27.359752406339275,98.92427281851053,111.8195456002618,accelerated
1,42,614.3842630249959,25.89341555878031,98.23892858978677,109.40595711984687,accelerated
1,43,613.2126033118556,25.09740687210048,96.66603541113332,105.59662461566613,accelerated
1,44,608.1211295574138,25.18166037320525,96.37140889284908,100.48205341392115,accelerated
1,45,614.0396824534604,26.792002286344598,98.2183166060023,97.14749698188412,accelerated
1,46,610.831115590289,26.460771187988215,96.25751260646169,102.87683425001488,accelerated
1,47,615.7501562970737,24.671655545136364,97.28537550614597,96.32987252540897,accelerated
1,48,612.5958970681463,26.079781934142535,95.52700626646833,104.20237368980199,accelerated
1,49,614.64108660322,26.432489954417147,97.28391413406466,107.82070214986922,accelerated
1,50,615.3756735079437,25.570594458874748,97.12229750303229,102.71649014518194,accelerated
1,51,615.4465802109771,26.160591691203884,96.23800831219324,95.68549541224526,accelerated
1,52,611.392184184601,27.98957674318694,95.63613676460871,94.53547401102047,accelerated
1,53,613.7447782032924,27.25492437694444,96.52505032170797,103.23871036336867,accelerated
1,54,614.1795281272684,26.758994162223804,95.92465294674025,106.72574563886694,accelerated
1,55,612.9372047429115,26.909820710227027,97.3337768809321,97.0689954872575,accelerated
1,56,616.2441370233669,26.590179300266573,96.68381147197911,93.26498999185756,accelerated
1,57,619.9916373503847,29.05052300159135,96.02250821499217,86.15098510210461,accelerated
1,58,617.1351538549462,29.53970933765432,95.71632543203026,100.19558402722033,accelerated
1,59,622.7331024422293,26.526411758292003,97.02898307918527,99.14198311564269,accelerated
1,60,616.8626167770375,26.99641963989764,95.81831908605136,84.92621634653567,accelerated
1,61,616.352167364802,26.096059733237745,96.37408346825923,85.15013384470679,accelerated
1,62,619.3013577353722,25.88410435379637,96.61088023221446,92.16764480804463,accelerated
1,63,612.9187930722857,27.93405656984757,97.4476689924733,80.95179490654397,accelerated
1,64,624.2177171605132,28.099019009366046,95.45498814424158,85.72115461171147,accelerated
1,65,621.1749807375652,27.876005391412413,96.63875599244636,80.39663203460317,accelerated
1,66,620.3080824721081,26.50628550309502,95.9287739386513,79.48046179267605,accelerated
1,67,617.8934101722307,29.276093175210438,97.07131012059428,86.04569060453588,accelerated
1,68,617.1230617059822,27.8435915503052,97.13309769997919,82.70858456819953,accelerated
1,69,627.6579886199452,28.67331783939437,96.05204911649002,79.4544176789875,accelerated
1,70,621.4006227143468,28.247530163619455,96.5081086766886,84.78351158397292,accelerated
1,71,618.9420316184761,27.188767046442226,93.9037946268967,81.53995663456271,accelerated
1,72,618.2899001814784,26.48710940704752,96.06857860453097,90.46499758716395,accelerated
1,73,621.8817872653804,29.59849077445164,95.70182935854757,76.50555173404429,accelerated
1,74,624.9572294489634,28.58972545581135,95.8273923140719,77.60848903098007,accelerated
1,75,620.4957286390709,29.992042349536522,95.32504024330458,71.22127420253578,accelerated
1,76,624.4095295307112,28.221532018208965,95.46818115736913,73.95440501677898,accelerated
1,77,626.3576866974947,29.714698232879954,95.35497304125485,77.08883149600143,accelerated
1,78,627.5706226470519,29.91781030635186,95.33035261984337,65.4408188382492,accelerated
1,79,620.5046590107739,29.174775295645333,94.65048779784073,70.06514348507277,accelerated
1,80,624.1699497746913,30.129692754356732,95.12950122194091,72.43250821913101,accelerated
1,81,624.4934232444303,27.744533433646126,94.20066460618125,68.27956222139193,accelerated
1,82,620.9709157714767,30.439928729996204,96.6107508323437,74.09380925848659,accelerated
1,83,624.2596713872093,31.45072613684995,95.1686674572021,65.3145701444098,accelerated
1,84,623.3597920093772,29.77753031351187,94.57182318145877,66.85208111187744,accelerated
1,85,625.9817219431496,30.20304602015342,95.33693816974636,70.9532313739317,accelerated
1,86,628.648662406324,28.835102031550097,92.28607886509805,68.67159955619637,accelerated
1,87,621.9993639047537,30.215234598107315,93.60988697394065,53.990097812099904,accelerated
1,88,628.0243881846144,31.31915516030265,94.14348959927328,49.04478853927545,accelerated
1,89,625.0612666552425,31.071804005402548,93.18108843122587,61.91679959889578,accelerated
1,90,626.954070452481,31.379291499601088,94.71958036841414,55.134655295592225,accelerated
1,91,630.8897145049934,30.76147042697303,94.51269546049006,54.33366020463402,accelerated
1,92,626.2701532464255,30.1551972859731,94.30705394007659,66.55854240071172,accelerated
1,93,623.7842965712059,29.54643860212326,95.89117032749361,55.95338161424067,accelerated
1,94,626.1927817840203,32.319904687396075,93.75438446026314,65.13004856773468,accelerated
1,95,630.5337776140178,30.912088591854296,96.4573082132655,51.971425384983306,accelerated
1,96,631.0262861160279,31.81929258040649,95.5417412893988,61.807555983634266,accelerated
1,97,629.1960124471973,30.886582129653817,94.63997214293913,49.61142315123947,accelerated
1,98,635.4401617425799,31.896535331082735,93.7546784486879,52.92340152932454,accelerated
1,99,625.658621131411,30.90838596148935,95.26041390794443,47.71552860514302,accelerated
1,100,626.8592670519541,32.53665275252729,95.185704154663,53.594766553325336,accelerated
1,101,633.2881430574174,31.363204911430536,92.51818933325815,56.506668259777435,accelerated
1,102,629.6319604834736,31.989166983544955,95.20819414184905,50.7811500470033,accelerated
1,103,632.2676633162448,34.52500234490108,93.17648176961985,51.63920064040619,accelerated
1,104,631.3710393746913,32.74859227886326,95.28846842641254,48.53917878144812,accelerated
1,105,633.1148882371489,33.6725073373098,93.33504727045712,40.80395166330497,accelerated
1,106,628.6655724179368,30.753643410623997,95.69620712994032,38.483958171391585,accelerated
1,107,631.4362391292427,32.56318670011108,93.8874066978091,47.078686062696484,accelerated
1,108,634.9814204650792,32.376922561431066,93.35287828621358,43.4128997524415,accelerated
1,109,631.9539266214495,34.68734557601999,93.95097495163826,44.67438893024909,accelerated
1,110,634.9886438060022,34.37347385748533,93.58102155870371,33.51584026022077,accelerated
1,111,634.4990638552579,32.66864310620817,92.81138331825025,41.931820093775464,accelerated
1,112,637.3148492143009,33.46127157673606,93.58883301259897,46.51107472317619,accelerated
1,113,634.6222595384656,36.1616831141804,93.78550964563155,28.19618620422091,accelerated
1,114,636.4600248633136,34.06115838488278,94.44975275408274,39.365906756349794,accelerated
1,115,634.0846320480487,32.57570176371063,92.89097674271397,30.7473977289535,accelerated
1,116,633.0584296505858,34.50857840442061,94.70990450435141,35.9733576491149,accelerated
1,117,631.5123508138945,34.48460266822014,94.17663148664566,29.95108547840309,accelerated
1,118,634.9979484999812,34.17468819472919,92.13510168691776,35.2414021692193,accelerated
1,119,635.3371555541767,34.69953244390703,91.9725078221979,28.812708498382946,accelerated
1,120,638.1671440734833,34.027166847908234,94.5269638512334,28.001819071926988,accelerated
1,121,636.9740541772557,35.45259083187309,91.32163426706697,20.19595594009612,accelerated
1,122,632.0230310562897,35.90258410342718,92.12814185410755,40.79099642834126,accelerated
1,123,635.2072572040278,34.94455130319704,94.16210995256787,37.03046444079561,accelerated
1,124,643.3845107299093,36.08836623059314,93.58406252581146,28.962634746005914,accelerated
1,125,639.8350832284999,34.44881428367147,91.68180111657769,24.98312771294524,accelerated
1,126,637.2894461324252,34.666771950672725,93.13638744745671,28.776526042852552,accelerated
1,127,638.3652206588756,36.717530081055266,91.2383108858665,22.03170270360141,accelerated
1,128,636.2495330381915,33.49346338292694,92.23731931415729,21.39126245808358,accelerated
1,129,643.2403492297265,36.110811684554776,91.2358131756708,30.27046283167094,accelerated
1,130,642.663101086576,36.182097703468614,91.97351590115017,15.202803816382602,accelerated
1,131,638.1833796717868,36.80874861970418,94.0245863059346,26.716217641360945,accelerated
1,132,638.1334517346412,34.720382566710995,92.2208862469112,9.157803172185742,accelerated
1,133,640.8695031425543,35.81239741370133,91.55396349813175,9.026484663666022,accelerated
1,134,641.7408003197093,35.547299160338085,90.79008316428973,1.6386889335917534,accelerated
1,135,640.4174552848481,37.97225159666975,93.56125921454787,12.714518717068641,accelerated
1,136,638.9933638189146,36.78877425607502,90.8416145608117,15.50895949909733,accelerated
1,137,643.3982408351541,37.66693322388431,91.67984592352005,11.981631249115171,accelerated
1,138,638.7660522397302,35.733119645960144,91.49352110809848,13.836827534080891,accelerated
1,139,644.4407538786998,35.87682104931965,93.15268856895952,9.644381994787157,accelerated
1,140,641.9358981169547,36.05278832085217,89.17575973972706,14.420226981805248,accelerated
1,141,644.5105316912773,36.63867244288179,91.60699071722487,11.579696088520498,accelerated
1,142,637.9123624293404,36.51094732265371,92.27426467962184,1.7285528841537534,accelerated
1,143,643.7806737964999,35.803418195376594,91.88642998243353,6.821792588512582,accelerated
1,144,638.3546045522835,38.44473935445717,90.62540842320195,1.9487378149280952,accelerated
1,145,644.1017075916928,38.548637349428724,90.2841781810216,5.308399249239859,accelerated
1,146,645.0864495009916,38.21310560726314,91.41644155527722,2.1648608045833884,accelerated
1,147,641.6172293380539,37.726143883046376,90.1078609880144,0.0,accelerated
1,148,645.709679412473,38.6639348410862,88.75706756445817,0.0,accelerated
1,149,646.5574627830157,39.93749546971169,91.08079370767541,0.0,accelerated
1,150,644.4513106766855,39.37487641914819,90.35403582087547,0.0,accelerated
1,151,643.8517694334539,37.16667139174129,91.0626703159948,7.123392292347804,accelerated
1,152,646.5692378193481,37.98764649787371,90.58818873108446,0.0,accelerated
1,153,648.5493293314414,38.282162802987195,90.63952008640936,12.965537839224304,accelerated
1,154,647.0962587250971,37.72820894990482,90.33364240379446,1.7422285459837745,accelerated
1,155,646.8398112316133,37.161722021682635,91.6192289345752,0.0,accelerated
1,156,652.4198933286526,39.80004806571465,90.19267810434125,0.40508180867556476,accelerated
1,157,647.3035665315822,39.692773675122226,91.06473281729447,0.0,accelerated
1,158,645.4693505030476,39.989960817581164,90.18522466789345,0.0,accelerated
1,159,644.834632261952,39.50359906559346,92.52252491924315,0.0,accelerated
1,160,648.0726583700183,40.61222055541543,90.32035860875429,0.0,accelerated
1,161,645.1128194155593,39.74830709720765,90.15285573499546,0.0,accelerated
1,162,652.1621581546942,42.02956364201861,90.85963317321358,0.0,accelerated
1,163,649.483152904732,39.20683370718931,90.55848384346169,0.0,accelerated
1,164,649.705382928809,40.99759753560796,89.15345743472035,0.0,accelerated
1,165,653.4513452020196,39.681931473008916,87.9781451009914,0.0,accelerated
1,166,653.6909836396833,39.89713193770112,89.04069776770508,0.0,accelerated
1,167,652.6218600795137,40.58673356820139,89.74106790083032,0.0,accelerated
1,168,649.2247255528686,39.237589815501494,91.53537568946945,0.0,accelerated
1,169,654.3514755624765,41.801316051922456,90.85831089814796,0.0,accelerated
1,170,652.2111902710099,40.37580439360909,88.89629813926987,0.0,accelerated
1,171,647.7628806265205,41.70767938846156,89.2753827027016,0.0,accelerated
1,172,652.4498636146385,40.381095026295924,90.26669380147528,0.0,accelerated
1,173,654.5138918923717,39.414020319753256,89.74637957954641,0.0,accelerated
1,174,649.1990060261833,40.20225502947515,90.07390784965892,0.0,accelerated
1,175,653.5518902978207,41.48918713014766,90.13472146856176,0.0,accelerated
1,176,654.0294559707855,40.87874234538146,90.11257370120273,0.0,accelerated
1,177,652.7020987608523,40.26547069532936,90.48708066928697,0.0,accelerated
1,178,646.8819913619578,42.20742167715042,88.78467181404606,0.0,accelerated
1,179,654.6959409917071,41.67049967977907,89.96945181713905,0.0,accelerated
1,180,655.5393173945282,41.34045332241608,89.93881048088751,0.0,accelerated
1,181,651.4936838938662,42.80598211617503,88.60403655488595,0.0,accelerated
1,182,655.701861940204,43.67818367679513,88.85653401762815,0.0,accelerated
1,183,654.8417411823368,41.65682021716572,89.81994190194204,0.0,accelerated
1,184,652.038952742561,41.012197078420805,89.91030759197358,0.0,accelerated
1,185,655.1866523443875,42.03117827680999,88.97005216311318,0.0,accelerated
1,186,653.0179405974283,42.558368982734784,89.81519762978243,0.0,accelerated
1,187,656.6687448497962,43.44104609256714,86.07676770700077,0.0,accelerated
1,188,654.4377729506177,40.729367103143545,89.23120259952498,0.0,accelerated
1,189,656.287654456117,43.63287454720294,90.27227825798865,0.0,accelerated
1,190,661.9198935881142,43.54212749107189,88.67543363890158,0.0,accelerated
1,191,656.5618125356101,42.07675340468381,90.7109427174978,0.0,accelerated
1,192,657.9696144203534,43.59148537604047,88.52360244637246,0.0,accelerated
1,193,656.0320519147966,43.354607455237236,87.67752941430196,0.0,accelerated
1,194,656.3646927272841,43.242963202951586,87.93069777548274,0.0,accelerated
1,195,654.2810476089845,43.31689442737131,86.795279625969,0.0,accelerated
1,196,659.0473192588034,42.06244850053506,87.93079092295014,0.0,accelerated
1,197,660.0575235312575,44.98045044602315,86.30482753035426,0.0,accelerated
1,198,658.9196016133001,44.43134007645047,88.33319662823769,0.0,accelerated
1,199,658.7428381930002,43.08397414319651,89.1360071385986,0.0,accelerated
1,200,665.7035720572591,43.93933918618538,87.29159323308954,0.0,accelerated
1,201,654.8905809712321,42.53586405699451,88.20712665101148,0.0,accelerated
1,202,655.8564278939036,45.13503831407611,87.39693894831656,0.0,accelerated
1,203,665.7366618847662,45.256839315865534,87.55146935209416,0.0,accelerated
1,204,654.7445537960122,43.76084668075758,87.54886976117231,0.0,accelerated
1,205,661.1062290987231,44.67685188295877,87.47514401819193,0.0,accelerated
1,206,662.3059640159001,45.16194064956941,86.54960092255716,0.0,accelerated
1,207,661.8042356031473,44.85884962294485,88.28821442325656,0.0,accelerated
1,208,665.2594099017397,45.247124165201825,86.90756262535956,0.0,accelerated
1,209,659.2688213780381,45.18855970577652,87.42677000935555,0.0,accelerated
1,210,662.6143874656832,43.318150954502364,86.85127509225904,0.0,accelerated
1,211,663.7795691759922,44.29232485907404,88.60570784086471,0.0,accelerated
1,212,666.5083716015803,45.86719436187168,86.63377269015619,0.0,accelerated
1,213,660.3190895047305,46.479154173610006,88.22058231804297,0.0,accelerated
1,214,668.377395900193,45.42995348540106,87.44869362927986,0.0,accelerated
1,215,664.0970737755883,46.610808273159776,87.89348872055221,0.0,accelerated
1,216,668.7130207286344,44.257508011964326,88.07254620434165,0.0,accelerated
1,217,661.8271007093545,45.62918571204541,85.87429533151406,0.0,accelerated
1,218,664.4758971474428,46.939660532269336,88.2303087461196,0.0,accelerated
1,219,664.0134959202651,46.070778126255476,85.17656180777905,0.0,accelerated
1,220,668.8945548992924,48.015582823548236,85.56565112812008,0.0,accelerated
1,221,666.2207827291231,46.800161158819606,85.93039648007834,0.0,accelerated
1,222,665.1784819587873,46.62554772912172,87.22628424800371,0.0,accelerated
1,223,665.5908423284203,46.65039019607417,86.53163704079466,0.0,accelerated
1,224,666.4236118119987,48.47864717050472,87.12091944794125,0.0,accelerated
1,225,669.5908632135322,46.66618051024399,87.67312463758664,0.0,accelerated
1,226,667.4780935679872,47.56771692581028,84.8691238479315,0.0,accelerated
1,227,664.5182249808029,47.382943094763704,88.11251499948509,0.0,accelerated
1,228,670.3141533043223,47.86084447494446,84.51894226584726,0.0,accelerated
1,229,666.3366487442753,46.85915240174889,86.0918561814152,0.0,accelerated
1,230,663.0621005688727,48.34791025611754,85.12725697426019,0.0,accelerated
1,231,675.5222480092499,46.80061540841358,83.60971247725367,0.0,accelerated
1,232,672.9028789049958,49.7983474542206,84.85045040554758,0.0,accelerated
1,233,668.5040686296599,47.85405164569586,88.66434334701702,0.0,accelerated
1,234,670.9612189844838,48.54769317176543,87.04578632493934,0.0,accelerated
1,235,671.4241516185123,47.80835143257821,86.16912694124511,0.0,accelerated
1,236,672.6647156695681,47.950389663956365,86.21710039390219,0.0,accelerated
1,237,674.4781507523165,48.38860627641151,84.00696753179312,0.0,accelerated
1,238,668.6828030974121,47.90623366135118,85.1243387059565,0.0,accelerated
1,239,665.2929773580639,51.81774853366,86.71605680906605,0.0,accelerated
1,240,671.8353179981511,49.085554074857654,86.12112242837934,0.0,accelerated
1,241,673.9668133980103,49.00958068125525,85.34266157969266,0.0,accelerated
1,242,672.015275158942,50.17377009686707,86.07355672228087,0.0,accelerated
1,243,674.8677023295893,49.35473619471877,85.4012912435541,0.0,accelerated
1,244,676.5723381599581,50.22752646212286,84.58712233217639,0.0,accelerated
1,245,670.5850297963761,48.020381835211076,84.67328277541003,0.0,accelerated
1,246,676.6593751361282,50.03308542009729,85.965095786848,0.0,accelerated
1,247,672.1755552143312,50.07192254467394,85.98040952522769,0.0,accelerated
1,248,677.9667401144239,50.468303847201064,85.47144820754158,0.0,accelerated
1,249,674.6204362222529,48.998125348772284,84.89693303605624,0.0,accelerated
2,0,597.9744651750768,19.855481329284483,99.20758007900004,248.4601923518048,normal
2,1,594.5191559991387,20.293293707372936,99.96120547536222,244.91455684465905,normal
2,2,602.3777370052971,21.09757013762656,98.31244013563102,244.18637610716894,normal
2,3,598.2925729506381,19.300096898891134,100.70947484193174,246.03086930613597,normal
2,4,600.0064554760681,18.316137635593247,100.47541803020923,239.80370802573265,normal
2,5,601.179797890799,20.67737693795819,101.16065859583865,238.45589800440445,normal
2,6,592.1414635325376,20.663849544753695,101.56051118151086,250.1947317646972,normal
2,7,602.0289782458239,20.068363814367952,100.52712259663731,238.13226900147765,normal
2,8,603.0290733080686,21.145470159166628,100.74020990749888,255.7983001945554,normal
2,9,602.9772479015362,20.2110363742925,99.61442568780801,232.1546204755544,normal
2,10,599.9158606067328,20.3907175618869,99.0759116020654,240.7617743601686,normal
2,11,599.7327402028534,22.00103066732447,99.5602070649182,238.95349839430693,normal
2,12,601.4163158504613,21.11519068385898,100.34509826466763,233.6643489214455,normal
2,13,600.6256505327742,20.736273971223333,98.13412907652679,232.9037107013925,normal
2,14,601.371337379366,21.99438918071273,99.70256132900192,236.9679495568377,normal
2,15,605.5526938865039,21.062628211600604,99.7904648499289,234.48389123533752,normal
2,16,603.9960870481989,20.69724134238842,96.92118284172356,233.32860418906847,normal
2,17,607.6682444082998,22.28621540224159,100.28539748459116,239.18065360903108,normal
2,18,603.8659727728843,21.637315707405598,98.66234810456565,230.41963571986474,normal
2,19,605.6473134493134,22.723884437168817,99.100553724319,228.74905367574294,normal
2,20,604.0015838765698,22.201206748929117,97.75614518386647,218.5190952343138,normal
2,21,602.5483894515253,20.45928757408584,98.65185980235269,228.26109840591263,normal
2,22,603.0402547729309,23.212467534470747,99.44674476460233,229.50237179805413,normal
2,23,606.4666214321302,20.70116688221923,100.11911178742027,226.6211785673227,normal
2,24,606.8114418517235,20.848142766959846,97.48624123398395,230.08944829012515,normal
2,25,606.1292285782926,21.09794844564249,98.1303369187253,230.62717392207384,normal
2,26,601.631764321398,23.722672953255962,98.05937926535212,227.19195962804193,normal
2,27,604.414144572753,22.763187431082343,98.3758859978858,222.18603546963854,normal
2,28,605.7227575261871,21.237812544218528,99.62082434542012,219.43393216764207,normal
2,29,605.1142002539799,21.32565062539149,96.2776663412047,220.04486118699916,normal
2,30,613.2378462648387,23.184604287898022,98.7807396202656,218.68554585395867,normal
2,31,606.2673976784362,23.02711911517521,97.57918718469116,224.57160847334436,normal
2,32,608.5461439463237,23.278185725707935,99.15847573880973,218.09808328846995,normal
2,33,608.6185837079005,23.231814133741377,98.32595928905899,214.1319911355155,normal
2,34,607.1055688857859,24.269020151495187,97.4008929243461,208.6623736712378,normal
2,35,607.4942825237096,22.850887701856017,98.7733416643704,216.2197659895425,normal
2,36,606.5303932360956,24.36986343860208,96.9590960215235,209.85751487609878,normal
2,37,607.0902357195529,21.316811188845833,98.34414559556792,221.3073508286401,normal
2,38,607.662659464888,23.270700905718684,97.21983523482743,208.9181929598026,normal
2,39,606.6744108590282,22.802284903243766,99.72164379500377,213.78845530362562,normal
2,40,604.6656261291889,23.446504778432004,98.8982217484968,215.70074519260632,normal
2,41,612.9416220597052,22.26490580817213,97.54914248878966,202.7121107054269,normal
2,42,607.697940422679,23.826358374446333,99.3073345165891,207.6202448817874,normal
2,43,607.6404574302355,23.59175799224874,97.44485709836998,217.44769360847386,normal
2,44,603.9770169186457,23.704740578895724,100.26360621922963,206.0339992228,normal
2,45,608.4298828949956,23.242554577189573,98.0196083182376,211.86424237338264,normal
2,46,602.5644142660116,25.213433701296324,96.73604284754985,202.66673835382792,normal
2,47,608.112266739104,24.348553269770722,96.52187564811625,205.31086333040972,normal
2,48,615.6729288698606,22.47682599540719,98.2697061676104,198.69008911101696,normal
2,49,611.0776616185791,23.939147777415755,97.3985130909557,203.43936142435538,normal
2,50,615.4130443293602,23.809096208272702,98.71975794214818,193.53363521064418,normal
2,51,607.3306908695461,24.55240627788038,99.44411602853596,200.7780667439283,normal
2,52,609.4608259084305,24.159291405423353,96.66959226603028,201.02257663177684,normal
2,53,613.2469991869702,23.78790966716692,97.4099578522405,198.32939114826024,normal
2,54,609.4898407918781,24.25386738537418,99.93972178916651,194.76487149627002,normal
2,55,609.9249795439364,23.752458194364838,98.54419197149993,194.0938791339095,normal
2,56,609.2518808850358,25.801304032273013,99.17960300451364,190.9978821713065,normal
2,57,605.8003801459181,25.567513689836925,97.03537017424,196.95312799581384,normal
2,58,605.6896885468645,25.53259733829931,96.46882807071923,195.65382059533263,normal
2,59,611.8428192035093,23.766060580603355,97.23296368707322,194.4315922847835,normal
2,60,612.3176833593457,25.384412980472487,99.57644058451548,182.17879194144473,normal
2,61,617.051637724906,24.984355937523215,96.66121595167688,182.34843187130505,normal
2,62,611.8326388276689,25.88165011192446,97.39245087962246,195.55577465123673,normal
2,63,608.2464729298454,25.027911052153943,96.22760655558689,188.81815941312485,normal
2,64,615.4606621702918,24.69923820631895,94.83578614337286,186.99474073398247,normal
2,65,614.3102156552005,25.604294754961696,98.63578219182216,179.64473160175476,normal
2,66,615.2406483163514,26.472507512477975,95.58141241599348,185.59825912959488,normal
2,67,611.8874605069769,25.278477326898354,97.66767648353833,180.56385717943223,normal
2,68,611.5728757625152,25.474152417488025,96.1927540611372,176.57087435557406,normal
2,69,615.8381198488695,24.371205964841344,97.90631250090921,183.31295646426975,normal
2,70,608.8225798136282,24.922435347664347,98.39410940304738,175.0941723443016,normal
2,71,612.8067872130719,26.142060893251895,97.9433905092826,177.74230556977753,normal
2,72,612.607469415925,27.182369861698508,98.85889966379759,182.894290253909,normal
2,73,614.8559544276951,25.031734278359075,96.24955559344343,179.6125705263288,normal
2,74,616.055194662666,27.32159859294643,97.69045009253614,168.4845984912009,normal
2,75,618.1558428531688,25.001939372685587,96.61602872804765,176.25100103125848,normal
2,76,621.1870024693519,29.189918556005363,97.56672305913618,173.08401690639806,normal
2,77,617.0035169454417,27.047655425873835,96.59933237444281,181.97605677956162,normal
2,78,616.2902122775743,26.737743089091396,97.54592425205446,174.1079330530723,normal
2,79,618.3168215014088,25.70274681345308,96.28169824605398,165.49922883514154,normal
2,80,617.3185036918607,27.178936503512112,97.25777286615188,178.37246216673768,normal
2,81,616.1832119435129,27.148741655592513,95.66829912386069,167.064501487628,normal
2,82,618.4866132726974,27.409102110743145,96.42603305233581,167.64200374070967,normal
2,83,612.0463787599576,26.282970799193393,97.5703831635198,169.87602508053283,normal
2,84,618.3019971641436,26.769773687180958,96.64706315862817,162.69839430263278,normal
2,85,619.0964852606076,27.22097294438939,97.09201884799279,162.3698257866621,normal
2,86,610.7399712403864,27.977152711753696,96.0811625439916,159.6861211797844,normal
2,87,619.4804367357419,26.56798736008087,97.57993638404662,166.08502974788348,normal
2,88,619.6507079696014,25.674044288799465,97.6919439853864,163.30625265616928,normal
2,89,616.6921685822614,27.263388467342253,94.66376476710168,163.04326405740335,normal
2,90,614.9118854754538,25.847329714156466,94.87764081378211,165.56344187494963,normal
2,91,616.3122098189217,28.8137277099165,95.8241985369477,150.46321021203528,normal
2,92,615.050426680154,28.595811620006938,96.16410182206333,155.258563517547,normal
2,93,619.0800546775583,27.941782736167546,97.39739881590246,164.24249614946464,normal
2,94,617.7206940626327,26.19395231391796,95.82653483887673,157.30140253291444,normal
2,95,616.1087232213682,26.64284908510496,96.54378788154989,154.75673824214775,normal
2,96,619.2983909862348,26.92150466529993,95.92959928579423,149.37883427865847,normal
2,97,622.0705952333743,28.795249334723753,94.27381213776191,148.35244569903796,normal
2,98,615.1104122347298,27.1899760655931,95.99656203020963,144.75177390150736,normal
2,99,617.034420560624,26.916042627918504,96.24726732939895,151.34672168518125,normal
2,100,617.8347873399882,28.1768208721394,95.45331991541273,148.64172444836973,normal
2,101,625.2203562708956,29.42046105179035,94.6604187630724,153.14866208939588,normal
2,102,622.8341896634747,27.011736711247387,96.73877764375486,155.68965959206275,normal
2,103,617.2323655812668,27.32249717898574,96.8976614668435,148.35747655412823,normal
2,104,622.4544288257185,28.660589216400496,96.23069592092814,139.3676393584446,normal
2,105,624.1419531198643,29.569589992427773,95.57060925593197,144.7826152509307,normal
2,106,616.6066774923329,28.99425475601784,96.33205744171416,143.68904491500345,normal
2,107,624.7730600796115,28.225922769020062,96.2846059258936,137.90167830653942,normal
2,108,621.5293435473773,28.465645742097166,95.90530792204095,140.1523653558332,normal
2,109,621.405582212985,29.546047171441504,95.20323576276178,132.9671144963066,normal
2,110,627.2487517126162,30.181454078690486,94.30773730489437,143.44853902622597,normal
2,111,620.691075688346,29.143487215331064,95.8542241290135,137.82796099841838,normal
2,112,620.0487030032408,28.26945894768374,94.60380808451875,133.84088895884778,normal
2,113,622.398465129852,28.32424001088925,96.16205206571263,144.43623077667962,normal
2,114,621.0598402758898,29.359404500535376,95.93968511030293,138.36001135459637,normal
2,115,623.2278658037483,29.942682418359727,95.88224895268067,128.8116878883635,normal
2,116,625.8074681931679,30.167290837266744,94.59671389582142,134.18968917723802,normal
2,117,625.4499869784332,29.15068618042064,96.39297804776601,144.81936247309682,normal
2,118,621.242041902095,28.058955396846226,95.58381859560488,135.60781252563072,normal
2,119,623.1074008784657,30.97326066332104,93.90139420027674,134.46459311515807,normal
2,120,622.1824175377233,31.319377906207297,97.19251535316812,126.16671706108326,normal
2,121,622.5513285922743,30.539587886979803,94.77286935021048,128.7729439103388,normal
2,122,624.4761652616272,27.840326843802345,95.10616225390577,124.55136112967914,normal
2,123,623.1206315328008,31.283632003468817,93.82349310572074,131.0660259337399,normal
2,124,623.9631112090045,29.640239831504168,95.8303718960517,127.70025647284446,normal
2,125,626.7118389916586,30.96818466053286,94.66869161681667,121.93881632746125,normal
2,126,621.9445484203267,29.254589470021045,97.90909442530872,130.22339790368395,normal
2,127,621.346776901376,28.837542043256434,95.4018660617185,125.73632398688983,normal
2,128,627.2466515059522,29.985044206446304,94.7545457399971,123.63939762079679,normal
2,129,626.05767901888,28.100699627252464,94.6102003694248,116.74296782869843,normal
2,130,626.5256342567255,33.385259002603405,95.1674816654743,118.432351569138,normal
2,131,628.9654045059318,30.962687887209217,95.18009449045185,122.03425296607836,normal
2,132,632.5696306944886,29.429111564674088,95.19363207681145,113.3680943500923,normal
2,133,628.2665379390268,29.721313488513907,94.26263318639492,115.52455042881047,normal
2,134,629.7274501580341,31.63845444394241,93.39428262355362,116.27467055499925,normal
2,135,624.8712604357524,29.541495089324666,94.38298294957562,113.4575860577209,normal
2,136,634.4801494590366,31.3129598253607,93.18238249924576,111.17612997914529,normal
2,137,630.4641498862882,33.048442772869926,92.93401668776204,103.60037807430477,normal
2,138,633.2128955261154,31.429614177370905,93.61170726812364,114.67314543061218,normal
2,139,619.8927567829493,31.123375506597164,94.76782117284309,115.62135069768915,normal
2,140,624.9583121431224,31.285687161403363,93.47457537394043,111.27691877837158,normal
2,141,625.513961032911,30.87189916083978,93.36418460520977,112.25568120911828,normal
2,142,630.97535334997,31.125379430042585,94.35823799496002,100.75704292683228,normal
2,143,627.7009700559796,31.389795382958255,96.90079309102998,101.44016487112918,normal
2,144,633.1925317162572,32.51685877346581,94.52063640449013,114.79310242097567,normal
2,145,630.1163164178206,31.98915919566793,94.14687934698246,111.11784441209313,normal
2,146,632.4894077014327,31.054322712503787,92.84075280540122,102.98509681302171,normal
2,147,626.9998843068071,31.696475425384648,95.35743813468414,100.71349172456605,normal
2,148,629.4715298560653,31.8980227348084,94.92843088220528,90.76555333007697,normal
2,149,627.979899115704,32.131283692279474,95.24007895642686,98.54048776246897,normal
2,150,624.3703418818744,32.61971144596614,93.36463761117437,94.0516667045482,normal
2,151,628.3269638308603,31.895474642344148,93.35525533546178,87.97216971450466,normal
2,152,633.0911985906614,33.43487504127872,94.57152199133951,92.31157164787592,normal
2,153,629.9955253981575,32.233478684770546,94.47879438956191,100.3417024435904,normal
2,154,628.5974786036645,32.40199555641356,94.29728040461525,103.27911161073384,normal
2,155,633.1135196194741,33.18905668737552,93.88382662792935,102.05229572601752,normal
2,156,632.4292883878785,31.618912089826434,95.1633699701252,97.48951636269514,normal
2,157,630.0708679366145,32.08050703260076,94.01657554514077,95.31592397633793,normal
2,158,632.1918767968937,32.95130867344289,95.37995737457639,97.35771576117443,normal
2,159,632.371906773795,33.661310580767484,92.60747609647247,92.98963524973405,normal
2,160,637.4279190491993,32.581954104607625,92.7523660713809,86.73955555703469,normal
2,161,628.9311008879729,32.0952380918723,93.18949190140998,81.97216490410679,normal
2,162,632.4468550018488,33.86227717378665,92.61224381985308,95.59641961820884,normal
2,163,634.1323762655828,34.07058058562406,92.82216544614786,91.27262613533308,normal
2,164,629.524198298814,34.01024750083651,93.61183933979353,88.76625609992392,normal
2,165,629.4732161831255,32.3049301577234,93.9972282182534,80.258259978879,normal
2,166,634.5896188762974,31.912862193539755,94.20817421266666,77.83738342615746,normal
2,167,635.0568998130385,33.985630933646,92.62322818157041,85.91013283542364,normal
2,168,634.3813267900007,32.90115814380726,92.2714453159238,72.1868715416371,normal
2,169,634.8489501418991,31.95519722863795,93.33534419944131,79.68275891958875,normal
2,170,636.0374283263146,33.29795450051014,92.87055221365291,83.65935352144147,normal
2,171,635.2051740872524,33.99615595718278,93.62926758980852,71.32213938396447,normal
2,172,636.6703660399609,34.3724687940136,92.1033168714235,76.77959763162899,normal
2,173,634.4820781371171,33.70550321559827,93.41385996656854,84.15683390915592,normal
2,174,638.0453001830184,32.6077808065686,93.66206999030604,82.64466659767704,normal
2,175,636.1604255620676,35.09098042518597,95.01227044570076,80.11854773053491,normal
2,176,635.9479257869252,35.12508847408475,93.10488783309688,74.11951521642477,normal
2,177,634.3457572928588,35.723413358832104,92.101571334058,80.66183862339058,normal
2,178,637.0995923712211,32.84069382519806,93.24764929299141,61.49986746174188,normal
2,179,637.6765240504931,35.20523148298899,92.24764404434795,71.61773847977791,normal
2,180,641.8624723012508,33.89425329573806,91.7410924129434,77.40831701231299,normal
2,181,642.0877615715924,34.483695671847855,93.77146303540836,75.70737957765441,normal
2,182,634.1725473023848,34.074694164632135,93.95087451315473,76.42507139354255,normal
2,183,638.2886425805231,33.760185646497945,94.66706111169945,64.34514551094017,normal
2,184,635.7945866564856,35.06233783448962,94.19416042071478,70.26987988276112,normal
2,185,638.2445965010858,35.2632885301181,92.64351466864346,67.79069757259253,normal
2,186,629.6113197669172,34.583392540930205,92.80132193491679,58.24492958190247,normal
2,187,638.5589699534347,34.75552877901388,94.27547569831549,70.86509862607429,normal
2,188,636.2025832926455,34.889162288433305,92.40605243439161,59.74170261920189,normal
2,189,638.3850749520843,34.361717931112416,91.30938466506247,64.11355611950134,normal
2,190,639.8885887526654,34.39568424034001,93.29535543076261,56.84211135417334,normal
2,191,638.959495714114,36.10034401261246,92.32638743529628,61.273704560705674,normal
2,192,636.8507110683373,35.1635334165719,92.11414056911966,54.26710826729881,normal
2,193,638.0696775106527,33.891381701136254,91.7888462528579,55.575622533151645,normal
2,194,638.0314607425138,35.278502554129226,92.17823580013986,58.39720759043032,normal
2,195,641.6235512223976,34.950234773151735,90.99679914461086,49.78977793878448,normal
2,196,637.7383912364153,35.32807868218349,91.39000393380253,47.51941667875053,normal
2,197,638.0316375175775,35.94142662011398,92.71502946583557,50.21288473445839,normal
2,198,638.3610065335697,34.91330169115269,92.04856082962522,47.75785682904593,normal
2,199,641.5193834397236,34.134133508065894,91.68037032754754,52.50553669595871,normal
2,200,640.5515035489675,38.69303366398049,92.34980002456791,44.97972701578995,normal
2,201,639.9136072587328,34.303753666533545,91.87940025070323,44.834719714996204,normal
2,202,643.1461708266804,35.61045972540447,91.80323408420476,44.822210792977984,normal
2,203,645.81655405556,35.91875723388209,93.7125570434792,51.07075881059133,normal
2,204,642.2462001820061,36.68873314731753,92.23379729821626,36.361637103271946,normal
2,205,640.1633498175478,37.24515797118433,91.75110281652589,37.97405076598213,normal
2,206,641.0427866482677,38.18410551625549,93.00689171553472,43.68997995316984,normal
2,207,644.2543478311742,36.19349297963195,90.01612841317328,38.377670059352226,normal
2,208,646.2886663055247,36.3660069181707,91.436616020625,40.500809018625596,normal
2,209,647.512409768719,38.34595891536206,93.85878023344813,40.20477394799974,normal
2,210,642.8868734662412,35.2833574505792,93.07693442611827,34.16110224366032,normal
2,211,642.8503266912879,35.78269747236716,90.97113317326131,34.8136878447515,normal
2,212,640.5763742179726,36.42087729685103,90.97173120507492,42.16666955890153,normal
2,213,639.2854116208125,37.26054142701388,92.69795915230556,34.43401817743302,normal
2,214,640.6462433277571,36.88947537481975,92.6197252083607,36.970538154766786,normal
2,215,641.4063571161772,37.683876651188044,90.29770785016358,38.40679755221474,normal
2,216,644.4258219231053,36.97219152886112,90.52141420155277,29.566595388582712,normal
2,217,645.0044520090377,38.588980502489065,90.6826922529712,35.29193351775742,normal
2,218,637.3389189441938,36.8553822693428,91.2489410671291,27.45158291509083,normal
2,219,640.9904808756312,36.85222044353112,91.53219272832636,30.063354907968126,normal
2,220,637.2853063000251,35.479299847364935,90.59313482214283,32.28843293026776,normal
2,221,635.9574854718244,37.18026982384838,90.63375214348258,35.94168889104224,normal
2,222,643.2449345648614,38.14298898474093,91.26125714008747,17.347167600964,normal
2,223,646.9046216498953,38.055396505456294,91.58826863967458,46.63118853218163,normal
2,224,638.5476611815042,39.64469664976111,90.75255248059963,27.436644522015047,normal
2,225,644.8634632640963,37.57576366660196,90.43016707176125,26.647543677865045,normal
2,226,640.648478909985,38.83057916752176,90.54380559511473,18.34965330479821,normal
2,227,644.0499614260125,39.417149216862576,90.38466491298378,24.7922680910481,normal
2,228,643.4071311728536,38.99792184992362,91.5655077387902,31.243044166482058,normal
2,229,645.2733081635023,38.988654804757914,90.93806753953895,27.47935890931507,normal
2,230,643.8435028371738,39.14500531287729,90.60530270388331,19.679059114457512,normal
2,231,646.4752574533452,38.73224039642668,90.64377095687804,20.073565915852633,normal
2,232,651.1343541726866,39.54544968561522,91.5891545924969,15.722302369880646,normal
2,233,643.932277515315,39.59530055823775,91.5560467925298,24.36335337875491,normal
2,234,644.9880581220923,38.49045134463965,89.00051583747457,14.037644469695636,normal
2,235,649.9897115317383,38.3335046207718,91.24047979520081,14.047484470010943,normal
2,236,648.1721710846647,37.73230861018433,90.64520944963391,0.0,normal
2,237,646.8393115255141,37.32952675628487,91.7259945165468,16.887036763822557,normal
2,238,649.0000129458982,40.56100622715939,89.53108347917517,20.736815989577792,normal
2,239,650.5965746927811,38.883444712781056,91.57562014718295,5.468532437941829,normal
2,240,645.526457515417,38.5914102767603,89.87102229193599,4.717211786198736,normal
2,241,651.869249201286,39.02114559963017,90.71250496835688,6.148243167931597,normal
2,242,642.9381900983544,39.63005735839142,88.40774502458022,7.656829769572657,normal
2,243,644.4950548835016,41.42727599923081,91.19136272217472,7.528768956357402,normal
2,244,652.591120032964,38.67368402253427,90.7834793786701,6.999052168593567,normal
2,245,649.792060244001,40.87235350010677,90.9324921027798,6.443618314125116,normal
2,246,644.2353376913152,38.719953704720545,90.03729106640428,4.466861871383256,normal
2,247,646.0093888259782,42.171676675578425,91.63639405525358,6.0105916019624175,normal
2,248,649.8161105838512,39.627791030098855,89.12808153997776,2.3874025925943125,normal
2,249,650.5732576204282,38.67823942451838,90.37417641724488,0.22370475587625627,normal
3,0,594.2765773263678,19.139614989220497,99.58639446657835,309.43843828670094,standard
3,1,601.8196593736012,18.72451843090011,100.45603628941764,291.26348005530815,standard
3,2,603.5480731616611,19.648875348182123,99.84636381126083,304.62898323771094,standard
3,3,596.5885092942473,18.78288181488701,99.32640067365399,302.1918942550966,standard
3,4,596.0419617735695,17.40784440188943,99.428841141591,298.7587039995546,standard
3,5,604.3507852492165,19.836838637914603,99.438573392884,300.76950367127876,standard
3,6,595.2907749009137,19.97147922481699,100.01042388992505,296.2460936064252,standard
3,7,599.5205799204273,20.454441011705843,97.30167264658702,289.70875793833073,standard
3,8,602.5605261376635,19.497705965745322,99.8189842215896,294.2343625040135,standard
3,9,600.3223523974267,20.71046377099657,98.7672674347154,289.96694360151974,standard
3,10,603.3306485087677,20.756972960968437,99.11346873043607,291.12108202145396,standard
3,11,603.7938293719099,18.610058721422522,100.8290740649559,287.3187263065946,standard
3,12,603.0764697997206,21.917246923645227,98.26832630276954,284.45279498786226,standard
3,13,601.0843539123729,19.996246478875573,101.34493657583681,282.71613953086603,standard
3,14,600.4333596615394,21.044389031602975,98.37785047392391,284.02159644121866,standard
3,15,603.2023597837506,20.567139595617487,99.45661314110005,282.35333943775817,standard
3,16,597.8565890724577,21.28159321133924,101.27493307164724,284.09200815391716,standard
3,17,603.2257923517426,21.712722755116857,98.2206695034533,291.51257329064805,standard
3,18,603.3069863892684,22.711856899089106,98.72696700447601,291.0903096127891,standard
3,19,605.1754664821044,21.69304008585236,99.66402445435315,279.75735690962773,standard
3,20,606.6015949754216,21.340359869848047,97.43293029641285,274.414067691465,standard
3,21,602.5924627434217,21.569998983165558,99.31341151110011,285.0948539489683,standard
3,22,597.446694407884,21.46358793650516,97.52202077461286,281.79856147742083,standard
3,23,603.166623856674,21.79960997202412,98.44611703941024,283.39732465828877,standard
3,24,606.7251739921766,22.02354430301189,99.15048275313656,278.89928642647567,standard
3,25,601.6293222960379,22.355555659020713,100.89948089432391,280.3530527998959,standard
3,26,601.7111925905778,21.9214173172731,97.92685845624135,276.86195155587836,standard
3,27,605.4018102385876,19.750183660467837,98.02821615608764,271.5843055162812,standard
3,28,603.2974207585776,20.470523064581194,99.54897872935219,273.25736804470256,standard
3,29,603.7671926040645,20.984208499841635,100.17870712641655,279.27703556544145,standard
3,30,603.0493155484604,21.18783308284518,99.59120766541199,268.2098531012651,standard
3,31,604.2318083980102,22.59965315172467,97.1606439124927,275.5915116242633,standard
3,32,605.018041572988,21.508506855437822,98.95076584577856,267.8121467751026,standard
3,33,599.7563960896653,23.474938227453237,99.05132563227062,269.21501065223686,standard
3,34,607.9546493117222,21.018837542439698,99.45347189903524,264.66179454550604,standard
3,35,607.7903123256494,19.972772579648506,98.85090569975874,261.98589672108017,standard
3,36,606.6967888519024,22.630044187368203,98.21237410517797,260.4391306791198,standard
3,37,605.2180038943279,21.32335777268479,99.73198369545213,261.1539639977628,standard
3,38,596.9790353420351,21.905177943378195,97.82145617915603,253.84362092269527,standard
3,39,602.1377200853323,22.44940847183297,100.15864082824822,262.5659223693249,standard
3,40,604.1804898353528,22.8559041951707,98.340909689781,256.5269981541843,standard
3,41,602.686911995301,20.708171193248283,98.38007629344055,259.79026744960066,standard
3,42,606.0101289899553,22.10403307205264,97.79425393930322,261.0412309584248,standard
3,43,602.4986042401603,23.356027913843473,97.70778298107327,253.23782381323483,standard
3,44,602.199644428153,22.138597853114362,99.65531245847798,258.57814044221976,standard
3,45,609.685266336084,23.222142545933934,97.54633017146963,253.34605387836223,standard
3,46,604.5594026126475,24.090574904039038,97.42321135357369,258.46848844694557,standard
3,47,609.7288616103262,24.649620201716086,98.1803134073705,256.5616107979008,standard
3,48,614.0449555096166,22.2623583230663,97.02495975246764,242.59994983046118,standard
3,49,609.4881360865841,21.056849791941417,98.15768094706208,253.1865659351948,standard
3,50,608.0555266104898,23.425444864184172,98.72228985580085,256.39432906656697,standard
3,51,604.7930508577836,22.38300486154147,97.69734055472918,253.15095905931304,standard
3,52,610.5011957651851,23.571225319318508,99.62349366688993,242.1097956631181,standard
3,53,612.9516723346535,24.70323862171226,99.14562199724574,255.9089945438553,standard
3,54,603.1301303769667,22.71555186373735,97.64469653931805,249.6073966187867,standard
3,55,605.0995777811936,24.057495149337488,99.72053614399671,248.47601450042,standard
3,56,609.2512530709845,22.37212665909925,97.47314903387463,250.24809452648333,standard
3,57,610.8880470117159,23.38098048062246,97.87209045423411,232.87096063444312,standard
3,58,605.4874427439468,25.391419087139724,96.97954442899754,242.9473991061054,standard
3,59,611.8723319195856,22.285077331997705,98.41471047478109,245.68957768755328,standard
3,60,609.0374979657217,26.46840305566677,96.53140074112181,245.29364264941938,standard
3,61,608.6315947878106,24.431920154836675,98.61130715169925,235.33421901445,standard
3,62,609.986989177378,21.86209854860171,98.7432475005714,239.49079232995263,standard
3,63,611.3659805059293,24.83811832508715,98.47761984020971,237.74044709899138,standard
3,64,606.9567949900162,23.12777923635095,99.26673462017733,243.1816770285299,standard
3,65,609.0356686910638,23.946002747253274,97.14538562500623,240.86378422633723,standard
3,66,611.8962504710753,25.90121743646375,97.14167692282025,232.1099605049089,standard
3,67,610.7443377675767,24.66648953772577,97.77433236245236,228.6351945477315,standard
3,68,612.8442225867708,24.80113536254558,97.04372589943627,238.77721400552747,standard
3,69,613.8605961275898,24.274296497247793,98.00959786237604,233.77028885557954,standard
3,70,607.9148907892312,24.230031479164083,95.74761645539083,234.3822782275147,standard
3,71,605.9655203326744,25.763419828429,97.53987990603355,227.94166509034412,standard
3,72,608.9167982817464,24.031961126077924,99.25853134514804,215.56095671732461,standard
3,73,614.7808961582646,24.718023481101707,96.60297835214278,221.6234380347538,standard
3,74,616.1291790816247,23.49449312005727,96.62664948940404,231.68657271182366,standard
3,75,612.2656586288578,23.562074423463603,97.96662497540461,219.87123658179863,standard
3,76,614.7024641952678,25.621370964873137,98.25200619882195,225.80830530623507,standard
3,77,616.833564374602,24.619686327388226,96.50812587457919,225.24736956416154,standard
3,78,617.9581411486114,23.665240506814147,97.298537233306,224.08223019050726,standard
3,79,611.6882854529828,23.757696419622686,98.75185785623047,232.60020361008628,standard
3,80,612.5883943770717,23.895931710264,96.05103947494652,221.2898799061059,standard
3,81,615.4616320299488,25.33516774649538,97.56759615908113,216.05364174105347,standard
3,82,609.0235091018457,25.754751326324882,98.4537716213856,210.27135106654634,standard
3,83,617.2195169345421,25.554071220894002,98.9095946451458,210.28936125757443,standard
3,84,608.5025275337537,24.891030690232704,97.9827844268952,224.98180411463483,standard
3,85,614.8682367414453,24.85731872318797,96.42363079233411,221.15000286359574,standard
3,86,610.0058837227479,26.788468554772322,97.1356153503935,221.95291036308925,standard
3,87,615.0867938701778,25.08300451055754,96.87060362817387,211.2954606132696,standard
3,88,614.4849500771257,25.35715649621772,96.7661885919313,211.17184294841184,standard
3,89,613.5857310891574,23.211265905585186,97.7881681147887,206.10139387641595,standard
3,90,610.0400027903828,23.71265565288929,95.50610750213211,203.22276248443856,standard
3,91,611.5229371271085,27.41325913752657,96.7441203241048,209.88875053134015,standard
3,92,615.001444159519,25.65106518621585,97.16255653927401,202.02353118200378,standard
3,93,618.3027826448376,27.387196643637882,95.52734130587731,201.87985704556812,standard
3,94,613.260568972869,24.675462205089808,97.68596555345587,202.35863898796694,standard
3,95,620.7451682034198,26.890548594343596,97.36257403063222,210.13493131659865,standard
3,96,617.717701273072,25.196052511941755,96.30378275545804,204.39071531484825,standard
3,97,617.1349083734938,25.959060398653417,95.51300351780901,198.9858777802458,standard
3,98,614.4780814092169,25.804334395674168,99.0325421767898,195.070060288005,standard
3,99,616.3667677255077,27.42911310832829,99.3014497454228,198.9780128840802,standard
3,100,616.4742883581606,26.569760357198646,97.19548173155329,199.50577399380347,standard
3,101,616.4579261685001,23.527753914780313,97.65206949006263,199.63088951830983,standard
3,102,614.6325753096652,28.16686219571956,96.26506598120945,195.98462005467485,standard
3,103,621.4246599066142,25.347938695150145,96.35988471706345,196.26487288284574,standard
3,104,618.1222034463887,26.447802507353316,95.58737465284773,193.33915718436404,standard
3,105,613.9279367003634,26.222778954776956,97.27584365862982,197.09102877943985,standard
3,106,610.5719647378547,27.423940987560854,97.07256884599661,200.92266023796952,standard
3,107,617.382594981872,27.521322957735762,97.25654531145014,199.73112878101375,standard
3,108,617.7667519080534,26.382084753557095,99.03243472044689,196.44518561139947,standard
3,109,618.0712332630133,25.26369558346166,95.44169238253647,192.46357741070926,standard
3,110,616.9365635933048,25.985877434991686,96.84098269961206,197.94313464021798,standard
3,111,618.7362074236509,25.518991490247263,96.55849117285706,184.9751675957372,standard
3,112,615.6369002507743,26.306384334370357,96.16235441739599,181.72432314013304,standard
3,113,616.5670359554455,26.219392363152693,93.68055130999772,197.2648601225083,standard
3,114,620.36630896265,26.463699275075005,96.5988190497406,180.1417282634122,standard
3,115,622.3371686334326,28.79728869477311,96.70669372824652,190.1176532209267,standard
3,116,617.9258603368017,25.62327456112407,96.10817663103634,184.65963983385979,standard
3,117,616.1863568437697,26.801346722564965,96.39860044249087,182.5956075106727,standard
3,118,617.8567754714925,26.019394933603397,95.74298385087205,175.57707867150015,standard
3,119,620.7834466490586,25.034353058159677,97.58359034331693,187.9317469863142,standard
3,120,617.0934582390521,24.5968629121727,96.03868943803272,179.6790791935559,standard
3,121,615.1182053402132,26.744781606191754,97.90019519886336,182.3246358115087,standard
3,122,615.5263076568657,25.722400830404567,96.01298268239023,176.9327161032478,standard
3,123,619.93859756209,26.84468328743234,96.82149957536187,186.67577020030114,standard
3,124,621.0465030673328,27.391911492669227,96.0968495289467,174.21663432910066,standard
3,125,622.2919227373565,26.8726865540487,96.29522270899999,175.25598950940542,standard
3,126,617.3946474215654,26.187534452115898,96.54297450361767,173.6949801407231,standard
3,127,620.5507214083096,27.086399693560836,97.41082129881305,168.61613109394077,standard
3,128,624.3361208520537,25.93236349017174,96.59477006455688,174.3771534126331,standard
3,129,616.9633287961774,28.16439393786101,97.40951866976016,159.9159058032297,standard
3,130,621.0082344224725,25.306729179669922,95.13433519647678,178.14583182450474,standard
3,131,617.9046538998239,26.686120035591028,95.87206227101531,179.33953169081775,standard
3,132,614.3049532583818,26.86869008836066,97.53743168317963,177.28851171768866,standard
3,133,619.6397063271291,26.740947297473358,98.10584350180916,174.972211958746,standard
3,134,622.1368409632868,27.227597651062577,95.93097065916197,165.19819959477584,standard
3,135,621.2425539138467,29.551001438131337,96.8294170411374,159.61311961507622,standard
3,136,624.5294893500586,28.473132140013156,96.60706579585892,171.33270429639302,standard
3,137,617.2152592514593,28.184174421293537,95.35854544864078,155.1607028731727,standard
3,138,621.7401299328149,30.791556551584424,94.01992225549425,161.83859694475265,standard
3,139,622.7716288052244,28.46307820165618,95.71687194748426,154.5039181827709,standard
3,140,621.6983602288205,27.643236022984073,93.61007829502144,165.97296110256866,standard
3,141,624.0251574595261,28.51166097685108,95.9990746882057,164.3715900635778,standard
3,142,621.9730189703342,29.424017554761317,95.44251779912615,164.55991869286973,standard
3,143,622.4123571777981,28.774051943605873,94.43993891128797,158.43477927150855,standard
3,144,619.1041352475166,28.001717273471506,94.86462437168389,150.66882534050387,standard
3,145,628.1243142090509,30.031339061988405,97.57036750214426,148.8855249022222,standard
3,146,622.1137612497326,27.4664923747959,94.92430512280293,149.40936508291713,standard
3,147,625.7687520193247,28.42377032189824,96.65837933369401,156.0206044479426,standard
3,148,629.1109162563145,27.40055577686028,96.8192332397868,157.73220435200363,standard
3,149,619.4298634859189,29.947133336473158,95.86614496302623,149.86261870023296,standard
3,150,620.028193539084,28.280890548550815,97.54981209578592,150.00341409478742,standard
3,151,624.9963900045943,28.26910061833245,94.69014705377836,154.4099240462497,standard
3,152,618.7512713653454,28.70478623209473,95.47402741107223,148.55686300920027,standard
3,153,622.4127201449515,29.575819781095923,96.10285575581781,150.67318772729664,standard
3,154,620.1425885739966,28.955844902071206,96.57476286187693,150.47323593786936,standard
3,155,619.1314216455568,29.651479900352204,93.37177475062518,145.23467451030186,standard
3,156,629.0933010502379,28.412107282731014,94.4856769545084,147.8201489078643,standard
3,157,618.9215954543711,28.787244970114962,95.88644113758176,139.82857076155298,standard
3,158,622.9920900383671,30.224185710315034,95.68154608353656,143.334091981477,standard
3,159,622.83263316219,29.910061115268956,95.10626731990024,143.2890280496289,standard
3,160,622.509203924646,29.41743102562046,94.21004220744798,139.8249619499688,standard
3,161,621.7169974091134,28.545953549838007,95.4286611478554,140.0636988792883,standard
3,162,626.6486212048457,29.2888744304249,95.54805284683675,140.75398786136833,standard
3,163,625.7843214234948,28.95434631719786,95.25936348227118,138.8207014802733,standard
3,164,624.6215354007238,27.753522341628916,95.24048962397347,147.0626551969862,standard
3,165,623.6698821937291,29.171922902144676,95.4233485597114,136.56189105233287,standard
3,166,628.4782054962492,28.702131844091113,95.75138025257499,136.9521103062573,standard
3,167,624.6235603891784,30.358687317921692,96.01945748159835,137.36157690014224,standard
3,168,621.7709420637789,30.900158186755483,94.89531139496748,132.3643704900776,standard
3,169,625.5695909730051,29.98975701120174,96.12170749710707,130.58141020075394,standard
3,170,622.1413616148504,29.806470144030275,95.07869471681047,136.14607392148525,standard
3,171,627.4592840548464,29.409464721252952,97.3551899166789,130.3238765548899,standard
3,172,629.626172213997,30.16828556642277,95.37335924470545,132.197342522592,standard
3,173,629.6045841352628,31.43736830537823,95.68219700007297,125.42456634402946,standard
3,174,624.3847618741319,30.772607510324196,95.71312807234106,124.88639649611696,standard
3,175,629.4455158971432,31.95261674548618,93.83367908092659,120.8153964810186,standard
3,176,625.978874823284,30.8676126681892,94.19543298623294,130.76101339433572,standard
3,177,627.8222005845553,30.65944704824074,93.25409047613147,116.42092091786246,standard
3,178,627.5430277508455,28.547404373845165,95.67263740964407,121.2092307781384,standard
3,179,636.5792789087842,33.04791625061611,94.44855093075248,120.46831498734342,standard
3,180,629.9867445420061,32.50317260991804,92.96197094256398,111.06812267322657,standard
3,181,625.2838955833369,31.442737583173862,95.06687359050758,124.34885727491925,standard
3,182,623.700907414904,28.603856137031126,95.39801419530214,113.85901863517383,standard
3,183,621.3945364068342,31.12506374595938,95.30317568821869,116.38971433939362,standard
3,184,626.2264548414526,30.880637767854093,94.10941723759922,109.25976444029916,standard
3,185,625.6059579690287,31.621279905013814,94.7716785413765,115.8402990298341,standard
3,186,624.9145545544399,30.978496837864334,92.24293495355715,114.89238331942695,standard
3,187,632.3365731234406,29.745867867957895,93.80407232668225,114.64553389355065,standard
3,188,631.9585279032825,30.831775383699853,93.6677496707341,102.15538428791959,standard
3,189,628.6603143879244,33.382076040143744,94.60735846196468,110.88860510408144,standard
3,190,629.4662469323009,31.388907996051397,93.48698562773987,114.11639957838852,standard
3,191,629.3272845693352,31.477613251933658,93.29463397272174,115.5175396596738,standard
3,192,630.7941082359993,30.967079162632697,95.24182485368193,105.51214580807397,standard
3,193,626.6039895224669,30.82029688251971,92.43893144691191,109.35771190209103,standard
3,194,623.6065653649849,30.411556168734236,92.10441199092148,105.56965153604554,standard
3,195,628.7990386191843,31.37330378681364,93.10742230532944,99.1388312328168,standard
3,196,630.7931095906397,31.20944806829151,94.43635832153615,99.57375656937889,standard
3,197,630.0931882283132,33.12327803731606,94.67616580039278,100.9379309089176,standard
3,198,630.4715969110679,31.63933482546979,94.06788018469473,100.37194473925749,standard
3,199,629.3569943823438,32.15209335307417,93.03664130041805,95.9206058650501,standard
3,200,625.8343723385063,30.39972889549629,92.78271730777952,100.79731253402065,standard
3,201,627.4716374535243,32.5736144642311,94.00471374875256,89.15747893280974,standard
3,202,632.264926752665,32.93079864559171,92.94613732516514,100.10095771447496,standard
3,203,627.8805052877724,32.27767037674833,92.64550159304503,88.03446773732712,standard
3,204,629.4515484311611,32.116271053725164,93.48232030638539,90.0798472088872,standard
3,205,629.5503028136065,32.56929475258073,93.80510696987746,95.91250515299606,standard
3,206,628.8896543986373,33.53171791471616,92.64382666344521,96.4378014854336,standard
3,207,634.5956732788799,32.9009080927489,93.58747577293518,90.3585147666851,standard
3,208,634.3082629531389,31.05702507473833,92.78987573962036,90.0122111725414,standard
3,209,635.062961272536,32.919767636040895,92.76195424148976,89.44846147307548,standard
3,210,629.6570305677111,31.890211007766467,94.67888955855678,83.14128435368247,standard
3,211,636.4763425672031,33.48822969018462,94.7608616706037,86.68530243987371,standard
3,212,631.3501778427626,31.286848185475286,93.1153375929332,90.46827423821576,standard
3,213,635.8381891853443,31.67284318319755,93.24449406301473,86.24350389883739,standard
3,214,627.9126323934225,33.431349241758404,92.85600966825739,85.02304824411488,standard
3,215,630.8941518842644,32.11066149428032,93.54295501451944,83.92195210715988,standard
3,216,631.284426353164,32.231538378319655,93.83952467078295,92.26808634246143,standard
3,217,632.9696616985174,34.016118214911124,92.09977807484653,83.78880719646885,standard
3,218,629.4078950430868,31.603075072468098,92.72062859254098,87.95949667206787,standard
3,219,635.700047486009,33.3830047220544,91.89729944011007,80.01859674306031,standard
3,220,633.9051000267052,33.3755362295786,91.55620641651926,75.54841075990063,standard
3,221,632.9577667075538,33.79629090951719,91.17387217890006,78.18938012260071,standard
3,222,633.7291463096368,34.169611988516216,94.03285758423743,80.91285659404403,standard
3,223,631.0501784798943,31.471997862876687,92.9169472429386,82.0081591260428,standard
3,224,637.7803635825733,34.15054910229778,93.70934082280174,77.89819824192983,standard
3,225,632.0816437597176,33.36993970644638,94.91906952582633,70.28720997104062,standard
3,226,638.7443363721295,33.23797184550794,94.54543210909507,66.96592495251231,standard
3,227,635.8077126034939,32.883229864052375,91.77473280807581,74.09267021205473,standard
3,228,637.2284153657879,32.835058561406505,91.66098403954159,71.54077617832523,standard
3,229,634.0876940136685,34.2883196275545,94.07959457136448,70.70292409363753,standard
3,230,640.0665099443828,34.02423474453529,92.75357349399309,61.94216320448586,standard
3,231,633.8620214390514,33.523613054588864,94.03030479628147,71.31241812033427,standard
3,232,631.2618926351021,34.09225438641104,93.71153117172906,75.64015679693917,standard
3,233,637.6125119022422,34.740846654311476,93.07008599461517,68.94156002711725,standard
3,234,638.8485147021185,32.707222602520346,92.63056067278305,62.137156256218795,standard
3,235,636.3874593561784,35.33022217565079,92.35302571327892,53.04847816265281,standard
3,236,634.1633377649266,35.073473732017405,93.45762990294988,66.14093123905288,standard
3,237,634.7100200943765,32.94096926378021,93.40529432162447,58.828590949826875,standard
3,238,642.2522902001414,34.850507208354514,92.27935169744605,58.94307376305686,standard
3,239,635.5711673801593,34.10049807797825,93.94683377552995,61.93208084872023,standard
3,240,633.8051047832744,36.29044068515578,92.84930833152022,63.844198379844485,standard
3,241,634.3253204776657,34.82311562774452,93.0811099911432,49.55175353951924,standard
3,242,642.3458253313819,35.810644460922546,92.34280468385401,52.48865129772072,standard
3,243,637.4926848414107,34.66669769941439,93.06566894856324,57.95788698097045,standard
3,244,638.1187229679178,36.087305699391806,93.24810320512866,50.751722505450296,standard
3,245,640.8376885581373,36.34061456348829,95.80205673451209,49.38252983380201,standard
3,246,637.6286460394508,32.67790129681101,93.17314915637921,51.25899850916613,standard
3,247,642.8203373844748,34.04538502998142,90.90081696203274,50.6436812964874,standard
3,248,631.2735366863486,35.63109945450731,90.49491695374368,52.14228790591579,standard
3,249,631.1165645404315,34.619702195463354,94.17337815580453,52.803239457178975,standard
4,0,597.4095191851052,19.968796511060916,100.01801687204444,152.36315172921704,accelerated
4,1,596.1994249101575,20.71256727384733,97.23560836839722,145.85057723818096,accelerated
4,2,599.1351784726454,20.87332682607124,99.90263085267686,140.97218473071857,accelerated
4,3,597.9450206225489,20.558680009547405,99.74093265813543,144.10437945182127,accelerated
4,4,599.7574986314642,21.17616799715929,99.2423074271308,145.55954377985464,accelerated
4,5,608.0098097642416,19.176317363116077,97.84815726842534,148.91794832399304,accelerated
4,6,599.7640708161176,20.401762472257378,98.85884362186889,142.70099929616245,accelerated
4,7,606.8956143362891,21.64212845861812,100.44222351188698,135.91886472103678,accelerated
4,8,598.9465387903414,18.120921340514574,98.71061917891724,146.7835159319283,accelerated
4,9,604.2508395472452,20.858486737047876,99.43769971628194,137.55557228712297,accelerated
4,10,603.6142766472053,21.965878279480613,97.78411321258953,141.49823843918674,accelerated
4,11,606.0973046128639,20.90489971103663,100.04070061212059,153.07327222236276,accelerated
4,12,603.2869716210394,21.833307050005324,98.54194291633861,138.90625581301026,accelerated
4,13,605.2808148749469,21.754842340270137,98.20030468029114,138.03180885662726,accelerated
4,14,608.5865878161529,22.128635764514527,100.12198718907183,134.81494014993686,accelerated
4,15,606.7497007182711,22.079267838216527,98.14908927031276,136.59260502399437,accelerated
4,16,601.824910009679,21.28711972511521,99.22932830729238,135.48622136690062,accelerated
4,17,601.5323026047687,23.093985771182876,99.55200627830048,129.47635782194558,accelerated
4,18,600.7872456106525,22.01509542091857,98.47405628613885,132.5657022852651,accelerated
4,19,604.6106500165333,20.272543139254992,98.47165306169885,129.47190444465843,accelerated
4,20,607.9009830743222,21.701800325388948,100.47867467337257,120.44179724674122,accelerated
4,21,610.2335024934079,22.295681029121894,99.59958487234356,129.39900742029366,accelerated
4,22,610.0186666080764,22.25263803544719,97.5813795748222,135.10252143635532,accelerated
4,23,606.5595580623535,22.981558473624208,99.8547519140448,121.84022378952783,accelerated
4,24,608.9864726929178,22.29010524353711,98.42783064435564,126.36139482692144,accelerated
4,25,602.9993344156592,22.221162957179565,99.85107289241314,129.430955942924,accelerated
4,26,607.6120812680183,23.363123458512895,98.14575749436354,130.7829169291399,accelerated
4,27,607.4989422666175,23.47184209213485,99.52603014414206,119.11314257577047,accelerated
4,28,613.0763675534906,21.82953859025662,99.9496421311128,120.13662208024013,accelerated
4,29,607.9719037565242,21.589989828817057,97.80520528262231,115.80096734486558,accelerated
4,30,607.1770609638796,23.46268903421112,99.15779161447291,121.03801675700313,accelerated
4,31,610.2230299602033,22.624480611154436,97.25924591039727,127.99362509175656,accelerated
4,32,607.3943968957103,25.496208252057297,97.83693880111913,118.01143968071752,accelerated
4,33,613.1110954806898,25.231892421938657,97.90918743972091,115.05878473239231,accelerated
4,34,610.0322386544334,24.417957528232115,98.85130368686976,116.02114929497075,accelerated
4,35,612.3566588940695,25.83835973227094,98.28130961226479,116.55826428002389,accelerated
4,36,606.2432675247297,21.689269863170935,98.22837572923017,113.52587884359563,accelerated
4,37,609.5556519752558,24.683530204186347,97.7195962708031,118.6389012531695,accelerated
4,38,611.6583326047769,23.813076714929835,98.71016623895929,110.91434462526898,accelerated
4,39,613.279610051017,24.2025892938072,97.01017311450256,111.42084115092848,accelerated
4,40,612.038485930631,25.279827035366832,97.33135424669025,100.81820108114802,accelerated
4,41,611.0016783492348,25.713818467143817,97.2426239207569,107.76808298742726,accelerated
4,42,615.5591295177178,24.328026772741076,95.93719678175711,107.19684440237253,accelerated
4,43,611.4474781462537,24.193753680246747,97.2446215441013,109.45752823623391,accelerated
4,44,613.1721343152966,25.58698107268624,99.17340769851542,104.28560569221219,accelerated
4,45,614.335045903934,24.890786637400865,96.45364028011302,102.07546173291115,accelerated
4,46,612.3637242854348,25.879475797547126,99.58907578670075,100.4197828186208,accelerated
4,47,612.8501240831537,25.576876986888752,97.57579884870975,104.31775405977392,accelerated
4,48,618.2522873818443,23.33360792946479,94.73307012980433,99.52060913994926,accelerated
4,49,617.9919005626311,24.3143519683944,94.05236766030625,103.85589703109605,accelerated
4,50,615.7309716711081,24.90979159320057,96.01446039927907,95.15128140182662,accelerated
4,51,615.6316059524218,25.493684723816994,97.43406391897551,84.72686668547804,accelerated
4,52,613.0294444046166,25.11394603908895,96.6236593216275,95.30976120754931,accelerated
4,53,618.2935313396873,24.500663228339942,96.86549147633075,99.79168211605852,accelerated
4,54,621.7699423096859,25.998234028906523,97.08445860435252,86.98068603718818,accelerated
4,55,609.3241313870609,27.4447743757817,96.69443970635193,100.89256344899212,accelerated
4,56,612.6797913330907,27.239902139528752,98.50881784054386,96.09852804178632,accelerated
4,57,617.9297445167732,26.84855608082435,95.00911854287409,99.77786467855174,accelerated
4,58,615.5674270805848,27.46448325638302,94.95696569342874,86.1027016774611,accelerated
4,59,622.0052621976668,26.732697711042157,97.91327547604254,90.60884670470742,accelerated
4,60,612.4743066811264,28.09206759973172,95.81010768224439,93.49344406758522,accelerated
4,61,618.3756326026202,25.77688177205713,96.50429476537057,99.981115710764,accelerated
4,62,620.0789593755434,27.382482246994535,97.3553434019569,89.05334232601555,accelerated
4,63,619.5286026907884,26.468374827840897,96.4538480257896,92.17721708208472,accelerated
4,64,616.6918135436999,29.104495821246946,96.06829397585487,81.5611524423073,accelerated
4,65,622.4928962307607,27.51320576426173,96.8595148874861,83.54120683870731,accelerated
4,66,619.6205215694102,28.413560204334292,96.33089705759001,74.0223410977413,accelerated
4,67,616.7362687797169,28.969409984790815,95.84786341109846,80.3813434861429,accelerated
4,68,616.3242779542276,27.08026367872415,93.89820136003806,81.49359640649233,accelerated
4,69,618.9046872582569,27.313412109014685,95.79187657483205,82.8198531542637,accelerated
4,70,627.2795937966298,26.888116580436787,96.95938104330052,84.86550780507537,accelerated
4,71,618.9627217818698,28.723235954586034,95.28236675066238,79.92844290209369,accelerated
4,72,626.1273930402136,29.245606232631314,96.18860837323345,75.84845340022679,accelerated
4,73,617.4478300052269,28.55153178945959,96.82660815486392,69.36416071705176,accelerated
4,74,619.0347318954699,29.006267736234072,94.57534521515274,72.03738276442394,accelerated
4,75,621.2292042548155,27.63438259580985,94.52587815378364,78.51713958393654,accelerated
4,76,618.8778906533071,27.522127865505162,94.8099750204661,77.65977751254923,accelerated
4,77,622.5092345760094,28.775418921884384,95.42435879751561,64.27146283570174,accelerated
4,78,624.884116961325,29.743435031403642,94.91069152590427,77.02962255898208,accelerated
4,79,620.3175117031409,30.60790899325357,95.41449366559526,69.31723705060914,accelerated
4,80,623.9403790938951,29.49273523418906,96.42028289641772,64.61660436264494,accelerated
4,81,622.0124422825602,30.75630289207248,94.54446506481614,73.50266538665795,accelerated
4,82,629.6983079490261,29.438204973058365,95.76136232657531,62.231538593300705,accelerated
4,83,627.1641998942034,30.159423985986766,95.49303828216021,63.772139639823024,accelerated
4,84,620.2167497532985,30.5832520647495,92.89659684752054,64.41324753878733,accelerated
4,85,628.3235455992599,30.391897735873037,96.84834264478982,70.12554576290887,accelerated
4,86,623.8383048350232,30.34731337985144,94.79262929745556,56.08911618326936,accelerated
4,87,623.278803250547,29.87923909302014,92.74377949714406,63.23746734125822,accelerated
4,88,625.6527844660409,28.887106098688427,95.12421286527733,65.5793637234548,accelerated
4,89,627.3811034365947,30.35593182479103,95.25144215175185,64.40110180238345,accelerated
4,90,627.9222107091591,29.97538774956524,94.87660076551117,65.9774032541274,accelerated
4,91,625.5101128241647,33.01793933913243,94.01436906601461,59.16203506670068,accelerated
4,92,625.582543211981,31.26327083592026,92.73777830736474,55.269791005916396,accelerated
4,93,624.6236363989543,31.29533834789229,95.41444737550891,60.230030935572756,accelerated
4,94,621.0850219174233,33.32206965292788,94.65527994062087,52.117504297535,accelerated
4,95,628.9713837569728,31.57618982250269,93.63315128304843,55.989583336710375,accelerated
4,96,626.977583137139,31.115638007309975,93.55372086424491,46.836643551301734,accelerated
4,97,629.5375094106462,32.22529943651634,94.69488359607638,57.09962626317617,accelerated
4,98,630.3730206300446,31.227274501783093,94.95966386443119,45.21241230079033,accelerated
4,99,626.9979858524626,30.915799928576757,95.14005605913931,55.713942570700375,accelerated
4,100,631.461915711135,33.0719298652118,93.12071721758801,51.7429755993049,accelerated
4,101,629.9244767148505,32.96688210388491,93.8247757674478,47.07528555794959,accelerated
4,102,632.222725555683,33.11616916719124,93.21165480515319,47.69462164323812,accelerated
4,103,627.724678099075,29.86193898250706,94.02045963141373,50.04452678127316,accelerated
4,104,631.9862004272602,30.530438282245637,93.40915056992353,34.908261199744594,accelerated
4,105,635.6091033229626,31.513945417881914,94.95540360945989,49.729348218420725,accelerated
4,106,629.0982289423918,31.587215048732254,93.99037021638634,39.778379814084644,accelerated
4,107,632.4074539264747,32.35717240919308,91.79884158553436,31.847659904377707,accelerated
4,108,633.0800527454837,32.39844225366937,92.96691018308586,45.479319195468925,accelerated
4,109,636.2203268298974,32.80745527863819,93.11940129309015,43.50071516556942,accelerated
4,110,628.9291932909013,33.4231530547477,93.95188597182216,43.401151042088145,accelerated
4,111,627.4897418924926,32.55864473019106,92.46173674717653,39.499434772046065,accelerated
4,112,635.0422337393039,34.93671040744598,92.78503451963192,35.51213750845393,accelerated
4,113,637.3490160566362,33.85657693853031,94.48765151118798,38.44364001504918,accelerated
4,114,630.7286501438602,32.346871645222194,91.60848775094107,39.31025917379237,accelerated
4,115,638.0657904692611,35.649362141386376,93.94310533232323,40.81419288767493,accelerated
4,116,633.0599510020389,32.76358418325614,93.89007933241756,36.088403761197,accelerated
4,117,635.4223331230227,34.42737148063299,93.3031854824582,39.41908429926781,accelerated
4,118,639.2849567544508,34.70422035234034,93.76580287256293,34.570312762123876,accelerated
4,119,634.3164908038962,35.036564674913144,91.46550493114074,36.269457761479416,accelerated
4,120,632.4164311807019,34.68580328679473,91.95484604157384,32.766944915372136,accelerated
4,121,636.1982243222162,32.92524404183666,93.16069963101847,26.110396115836448,accelerated
4,122,639.2434401624402,34.641325688734405,93.07542098538805,23.21215522492394,accelerated
4,123,635.132003305718,34.30136136389891,93.47670248024257,35.386885439027445,accelerated
4,124,634.7844847447714,35.95684814465768,90.3903225822743,20.029052994538553,accelerated
4,125,634.6236646314396,33.647491310559275,90.91641161021242,27.064994560688987,accelerated
4,126,637.1577969068163,35.49940539760511,93.13047268612151,25.32808496586267,accelerated
4,127,640.0732895284511,35.17046771375773,91.19300661169424,28.28907090410398,accelerated
4,128,636.6326636016566,34.42440370123757,92.1420821241956,17.435945403517437,accelerated
4,129,637.4477088540317,35.82405392156346,92.60834173924613,16.510849667871852,accelerated
4,130,637.5368838811538,36.67433300477025,92.69640011773394,30.375325196742708,accelerated
4,131,642.8403845212246,36.86429306855994,90.7521314495442,22.819301758167114,accelerated
4,132,639.4406795949093,35.289018196461754,92.24801534053253,22.72605767305742,accelerated
4,133,641.4024947730126,35.08152619865794,92.76245891359261,13.81206228962018,accelerated
4,134,640.8500493568929,35.776649932522865,91.74113374826439,19.831214875202548,accelerated
4,135,637.3794188405523,38.145195074276934,90.07891393070551,12.011661583725715,accelerated
4,136,641.9106356698252,36.90431416643531,91.7395242794283,13.713046484992288,accelerated
4,137,642.3316502559828,36.20893052254232,93.17318125793491,17.19674557115801,accelerated
4,138,644.0184730530169,35.593843276629585,91.64061157559429,10.497670256396482,accelerated
4,139,638.6831958729316,37.04016418394577,91.12235424222018,14.277019149251185,accelerated
4,140,638.789425311317,38.51904061284182,90.70366734140794,11.09651168600218,accelerated
4,141,644.6755779311642,36.34935956979989,92.39246864343296,2.854082010997919,accelerated
4,142,646.9563530975477,37.054149264965766,90.88358859203113,6.504091137862828,accelerated
4,143,645.3267578081782,36.57554470814956,90.67064231057722,5.892317012081309,accelerated
4,144,639.6691136616902,39.10054390794182,90.79360540878528,10.158083930902018,accelerated
4,145,644.1284102509433,36.41546594951804,91.29404529078727,8.92001389655374,accelerated
4,146,643.235215994741,38.71311294585102,92.26151539278186,8.594574273291647,accelerated
4,147,642.7210296831811,36.56015755221851,90.56641239463721,3.9812047033336024,accelerated
4,148,646.037360140597,35.588428595239556,91.11188679838826,2.7904461266159224,accelerated
4,149,643.8673672310534,39.171273839015875,91.48178007425088,7.550959540404485,accelerated
4,150,644.3521184389493,38.93747749250692,92.63506639452751,6.558467246363305,accelerated
4,151,642.0235752197137,37.866323922457624,90.59483529455021,1.4462726753816382,accelerated
4,152,647.6590606650436,37.401107325974266,90.94783851391693,0.0,accelerated
4,153,650.2258350174056,37.84762575932331,90.87586393984449,0.0,accelerated
4,154,649.6380827250402,35.642493558602624,90.7433896576741,0.0,accelerated
4,155,645.1390908372249,40.326226545635635,89.81267054114423,0.0,accelerated
4,156,647.8687583661182,39.98151925253551,89.9728109152225,0.0,accelerated
4,157,650.3882097224322,39.265321308330115,89.03506265332324,0.0,accelerated
4,158,648.5591479615441,39.79776422154659,89.84076934680704,0.0,accelerated
4,159,649.2696695572112,37.85967931005602,88.4426612018776,0.0,accelerated
4,160,650.4419425805933,39.32861745040497,90.17434361928775,0.0,accelerated
4,161,650.2119740490692,40.93630004272192,88.94726452783301,0.0,accelerated
4,162,643.749859875156,39.21061766814453,90.03138414623332,0.0,accelerated
4,163,649.0366916434257,40.18340713827992,90.9234401331389,0.0,accelerated
4,164,648.2541100341417,38.73897729933362,90.4060836153164,0.0,accelerated
4,165,653.9458823053096,39.51678196105476,89.534423632126,0.0,accelerated
4,166,651.9552522704149,39.76225301676852,89.39833317986961,0.0,accelerated
4,167,647.5314904780148,40.075566074033,90.63230615161024,0.0,accelerated
4,168,651.8407815042177,39.10489232451955,90.742782780834,0.0,accelerated
4,169,652.7783070955467,41.385833066294715,90.72143652563281,0.0,accelerated
4,170,650.3060971712109,39.82358042366516,91.2710346908171,0.0,accelerated
4,171,648.18880177929,41.18536893503283,88.9438631968135,0.0,accelerated
4,172,647.2691872134907,40.15709016053948,89.59728497610351,0.0,accelerated
4,173,654.7539187328985,41.2868979236658,89.42912778044682,0.0,accelerated
4,174,653.7304724067455,42.15257016292856,89.6863141994832,0.0,accelerated
4,175,649.5214019967434,39.55479473558778,90.16626967204353,0.0,accelerated
4,176,654.5320905753199,40.99134055364795,90.84693474589174,0.0,accelerated
4,177,655.9658077116217,41.201257105010455,88.77164923532065,0.0,accelerated
4,178,654.628908356052,41.71697275926692,89.4012784220562,0.0,accelerated
4,179,660.8651159786114,42.664256645196176,89.98282689498552,0.0,accelerated
4,180,657.02147160179,42.117994776391456,89.22620475277404,0.0,accelerated
4,181,654.0572479870119,38.549574264121944,89.35060083929764,0.0,accelerated
4,182,659.3780099948486,41.85934407081176,87.89103658046504,0.0,accelerated
4,183,651.7616367448124,42.433407415712466,89.31094736433948,0.0,accelerated
4,184,652.8273546249163,42.11400809622815,87.59497820457338,0.0,accelerated
4,185,657.0566135413204,42.695805021027574,88.90161903135694,0.0,accelerated
4,186,660.6130173249257,42.03490574295799,88.97864518371009,0.0,accelerated
4,187,653.495217115205,42.53781329309331,89.88393354670191,0.0,accelerated
4,188,655.6922504120636,42.15311475549563,88.18524332915568,0.0,accelerated
4,189,652.2082270644642,43.960939576666725,87.99457770187054,0.0,accelerated
4,190,653.1900042078183,43.46884013054621,89.27194460781449,0.0,accelerated
4,191,654.3167144346006,43.16954818959808,87.35694381526561,0.0,accelerated
4,192,660.688239302866,43.83670192707074,88.49518294254044,0.0,accelerated
4,193,659.8367631365226,43.179381237698024,86.09968440176958,0.0,accelerated
4,194,658.1273014983909,44.48245124798307,87.26472948115719,0.0,accelerated
4,195,659.3372515750356,43.69156367668198,86.60932837239355,0.0,accelerated
4,196,667.0656532311597,43.21438938584619,88.97095897637621,0.0,accelerated
4,197,652.8290913034406,43.4697417532041,87.9143954397139,0.0,accelerated
4,198,659.0560774934808,44.02426827164564,87.9698830487462,0.0,accelerated
4,199,661.1585543746859,41.93062824467757,86.0096425427158,0.0,accelerated
4,200,661.521060816406,43.942604634925964,86.60455149524493,0.0,accelerated
4,201,659.5117597569405,42.524106031425895,87.20097134197677,0.0,accelerated
4,202,664.8819160928676,43.82056524734144,88.6364883543161,0.0,accelerated
4,203,662.8783537233409,43.55605158527252,88.12734561670797,0.0,accelerated
4,204,665.1612420293516,43.605564351660085,88.38760629756183,0.0,accelerated
4,205,661.025083565971,44.41614610684079,86.85432689550589,0.0,accelerated
4,206,661.6120553336345,44.961240248406725,87.72450514569286,0.0,accelerated
4,207,664.8705258481422,43.789376678172204,88.44877250059076,0.0,accelerated
4,208,664.1635676644132,45.57973878470287,85.60868310833749,0.0,accelerated
4,209,661.2945116599191,44.321234742064625,88.810852330699,0.0,accelerated
4,210,660.5808692126459,45.275694940005096,88.08558974629842,0.0,accelerated
4,211,666.7991116370077,45.85097566196409,85.16178868026857,0.0,accelerated
4,212,661.9144737019449,45.91936095342942,84.65518294362589,0.0,accelerated
4,213,665.4930782846826,45.70887680391769,88.40156771641915,0.0,accelerated
4,214,666.8122399337652,46.628813096471625,87.29069002446438,0.0,accelerated
4,215,663.0726136679853,44.973888008285456,86.4129859003005,0.0,accelerated
4,216,664.5723856479449,44.23533242277362,87.23091652414371,0.0,accelerated
4,217,665.5408058951601,45.517868429980005,90.0568603701805,0.0,accelerated
4,218,661.6663724997458,46.3928680874269,86.31199385706267,0.0,accelerated
4,219,661.6797837866283,46.712216690759256,86.17861976493043,0.0,accelerated
4,220,668.9813466435913,47.773914385211455,85.94761323392589,0.0,accelerated
4,221,668.1973626499268,46.04582182489603,85.96822804260712,0.0,accelerated
4,222,667.2824876271961,47.275967750711736,85.85792398817208,0.0,accelerated
4,223,665.1916506765236,46.63597861261,85.55577999318265,0.0,accelerated
4,224,662.1344844357945,45.75995257753013,87.23091124827688,0.0,accelerated
4,225,666.3243697038394,45.98223569092305,85.472596448474,0.0,accelerated
4,226,669.7335554749359,48.04824569134433,85.94346826451803,0.0,accelerated
4,227,668.9035309135991,46.416465029374145,85.8617473611388,0.0,accelerated
4,228,670.8813462856973,47.517974312251454,85.04808099888727,0.0,accelerated
4,229,671.8879718723626,47.10436633423447,87.6111140899867,0.0,accelerated
4,230,673.9911984964305,47.90524312653135,86.78739169980601,0.0,accelerated
4,231,670.6421818112069,47.21876589220979,85.69145716347214,0.0,accelerated
4,232,665.7283157341614,47.69674108463581,87.17654711823025,0.0,accelerated
4,233,674.5034463053835,49.08237421870315,85.56023538416952,0.0,accelerated
4,234,670.2094431807191,49.30999036843868,86.94268314276994,0.0,accelerated
4,235,672.2617872403926,47.99437214635675,85.9828325705181,0.0,accelerated
4,236,676.0444112073625,49.360061819902576,85.10022883602704,0.0,accelerated
4,237,669.9429821070664,48.8745026460913,86.02020584394623,0.0,accelerated
4,238,673.7697591665425,49.529569025752906,86.04685540061044,0.0,accelerated
4,239,671.1129044065593,49.74008973990867,85.60847707147535,0.0,accelerated
4,240,671.0437550542616,47.77018815145815,85.47665593595389,0.0,accelerated
4,241,670.3329368416156,48.684288755143335,84.60053675801402,0.0,accelerated
4,242,671.716632727236,50.49275554512618,87.00874785054091,0.0,accelerated
4,243,669.8746538023579,47.07410212226666,83.9479629269732,0.0,accelerated
4,244,677.3354088823845,49.39582458722695,85.74960452409199,0.0,accelerated
4,245,669.9061007123482,50.28707977644629,85.58677411238259,0.0,accelerated
4,246,675.4945270758003,51.15579780613581,85.01895753646295,0.0,accelerated
4,247,674.677790756194,52.03210963527399,83.08064373558098,0.0,accelerated
4,248,674.0555932537228,50.32677172618418,84.46262744600529,0.0,accelerated
4,249,676.8342317383965,52.99291020104384,85.86803618940208,0.0,accelerated
5,0,598.7287209539319,19.546585891616147,98.20435682736999,248.34954904149282,normal
5,1,602.3984872454653,18.805767880923202,101.00848265105058,251.4388741054217,normal
5,2,598.1973000340869,20.018470362662153,101.51832180764103,251.66773906752934,normal
5,3,600.6263509646944,20.002316683039012,99.95660907045165,244.44118221028847,normal
5,4,594.4857514828429,22.362177910534733,99.99532499919941,247.9907363256127,normal
5,5,600.8262767503693,19.664883199275412,99.61407551905123,237.00302618902845,normal
5,6,608.0312594941599,19.245488001577606,98.72803371615282,241.798703978068,normal
5,7,605.2642271745572,20.57450899926265,98.48386420396953,249.2716918037867,normal
5,8,603.7930018803564,21.178434957216453,100.39573424117084,253.97180950291227,normal
5,9,608.3552846851082,20.033284656996702,101.26388499281116,242.9158409487945,normal
5,10,603.4972874484132,19.107729168356673,99.4296142346118,235.93588204831718,normal
5,11,604.68417644468,21.951080500402803,97.4855136489837,238.88982567997866,normal
5,12,605.7655845143827,20.773321037686557,100.24906364500237,239.75582733813542,normal
5,13,603.6249806958579,20.768685021931702,98.26341919586429,231.39234926287486,normal
5,14,604.9280575433659,21.139458255518885,99.30148775539277,233.88054978838824,normal
5,15,602.0844334635577,22.24691179448814,99.06475591813198,228.29467643349216,normal
5,16,605.4309553266206,21.075123336135285,99.39139586553277,242.03789153199756,normal
5,17,603.3383183279484,21.649183673118724,98.14107650870167,231.9016527382452,normal
5,18,605.4285781356258,19.884626266158758,99.4808450931157,232.50395536322404,normal
5,19,603.9238623667623,22.557158898658244,99.57443851484851,238.39035949178222,normal
5,20,601.0192314532179,21.735924567218348,99.28446678638996,224.6537275312246,normal
5,21,607.0688850062741,24.00467330585282,99.14299392551617,231.52510544136882,normal
5,22,604.653555427446,21.046415330092827,97.29923972219798,224.47113258452316,normal
5,23,600.4241248571449,23.54410207805912,98.96489030607675,225.27040335476414,normal
5,24,607.4674614743634,20.798248897144113,98.27313596199545,226.3403613462431,normal
5,25,608.0863069742704,22.501685045168788,99.24832514251588,225.39058867618007,normal
5,26,606.4007075665804,22.281652905129253,97.93002772522306,224.23039610816576,normal
5,27,602.1789340232467,22.241082542900823,98.43935205851176,235.6969081139143,normal
5,28,605.4803168487449,20.835760433738415,98.74581978932306,224.59679372818945,normal
5,29,610.8200918384575,21.730547600061282,97.25757202597636,225.0841850571549,normal
5,30,601.858203882301,21.963844558492514,98.542379514489,219.65183273349945,normal
5,31,608.267493371223,21.796365717713613,98.48627074783325,218.92864823525306,normal
5,32,606.8487938725564,22.657827174707926,99.15600577522258,222.21919754820868,normal
5,33,607.7779023469529,23.09358552350922,97.09777683325353,217.2511384958284,normal
5,34,608.2385226440048,23.44894119457045,97.94764922576621,212.70480362555676,normal
5,35,605.2776979741492,23.336413899891344,99.6338810549242,212.96269946354198,normal
5,36,609.9238869408812,23.003479809164592,98.43571422283756,212.94307885091015,normal
5,37,609.6398340938065,23.28557781678707,100.79582542764763,208.7388767850134,normal
5,38,609.15430510609,22.510798990188487,97.61071301301136,211.94566431482514,normal
5,39,608.2120574382211,26.038173555060094,98.25585418431679,205.34910635257657,normal
5,40,608.8190321524831,21.12535996245363,98.30804321739573,210.0801264114758,normal
5,41,610.5838011488357,24.25362224942785,97.85643038109228,208.24692992685033,normal
5,42,606.101637508168,22.231937445192305,98.62989477938062,201.632072257017,normal
5,43,607.3561192982844,22.444826040100764,98.82968318629027,216.00715049633243,normal
5,44,604.8952360515899,21.666981517102432,98.11511311464993,206.0784889797888,normal
5,45,609.6559779202719,23.153679484765657,97.99936070117457,206.83755205270302,normal
5,46,612.3212926779346,21.724951229681718,97.79106056096853,205.06904396970532,normal
5,47,606.6460716861677,25.491169631767303,97.48459011977127,202.79353656496357,normal
5,48,611.2680662905269,23.248715211198107,96.23342695219559,199.85672736541733,normal
5,49,612.888321667781,23.583104873214864,97.19356569854102,205.6283610475136,normal
5,50,609.0076753119308,23.489839186349784,98.1494560896633,203.85375104809393,normal
5,51,617.3451405951977,24.907236107657425,99.11983996638834,196.4701690050607,normal
5,52,607.3223956820915,24.22233134961912,98.02716991525959,192.60743629317702,normal
5,53,610.074116410288,24.63931760171913,98.24039339501807,199.52143926692136,normal
5,54,611.6728941904123,23.812991340729944,97.32609937335116,190.00524301003063,normal
5,55,616.3543251175553,24.41345036461929,97.57514694420514,190.35603959273772,normal
5,56,620.0069737069833,23.406671967777104,97.33115207439393,196.0791841814303,normal
5,57,613.2006388972328,25.517932055215688,99.52760850776926,195.53078827730357,normal
5,58,608.4319076001,24.38305487487822,97.98783237251389,202.34113020752912,normal
5,59,607.6065835647271,25.922576505225226,97.81991436954642,195.18915267614742,normal
5,60,611.6940158500922,23.957567369873676,98.35087277940133,193.2721551355281,normal
5,61,615.1161708972193,24.866695364621368,96.96017797668016,181.2060650248808,normal
5,62,614.8581198044182,25.383889482443987,96.55421736713603,185.3071316335169,normal
5,63,611.1997235641458,23.55701556801758,96.66231760339487,181.33084821596822,normal
5,64,611.5625629643362,24.381302501670437,95.81299507913324,196.11295115284742,normal
5,65,616.7576221930877,24.420980578480012,97.67242139665362,187.0873254491065,normal
5,66,616.7732575643205,24.46139497333992,98.45210678398243,181.26047347896534,normal
5,67,609.3924127874941,26.084136559314498,98.61075842412242,195.9395448676534,normal
5,68,610.0008242047294,26.13891968508079,96.87019875620646,185.91679355262016,normal
5,69,609.3885313463062,24.257230224301434,96.4641251768335,181.39482022834042,normal
5,70,612.0767562003849,26.25905434391342,98.22689461825792,182.99788770622678,normal
5,71,619.0563629189827,26.095826629455342,95.94310328965983,185.8168825676917,normal
5,72,612.584531293182,26.67041849968557,98.69373421655511,180.283440053652,normal
5,73,610.111523560506,24.921787833490207,98.40274446688514,176.15438657178592,normal
5,74,615.0387206048265,26.67882441616361,97.73632286208033,177.3939990619273,normal
5,75,614.3739948863386,25.687331554267644,97.85789882529134,177.76784765533895,normal
5,76,614.4280999981466,27.16211231299314,96.83096588487021,169.74168912832803,normal
5,77,613.12308790329,25.181259163690235,96.64758998339632,179.16862139168097,normal
5,78,613.1847144569085,26.428475761018106,96.22331065437258,170.6984547936428,normal
5,79,611.2698763640442,26.09946177084346,96.64629462019504,173.70143972017848,normal
5,80,616.6698427397661,25.201607875047955,97.88419824404355,171.05151520110996,normal
5,81,616.7951805515326,26.47081764661486,96.24224255277778,170.08901169874363,normal
5,82,617.8267653077858,24.81310430865445,96.18123916265391,166.72526514798204,normal
5,83,617.3685118170829,27.833311005927126,95.90825918540322,164.51019076591078,normal
5,84,615.2623976680603,25.918472409895458,96.29281350488773,169.85401109993987,normal
5,85,613.838493513907,27.227814395152905,94.89809776998166,162.19331001778897,normal
5,86,616.2115320993461,28.554859672914063,96.28519769524732,152.99378263274542,normal
5,87,611.4033332794162,26.99402958634668,97.1337708557899,164.87727928813626,normal
5,88,618.102710317403,28.202259597505666,95.94040877926287,166.47455278013413,normal
5,89,612.9039553449207,26.215052167061934,94.63295860506818,159.62577349665105,normal
5,90,617.861216348201,27.31410149222652,96.46188335288714,155.36223334594135,normal
5,91,617.6292774667604,25.782553331394254,97.72322897513224,157.48186963551,normal
5,92,616.9333416428689,28.94894032844408,95.07775346645076,152.37206442984015,normal
5,93,615.3113390253943,27.37212861830052,96.7116316296376,160.69837734058916,normal
5,94,626.5159859524848,25.270567545799235,96.84873558912442,153.21434713713884,normal
5,95,617.2407545533337,26.980227871746123,95.29123032919203,163.42262417301725,normal
5,96,621.7268919810417,27.703195978557375,97.511015752487,146.43735517350564,normal
5,97,615.4078846060072,25.582032267805314,95.42058545987672,153.80849263352377,normal
5,98,619.9085757337971,27.98934191105988,94.66894316893392,156.0157737130701,normal
5,99,620.5188825547169,28.653054281466,94.14723782240995,152.55745429398894,normal
5,100,616.4367042802475,27.602676747448637,96.53436489863638,150.45546803127957,normal
5,101,617.6453800606621,28.08627315618442,94.42846468475635,154.75133697949147,normal
5,102,619.7841479415113,29.278549944255328,95.39346831290396,145.3821200579671,normal
5,103,618.3074396400865,29.116173931693076,95.17056884267151,150.2229771620759,normal
5,104,619.652642806992,26.34403670010838,95.26968593221353,140.10445892818575,normal
5,105,621.101708171047,27.209592264325508,96.72597510071462,144.54462069823487,normal
5,106,620.6672120157239,29.135892137787586,96.72390693407587,143.89950624115176,normal
5,107,619.0863991013521,26.786030383887873,95.03395024296482,139.9139387667602,normal
5,108,621.921172358977,28.294853118861973,96.36793297205143,138.93508364364655,normal
5,109,621.6288764994412,29.90398744319689,95.98182521395496,140.69981229155718,normal
5,110,620.1941666741944,28.166768603285025,94.74938674704805,137.2949656710855,normal
5,111,624.4669975162329,28.658111728707734,94.21022693061877,147.8408464652989,normal
5,112,623.3598955734354,27.55305659948683,95.07815107275917,138.5544319141421,normal
5,113,627.7137762798922,27.93188754174113,96.45604071935595,143.99743213486173,normal
5,114,620.9140370847763,28.842486381139768,94.40369075262623,134.98269429459847,normal
5,115,622.8902300769712,29.859649998082375,96.49018347102046,131.25951967689176,normal
5,116,617.298024807322,29.25875522072376,95.65353752996865,135.2470884384252,normal
5,117,622.4199802574728,29.484752099663933,96.83544480835224,134.90867084481255,normal
5,118,622.4798947249908,28.939802182904007,95.11014764232227,140.1836998091532,normal
5,119,623.2500978714214,29.500205655479295,94.7576864290637,136.49491678720983,normal
5,120,629.879511764234,30.05061304943139,95.28277290378543,130.1839141658712,normal
5,121,617.0470796336429,30.425150864284817,95.29416641599585,131.14171025330361,normal
5,122,622.2656134177489,29.37554312102291,94.70897506349684,133.10811492036518,normal
5,123,623.4637204901908,31.922660322109802,95.51086241901504,120.62158670002134,normal
5,124,624.414361120244,29.268324877843586,92.84561753017996,133.99735470056893,normal
5,125,627.10942762666,30.53320731789931,95.1654036602997,118.0899121565378,normal
5,126,623.7491485813338,30.921780774784015,93.9087799702175,111.34115341874593,normal
5,127,624.7186819766572,30.018242445972465,95.05556341641471,126.64259321757268,normal
5,128,627.5128174366937,30.498769805243924,96.0755313880867,114.40515109593343,normal
5,129,627.3137454434321,30.94653836333694,93.60043771391976,113.48564695658806,normal
5,130,623.7621736205732,29.738458557484705,95.55341946350242,116.92730608154453,normal
5,131,623.6309544451565,29.868366263305443,95.87863233415422,119.06521687188476,normal
5,132,625.8622469239292,30.44999450129895,96.01206033432652,114.25414136698379,normal
5,133,630.5465248728203,30.850496298921506,94.51958061802466,129.5045024896714,normal
5,134,623.6330815306042,30.36631424043299,93.407568760836,120.76230985268084,normal
5,135,632.0675668009551,32.46992278140464,95.823948753146,114.01189766102017,normal
5,136,626.1042770675305,29.20883022750594,96.5958735351818,116.34489039074234,normal
5,137,625.9241292853915,32.288056888986965,93.54723548324,115.03311017111336,normal
5,138,627.0821125971275,31.6786771398803,94.41642646081388,104.74536054444388,normal
5,139,628.02672911801,32.16886414187536,94.41078359414601,114.87557560794544,normal
5,140,624.8634115429778,31.17373920673015,93.77548954491142,113.73490420052354,normal
5,141,628.2944746867861,31.970073676336614,95.44771042615787,112.45809287560694,normal
5,142,629.2193553028809,30.361787741488595,94.31721388933309,105.33454798992084,normal
5,143,627.5678081298873,31.06546584924975,93.30007442521776,97.21330705433004,normal
5,144,626.7955708550166,31.713379451924162,92.8918229545725,106.07841118235812,normal
5,145,634.7008052729329,32.62305655525224,95.84354150912053,106.95563938466363,normal
5,146,632.7025294689594,30.95603526953221,93.51565973297801,90.30429896931264,normal
5,147,632.9584364221269,33.300323979819886,93.56682275465273,101.73024146801383,normal
5,148,627.3384136589272,32.22265355147749,95.20493254530324,93.28614013059479,normal
5,149,631.0283155919267,31.643328228280858,94.15339439196669,103.29497000837145,normal
5,150,629.4353926836816,31.89641314659422,93.78612483244537,104.85158100894141,normal
5,151,631.4562798803826,32.30058353773736,92.6890482789077,97.10710128393423,normal
5,152,633.0960074810175,32.19769657312393,94.57953146958914,106.83255900163817,normal
5,153,633.7158182076265,32.33315833769974,93.36901082980427,84.2322520197205,normal
5,154,630.2948452325815,31.993987504183153,94.23036619439537,95.23047386512656,normal
5,155,630.0388448216896,30.62060106949278,92.86003217084993,97.3832552040028,normal
5,156,636.3477228933981,32.38247461625438,94.08781107357413,98.76239078476402,normal
5,157,628.9673181913993,32.92681404328545,92.97950989366784,97.32412219245505,normal
5,158,632.0542091438552,32.93845181398144,92.89740140258142,95.53516179805392,normal
5,159,638.054138763693,31.712088304571793,93.30024099235247,92.15803737084046,normal
5,160,634.3592186359874,32.240453714710526,90.76696970985725,96.79594747082012,normal
5,161,634.4815183587525,31.13705246951334,92.95243120822045,96.84091214763663,normal
5,162,636.7433892553736,33.89864002267895,93.34388756604014,88.41493709406255,normal
5,163,632.2072225846216,34.16823978326884,92.6041575935049,82.97100172557897,normal
5,164,635.830823760508,33.07563854448844,94.8184673554538,82.64243896509727,normal
5,165,632.8356649189835,32.27758701515605,93.40736268142358,77.607265315006,normal
5,166,631.7370997371352,31.843746135071882,94.05392323319126,87.58294669879825,normal
5,167,628.2092118085469,34.69388574550057,95.81741512641985,83.2300319336817,normal
5,168,631.6766572193261,36.264330591003045,91.96103150169749,82.10053233434549,normal
5,169,634.3388668178957,34.86514762045242,93.59973897512678,78.50683052105774,normal
5,170,631.1464468888362,33.25817817975386,92.19307263905486,80.23912659892342,normal
5,171,632.5074114604186,32.18596220671025,94.4151457883749,76.5116373828548,normal
5,172,630.5955895850741,33.591740865512456,93.18837156596766,69.26766637210483,normal
5,173,635.5949430013773,32.79284243130974,94.79102880919079,79.61980256038368,normal
5,174,633.600300029672,33.17483222968265,92.93503229243638,79.06395370791645,normal
5,175,634.9235176142444,33.782841192863145,93.05837029081789,71.98070534381523,normal
5,176,634.170382219471,31.994207561094996,93.93372623085236,75.49398890160882,normal
5,177,633.0796324678997,36.05873498135524,93.0070164803924,67.81928214012402,normal
5,178,638.1702122644114,34.63804821650926,93.27457998548421,69.87122197674205,normal
5,179,637.1514871713341,34.058241709778905,93.39594145164584,61.475277729946804,normal
5,180,634.6983796110625,36.122155097808196,92.0329325445997,66.98080851253407,normal
5,181,634.8561159846502,33.26519386411136,90.55171922377176,67.84706800738194,normal
5,182,636.807578272245,34.50749493146135,92.57512143805211,68.21520435425194,normal
5,183,639.6685244146523,34.44955381407078,92.10591742291274,65.59437257555958,normal
5,184,638.5380402792703,36.13202687854325,92.01185626083083,66.49466893514442,normal
5,185,638.0150723258079,33.80742199327118,92.6204171672129,57.671630713289524,normal
5,186,631.8928490887819,35.24674640789226,92.17612525866922,65.0114020381061,normal
5,187,637.346315068975,33.9835999513362,92.47474569803566,56.83449347492572,normal
5,188,641.7729170740042,33.68402965514004,92.28421472903142,56.78864205976376,normal
5,189,639.5112635200824,34.7885686287185,91.92133328037879,65.26600772525777,normal
5,190,638.0882917750326,35.71664444593597,91.41867406348254,52.975915280362464,normal
5,191,638.5216238861204,34.961153644505266,92.98643467245394,58.600457736687254,normal
5,192,639.0152260177039,33.736617470058754,94.20843693961424,57.17879007483984,normal
5,193,640.6927609110177,34.603908329780374,92.58800990221734,50.48577618237627,normal
5,194,640.156203514779,35.16402591561417,92.26919050393556,59.48987015065049,normal
5,195,635.3023790663392,34.9155082693872,92.65732428108677,65.49110737273374,normal
5,196,638.7857529960156,36.27113611792393,92.05302853014152,63.7112279737815,normal
5,197,634.1583349991042,35.854621044669365,90.49445596643794,40.467142147316416,normal
5,198,640.4923861593535,35.97949779614746,91.7951630622578,51.469029549801235,normal
5,199,649.0948983022138,35.66182486196857,92.55012436125007,47.7531759019306,normal
5,200,640.8856977251218,35.76176632494438,91.58948151727027,59.094492661001624,normal
5,201,643.7315548895531,36.216746647399226,89.65578806405603,47.19495388373715,normal
5,202,648.5090826932152,35.9293383333603,93.02321757205365,55.209712009763,normal
5,203,641.2568917475679,35.39817836813185,89.44468766821711,50.42081604304477,normal
5,204,638.3557319915293,36.4961504518877,90.59017966041064,44.673812297648986,normal
5,205,641.1011571647032,36.668593581044306,90.68517781264758,50.98455474380676,normal
5,206,639.4093156458041,34.80553053954676,91.65097658003654,44.1718765451323,normal
5,207,641.8817682995152,37.92213240368508,91.48355116326414,42.401901878156146,normal
5,208,638.2904468563007,37.4605535028879,91.86430906407811,39.89986136352919,normal
5,209,636.0859759196036,38.164412195055085,90.41232003554394,38.043609953151474,normal
5,210,643.0750335332281,35.60344207138331,90.10649022174685,29.380262086496675,normal
5,211,644.3629908587169,36.33481375527368,94.48727009247334,34.028224671845635,normal
5,212,639.6356469297132,36.39460702971461,91.76313465513849,35.64898330607345,normal
5,213,644.4369966420076,36.061411610011355,90.09840828153642,28.008926302954464,normal
5,214,636.1292774961884,36.60193098052495,91.13901968760678,32.842814862584085,normal
5,215,646.7302173915615,38.42803020960814,91.0651970125555,26.030394434040183,normal
5,216,641.4998846758349,36.68017860608294,90.70286503772193,30.511405480508778,normal
5,217,641.4396113128256,36.97345838410224,90.68445890118444,34.04161254312796,normal
5,218,644.6811061477146,36.52935491281751,92.55106532600703,27.09968849079693,normal
5,219,638.9465981585539,37.90077807136505,90.42259186558566,32.606457353786936,normal
5,220,636.7889941966984,38.99245594148307,91.8722934080404,22.49761725418499,normal
5,221,639.7636686284612,39.352265904097536,90.42262009650204,24.82907575633688,normal
5,222,637.6018437175521,37.40922179439845,90.89228038516426,31.577465483847426,normal
5,223,640.4027647154466,36.31971320775939,91.53096263477647,32.033650356135325,normal
5,224,640.0865429466463,39.00151408629974,91.07754184148682,31.45902669537323,normal
5,225,644.7893389154472,35.47772208251205,90.84803261768396,30.30071909335635,normal
5,226,642.5187619427489,37.692035031092544,90.78386649644902,9.50243060065759,normal
5,227,650.4140427263125,37.25862432010283,91.4257354324728,22.566494319258958,normal
5,228,649.3728571690781,38.646056122428085,90.64507572847901,17.5324245374036,normal
5,229,648.1935521041464,36.44655869604539,91.4858904202759,15.504776242225637,normal
5,230,649.75685098587,38.5612995426627,91.4441237678501,20.409944069123597,normal
5,231,640.942868714577,37.61927083660466,91.43238933761138,19.83327908679922,normal
5,232,649.942969715917,38.963274563037174,89.75329810929733,14.01967931139683,normal
5,233,646.9087521715697,36.32595593399989,92.353441885623,19.208733681887786,normal
5,234,650.4811037911466,37.13939605919083,91.88456516035525,27.157494555138744,normal
5,235,643.037364933868,39.571401794903764,90.60110994468728,7.277830758758778,normal
5,236,648.6786519155556,39.71360320483735,89.95887344733116,19.829582601276115,normal
5,237,642.3997097796324,37.46524385355036,90.65659739558875,13.126926389861358,normal
5,238,645.4502795347277,39.849594435971895,91.01089431421596,16.290695354670078,normal
5,239,647.4305906939431,39.722580267978344,89.99434969697,21.269093450432976,normal
5,240,645.562362689634,41.305297429458314,90.43488794708941,3.122445552156287,normal
5,241,652.3042380514659,39.40590138839496,91.21112409838024,15.119279592712967,normal
5,242,649.413866662435,38.767759155187186,91.29571337766924,8.003777537272978,normal
5,243,650.6575734558253,37.286269426208534,90.72698171700985,3.8070708742748494,normal
5,244,653.7599289115356,40.1430873478891,90.47985774584929,8.431549966751108,normal
5,245,646.0046774413698,41.22325669052805,92.19137041841691,6.964567552741082,normal
5,246,653.971210705721,39.11085180132747,89.36288643377502,4.204623743644614,normal
5,247,650.7048231151036,39.366013318756885,90.65776819036849,4.531947410367071,normal
5,248,646.6050796741268,40.358793017451724,90.94352824252152,2.857346587951955,normal
5,249,653.257944309785,38.70259620650305,90.50795042213184,0.0,normal
6,0,596.6577559253008,19.36906916626221,99.05793981642576,297.2600209062943,standard
6,1,599.5075490678664,20.897154486331385,99.6488409612943,291.07187146615206,standard
6,2,603.7202035394854,19.282909866384962,99.88127957289537,300.23268253470354,standard
6,3,601.0488312552084,21.274179547521474,100.38900314339276,292.6934521015145,standard
6,4,607.135686521975,20.43433346333823,99.73265977337849,300.81962711527785,standard
6,5,601.4983528377902,20.699228192939326,102.34218399860067,293.6243928587248,standard
6,6,599.9467173179478,20.476578512012463,100.89151593558103,286.467329849048,standard
6,7,595.1533323255704,19.832884729379852,98.15607704094072,290.8758432623718,standard
6,8,602.7074990883879,19.589251136447736,98.33317342321867,292.34668580857675,standard
6,9,603.9376304538455,18.845026561483387,100.550232398306,295.08653101869163,standard
6,10,604.3622553064699,21.818480214871688,101.90201392465961,288.21953975690474,standard
6,11,601.9787147402335,20.243561566751975,99.67197684475582,296.66436677818155,standard
6,12,597.7649565482079,19.858950327834425,101.01718093650456,293.10018253451045,standard
6,13,600.8606050595488,21.63440200112072,99.95121584249203,294.5013730450049,standard
6,14,602.3235287814804,21.865632113872582,102.22201191049263,288.9904957752373,standard
6,15,602.3979844973845,21.62244698522098,99.18471914179611,296.93983852762364,standard
6,16,602.9402131130879,20.68706667977449,98.68431099497997,289.4861009580322,standard
6,17,605.1515622384832,20.522645628585906,100.06645134512242,275.45722015893574,standard
6,18,603.2549117252195,21.532756352076692,101.16732980955922,278.1459059863565,standard
6,19,599.0149421135931,20.24457203907496,98.09343149968508,287.68328678879493,standard
6,20,607.6459178850721,21.52021657794883,100.62129494568515,280.6697919029012,standard
6,21,602.8646650568977,20.92696238094624,99.05960900862245,271.2609922184548,standard
6,22,604.092764290822,21.279666089785955,100.08536072407787,278.467617482193,standard
6,23,602.9618888952928,20.508806969992367,99.38215323682176,280.6911861540808,standard
6,24,600.1699830267485,21.52747375368074,99.51304295152948,272.4096760819087,standard
6,25,601.986431085276,21.730610848766215,98.11657898170738,276.749618576247,standard
6,26,601.2139368790224,22.622853693033214,101.5578277453883,269.6962159914909,standard
6,27,605.652623587124,20.893258095117982,100.23095417379778,266.6737079545739,standard
6,28,605.6417602752832,20.807011033110648,98.95301541090163,266.84487362426347,standard
6,29,606.8170514126873,20.903019645560413,99.68196425933182,269.27950985868836,standard
6,30,604.1565828846034,21.94775590740013,98.33817532834115,271.0518355677044,standard
6,31,609.2410036930632,21.081905214167286,100.24181014327384,276.4904881674389,standard
6,32,602.3515350329159,20.46494539490945,99.34196090017177,265.2629623861656,standard
6,33,610.555809657489,22.01480754049983,98.20780059196483,261.2642024449414,standard
6,34,608.3697148772725,21.468816025915814,99.02382879946043,270.7790137255624,standard
6,35,603.7972249442075,22.054071171259842,98.93343159017748,268.41662255758047,standard
6,36,607.172233006531,21.939886268745173,98.98364906149652,262.1411049423826,standard
6,37,601.1171627792417,22.477600857398127,100.78219176083307,258.5814042965447,standard
6,38,603.380910871192,21.409272228356258,99.58459177872312,264.2424272709822,standard
6,39,605.3743869227507,21.421980938361035,98.92237679163992,253.17688936332098,standard
6,40,606.4302797005724,23.271524386087933,97.54880086336632,252.33740861585167,standard
6,41,610.8883136750845,21.848240360495417,99.90594784594381,258.2300116740108,standard
6,42,605.814135549176,22.958412699496645,97.85600114325355,258.6624857174782,standard
6,43,605.3055317555278,21.259506556594967,99.04748207472639,255.6834609656104,standard
6,44,606.1289255146659,21.42983905658584,100.27140036776281,260.3835709319306,standard
6,45,609.642467652516,22.394555297558316,96.92081711049659,264.76458691244756,standard
6,46,606.7167074759824,22.011200203979943,99.03680157448312,259.8356039400165,standard
6,47,606.9808483317436,24.098575167939373,99.67299993851687,247.6180940629897,standard
6,48,605.1786296830217,23.837537163279766,95.84738743618956,251.25272153417507,standard
6,49,603.057506395126,22.463446198566476,98.2311799109708,249.20877811046245,standard
6,50,605.8432162436621,21.902856350371184,100.79191126681869,259.33731002080674,standard
6,51,604.1638025392311,24.642116751303565,98.07053450952715,249.64593736665856,standard
6,52,607.6101781203092,22.460251358746035,99.42385234360614,248.62943265288328,standard
6,53,606.5203457303423,21.875410556199526,97.51640498628088,238.79309942198952,standard
6,54,608.1366706452455,22.043334407715605,98.11443948748145,252.85050926805187,standard
6,55,611.8478987187648,23.26772310589738,98.26291527385685,254.39937274710505,standard
6,56,609.9622683610761,23.032193540123476,96.89398188287954,245.9693660908237,standard
6,57,611.0379713177485,22.78834847548636,98.58120275513804,241.18213352542486,standard
6,58,608.147902802403,20.99217794243767,98.03821859628387,246.84684651204026,standard
6,59,606.9557923333003,23.592526368215314,97.47404929330808,242.80220838146386,standard
6,60,608.3504304073915,22.660758459317993,99.53255146766513,244.64466006766108,standard
6,61,607.3352797082155,24.15778830941778,98.70741200282038,242.2115061750559,standard
6,62,604.2172323120147,24.726606541032627,97.57030103707427,236.21086033279366,standard
6,63,617.3636452567806,24.081873380721014,97.72367752455283,225.97352813622047,standard
6,64,613.769292401839,22.494790329191396,97.0765610965005,234.34323850456076,standard
6,65,613.9992353751009,24.67323998666576,97.89216249015973,236.5414603181941,standard
6,66,608.0988429213867,24.09965368956535,98.09333674477813,238.84384947840675,standard
6,67,612.9515343673168,24.513977382205645,97.6276524424539,236.70911147195062,standard
6,68,609.924094601391,22.998085631286866,97.55671220808905,232.42263491892163,standard
6,69,613.0806473509942,23.956471827842847,96.7208012887604,231.2837084164841,standard
6,70,610.8403681201696,24.385837628902753,98.81987151595443,235.09461620044948,standard
6,71,608.8673673828549,23.64385654195106,96.82980128904452,232.49407835140238,standard
6,72,615.1464603250131,24.004918072091076,97.59856943527501,235.33391278449488,standard
6,73,612.4666735596451,24.816235704801056,96.61908349402627,230.3936403463971,standard
6,74,608.3125909784708,23.305979814065044,97.43322842323329,223.07103638275655,standard
6,75,610.5852009168449,23.059018365475083,98.70881630646767,230.63843147258214,standard
6,76,605.5579725775775,25.538457805666553,96.90947137017837,228.28487768491394,standard
6,77,611.3446605220007,24.648775564081,97.50490235057877,229.06064602116743,standard
6,78,607.981235962425,25.28784033873501,98.76133016488954,225.58170040270204,standard
6,79,618.8240967429703,24.2110532372753,98.58730482259352,220.4695468232929,standard
6,80,615.700218229058,24.79231100427863,97.21212421813752,226.53036101935814,standard
6,81,610.6753141829432,23.447274241099443,97.05315311682617,222.09516473294266,standard
6,82,616.4761162547612,25.031129375296512,98.85819706723403,211.20912539261204,standard
6,83,611.1202096055464,24.6914248828459,97.39544057252749,217.42047194125098,standard
6,84,614.6727328721767,24.59519316182951,97.61902868695313,215.77438554837974,standard
6,85,609.9723302883266,24.986333310918567,97.30634047010288,214.17459717498477,standard
6,86,612.9952783697444,25.235673540613387,96.98770482089267,220.36357366985632,standard
6,87,609.5415581123909,24.499029891530103,100.16996362422356,207.81004322505385,standard
6,88,609.1387359758708,26.014476745001218,95.28288014622612,210.8236304501378,standard
6,89,619.7874747752295,23.7950640778466,95.34803551426128,203.50409399021152,standard
6,90,616.1950787050409,26.524776719985812,96.78741120302149,213.41606202000534,standard
6,91,617.8207659825359,27.247346414429828,97.02366471882014,197.49264141165006,standard
6,92,611.3373632327709,25.09319580506474,96.9810612034216,207.06070299495642,standard
6,93,617.3066837937921,26.85442842668758,97.03832634607521,212.49242438025908,standard
6,94,615.1729840998933,25.704505972862574,98.08654415710997,206.36126024118957,standard
6,95,620.4234335312933,24.26158883320544,96.634829100908,204.36740551523025,standard
6,96,615.7183580713739,27.027960487103087,97.09560143276384,196.88885175246895,standard
6,97,617.0775416893649,26.574958766141965,95.1481413406206,202.980979331646,standard
6,98,609.9295745079592,25.215348902497936,96.1571910730372,206.04632349120993,standard
6,99,615.2004905225166,24.654408999243973,97.91006596295735,193.83097088035794,standard
6,100,615.9903413714128,25.185989330708445,96.63432291746948,202.52135374019193,standard
6,101,616.7143481971785,27.396969073555958,96.88774630032854,200.5322543148167,standard
6,102,613.986788032787,26.3019898826228,97.37948604800852,197.50845076272813,standard
6,103,610.0387485477225,26.511470896330895,97.27456147735545,193.59913261826026,standard
6,104,611.7468388917824,27.715879150503966,97.3714455108944,194.85459484539146,standard
6,105,612.3389013505575,25.478185171578655,98.15259039678622,195.68830970434024,standard
6,106,614.2482387989978,26.869689231224655,96.00560181255366,201.5042151514019,standard
6,107,620.1084016046901,25.953425928797223,96.16132975296915,179.9093340065386,standard
6,108,611.7552576853459,25.140530225042244,96.8951903409874,190.3688314777932,standard
6,109,612.3139935377543,26.258835957535442,97.23533714764736,193.63919674957793,standard
6,110,610.8009891574234,26.47173651951617,95.3166592230284,194.50864348570138,standard
6,111,619.0024392490604,25.76197277367554,95.9039547975996,186.69366474750845,standard
6,112,610.0416198158059,27.055968173440576,96.36715545365988,192.8508754128393,standard
6,113,613.6547723461124,26.16087705175007,95.10347474196088,181.97854718252873,standard
6,114,613.5540540117954,27.835973678846447,95.88173815124861,186.62087842372307,standard
6,115,616.1077097884146,25.630534733987187,96.38169957682835,187.99551665931799,standard
6,116,613.77672182237,27.76911279073138,95.6702790785223,181.5850803696358,standard
6,117,619.1420493690301,26.35656384278051,96.52757485933586,181.42654585605953,standard
6,118,618.0881040201115,24.699260894476502,94.63031818479192,185.0798350302342,standard
6,119,620.9615442169471,26.22951329646848,96.18597164782888,182.4735962645115,standard
6,120,620.0796528049761,25.17232272832915,95.51395975302162,178.33710310075062,standard
6,121,620.2594205917081,29.758430483721494,96.14199427319029,171.96511268948007,standard
6,122,619.5068042316038,28.64099578954071,96.44801412097951,173.46675727422854,standard
6,123,621.3239818244401,28.043545618498435,95.28391915580438,178.9071280876717,standard
6,124,621.5917967029767,28.621890042558892,96.21355102469055,174.2096027691034,standard
6,125,622.4318214662438,26.289839497019116,96.68857929092101,168.14986686317786,standard
6,126,622.0961288167788,27.301954484388837,97.48858323564747,176.45706378177763,standard
6,127,615.3803393098142,29.044627732077245,97.74124526642773,177.4114324629961,standard
6,128,616.9152364048914,27.373986045642592,96.30542721740575,168.48144800334282,standard
6,129,624.4270397173897,27.884326471726034,93.42665195289264,172.6967790637811,standard
6,130,618.455527809548,27.725073443881552,95.73138063421429,174.03523208303343,standard
6,131,623.0090633356601,28.143053162258653,95.73068881286183,168.79331397595413,standard
6,132,619.8587988497328,27.117569960135164,96.61892864857124,170.30021161930233,standard
6,133,624.57132371933,29.235349780288477,95.32432508240987,171.1014918725448,standard
6,134,617.2471398507166,28.73593210094085,95.4633858012399,160.8837338831221,standard
6,135,621.0901360280922,25.42543287184586,94.19902442559477,164.11254058112857,standard
6,136,620.6473252999045,27.790681229841812,94.3405637012824,159.91054078930748,standard
6,137,621.7236279817122,28.801781770628363,95.87377688240406,168.78416890518494,standard
6,138,621.8921910703777,27.53254434604179,95.57949794658838,154.98566921396073,standard
6,139,620.5255830288257,29.452100619221337,96.51529008471097,168.01004662959562,standard
6,140,620.091344268603,29.746099794514258,95.60669577355203,167.35792541284948,standard
6,141,621.0844297576737,29.167231373804277,97.24511236430985,158.03286185709396,standard
6,142,621.9551669626325,29.808863425206304,95.60699683606992,151.3955385874692,standard
6,143,627.8790211637548,28.110235535662863,95.86875605093753,162.78003334725562,standard
6,144,619.7745182888065,27.63213208677787,95.93373729677484,147.03461801043807,standard
6,145,620.8862817693962,28.94503866431541,95.38004810317484,147.28274528407127,standard
6,146,626.682533868612,28.86353815394917,97.05115211776175,152.69981874909777,standard
6,147,619.4099640549276,29.08918092025516,95.37421287367178,147.1111927100432,standard
6,148,626.6093527763626,28.257729777106007,93.71973361520443,158.64083026978668,standard
6,149,620.8371059525622,28.332176107384374,93.76461241297002,159.70470743298495,standard
6,150,618.631558238371,29.05844948070565,96.41262032254043,152.10858466501548,standard
6,151,622.4710370640234,27.358334141712586,94.66027516423271,149.93900169021262,standard
6,152,620.438477790039,29.32335945999877,96.12174340881514,152.81251442900052,standard
6,153,619.271461926562,31.376646054978956,96.17747934455413,146.99142923165468,standard
6,154,626.3686097492299,31.605407771999975,93.94127989894312,144.87368678754322,standard
6,155,616.11470502038,29.492651532648026,95.71539424192514,144.8041894227862,standard
6,156,621.4363992870051,27.310485483811675,95.69353368341176,151.27717241957663,standard
6,157,621.7769446327997,29.860059929023148,93.72185568657996,145.28606531846256,standard
6,158,622.519853106766,28.717582049397087,94.49963635878387,140.03194208983496,standard
6,159,624.9972999470776,28.227836798804482,94.83288466843216,140.79264111000427,standard
6,160,620.7028823264044,31.39666520167502,94.34650451993866,136.65281543183255,standard
6,161,621.2150761505325,31.458480087138117,95.72290522859949,134.31703996878178,standard
6,162,627.6186946765798,29.920698694288877,95.3972534211115,136.27761395623773,standard
6,163,622.2017520391291,30.117766099054602,94.56491277000441,146.08377814787553,standard
6,164,620.7921266842707,31.376156772854944,94.9686811512022,137.49542867010553,standard
6,165,627.2494732998883,29.269750704995563,95.91424838469864,121.46228072309411,standard
6,166,622.7400314003341,29.035937192658935,93.76649398762824,132.92522580960525,standard
6,167,626.207249904545,30.72265999849931,95.2308767572004,129.67153267553226,standard
6,168,626.3070493134755,30.20428569485085,95.89605616793601,135.88468351465758,standard
6,169,625.4414292417619,29.242746993838743,94.27704984416792,128.25105320180984,standard
6,170,624.5542009982512,30.468050427589755,95.61517439012806,129.74440653492312,standard
6,171,625.6983743637014,30.403306305,94.35409468686767,124.37303871178521,standard
6,172,620.5336863080678,29.62485064192313,95.3131454532678,124.48544280980217,standard
6,173,625.2365788877222,30.84643128741232,95.33068949642266,121.6023357391698,standard
6,174,629.0911780693609,31.567350089355482,93.65015014278144,121.88081565179422,standard
6,175,629.8232720494386,30.353146478744698,92.53022205254815,118.00159247633657,standard
6,176,625.6518911244825,29.3969573497154,94.30657622936356,124.16198106841789,standard
6,177,630.9367638121041,30.32954608377221,95.76254179957276,130.14380081018385,standard
6,178,631.0029290080563,30.964754593385567,92.69671085216102,124.30412432701932,standard
6,179,629.9951996634406,30.658932894564586,96.37458387007524,125.29916780733728,standard
6,180,628.7048201314584,31.886380711205838,94.93336985126088,107.53594750302324,standard
6,181,625.6525831455889,32.057168027247855,93.7624086599017,117.88263747381531,standard
6,182,624.1654910582907,32.70392259520177,96.22149245741801,113.58065552429635,standard
6,183,627.8918940011673,30.299505952235954,95.12494463903138,119.54841538621164,standard
6,184,630.0351167148398,31.371918447707888,97.41540620638847,110.86038117494631,standard
6,185,622.6181899366904,30.70690979929854,92.88201173443973,107.53768864997004,standard
6,186,624.8960560374061,30.23781109456837,93.46538189804994,116.59109475222706,standard
6,187,626.531432816744,31.040485425127518,95.28423277450094,109.16838737609287,standard
6,188,627.4063623038859,31.645759986092916,92.41843219937978,100.07547245524708,standard
6,189,629.3883519863932,31.8320142805669,96.3942201348524,111.79047437933404,standard
6,190,630.9592191517743,31.204527356414026,94.59722722158509,118.33628420874767,standard
6,191,622.2780215456231,31.87361625757168,96.40558673007736,110.41017109604671,standard
6,192,633.7517188896985,30.890787850470556,94.20795250583627,108.16762351194294,standard
6,193,622.2972267619238,30.411822172149797,93.113124920616,111.11033039016263,standard
6,194,631.7164593170522,31.964036442706533,95.00410289685571,105.17925293639114,standard
6,195,632.8557950086187,31.708788442632073,94.20786404742677,103.67203683368794,standard
6,196,631.4533514329092,31.338801183387083,95.09643137719807,98.33925429641997,standard
6,197,626.2532512358154,32.5074267551265,94.001455785417,100.73054291923435,standard
6,198,632.3701731974264,31.272738585913917,93.85979874569963,108.9961397503558,standard
6,199,634.467427037432,33.51239821027033,93.74787422306609,107.15351452492236,standard
6,200,627.153141516694,31.09309712527794,91.64954414737564,108.36434100949265,standard
6,201,627.5580604527718,31.933467420252942,93.05967565807171,102.47582624165071,standard
6,202,629.1730990178479,30.815183109567048,94.38166256418606,90.83134987594886,standard
6,203,627.9377828240536,30.073110885373918,92.48604188780239,97.89264584860238,standard
6,204,624.7063918856912,30.758854275378287,93.87763108386719,93.28196551953474,standard
6,205,636.7261099078779,34.133896546024374,92.98207753724884,97.78568809201741,standard
6,206,633.1478476706384,31.762521141975597,92.32445846350178,93.93850775345972,standard
6,207,630.5314629755576,31.98423550302938,94.23231686816449,89.246351964972,standard
6,208,627.7440073572626,32.589082970349835,94.14597009256889,86.11677528049974,standard
6,209,634.1342718329732,30.769518862223922,93.15188654128436,89.70995731901195,standard
6,210,629.5913288620442,32.03493952644881,95.57107448230812,85.7455795548055,standard
6,211,638.9736651674157,33.09712677973105,93.76205513731199,91.38120176693833,standard
6,212,639.3897832477558,31.72640699606855,92.51958208106362,84.22566901714039,standard
6,213,632.0464294408937,31.054228875187427,93.63233923931861,95.46773566706835,standard
6,214,632.5542221718744,32.547314541024726,92.96183955131637,90.49255852275782,standard
6,215,629.7725016802858,34.74639592059925,95.48335974771436,86.28375399330893,standard
6,216,632.3654547357701,33.99065980824156,94.61479850222732,79.97004134470292,standard
6,217,630.9703346005898,31.6976525653167,93.89906493833405,86.33313941728446,standard
6,218,628.6502230864162,32.62480109518384,92.11274608241865,77.50600094878081,standard
6,219,634.5030511806789,32.40651793332172,93.12917404396771,72.86344136026342,standard
6,220,633.560970629174,33.155726680155354,92.67104074996685,79.05492851158763,standard
6,221,633.6908846415104,32.44513185109065,91.89373745599822,88.02787216343407,standard
6,222,631.4001818858692,33.22323989681311,94.35083973502032,95.64527593785242,standard
6,223,629.7165406503334,33.8298272137265,92.6024477147059,74.30604847711645,standard
6,224,631.4393639369797,32.31434503219941,93.23870863821534,68.62748656475883,standard
6,225,636.5904226995356,33.555002936033375,93.67243497290144,72.66905694026889,standard
6,226,632.7983881973647,33.84756390516733,92.05594936759417,72.21004782793332,standard
6,227,631.4711594583646,32.729431189408984,91.08016175937436,79.6966329474,standard
6,228,632.1403837405387,34.84337605516355,94.2287923213943,65.57000146741753,standard
6,229,631.0847662929815,36.30050295935568,94.88092594192715,70.84240743335948,standard
6,230,635.272119319252,33.169153597052805,93.53235271420033,66.41409049638764,standard
6,231,628.5529387071048,32.53844421348895,93.09109274785058,63.344663822487064,standard
6,232,634.5981676052594,32.84533896056714,92.25764607749801,72.26582653206596,standard
6,233,635.6924416429204,33.97033557868665,93.88896397307066,69.40304296673673,standard
6,234,639.4396898737541,33.58014073768486,92.5503650214725,59.49445366804328,standard
6,235,633.9630578478827,35.064769894302444,94.24998737226214,69.80152584043334,standard
6,236,630.0174244003516,35.24314521266073,91.08148137672794,68.49058662061174,standard
6,237,634.4466464202868,34.922533313933855,91.55755165210543,68.85583816353073,standard
6,238,631.3050757616854,33.61154508914682,91.86190537223096,53.2285757358875,standard
6,239,636.1335827027655,36.146089117836965,95.49690522232001,61.48577893543124,standard
6,240,639.3500438252025,34.63209463792854,93.29888319476821,58.289256744363804,standard
6,241,636.7352307762678,34.99747870460643,92.19154027112367,58.61252850053506,standard
6,242,636.1247096430075,35.34640331733052,91.67396782837231,57.742288956961744,standard
6,243,642.1860164071581,35.74406015258594,94.05917904888871,57.122159200890174,standard
6,244,637.5629926910581,35.64223616670293,94.24025552953094,46.24198543558557,standard
6,245,632.8036760788505,36.00944410140265,92.3731106442312,51.64139605370961,standard
6,246,633.1375170390131,34.204983298455886,91.21763071657618,64.45547136366238,standard
6,247,636.9826918440582,34.762049458237286,93.17807667516783,57.81172584633285,standard
6,248,640.0376644696639,35.953621943907564,91.92915444920915,50.510665975215694,standard
6,249,639.6570949663269,34.41261093836038,92.52489336797278,52.99381882212407,standard
7,0,602.3555552469311,18.2223190376298,100.71474564988894,148.83137971074137,accelerated
7,1,602.4223731325931,20.89693169235483,101.54791506111916,155.76726823810603,accelerated
7,2,604.6397149878309,21.683670319166236,100.17137898481595,148.1609254351842,accelerated
7,3,603.518451249535,21.092080951433022,99.51093376326173,149.02411704404133,accelerated
7,4,601.0947105996463,19.626067091539944,101.05046074137636,146.27599621265045,accelerated
7,5,607.6461247730965,18.97450772980017,99.14322122715663,145.16319418345435,accelerated
7,6,605.2121432928867,21.119469372602182,99.95047275418075,138.36368103722927,accelerated
7,7,598.6291758083116,21.162504660289905,98.21589400618164,140.34061124855336,accelerated
7,8,603.9027519872576,19.977675727723224,101.12535596236181,148.11968172118944,accelerated
7,9,597.9857400049851,20.147628756818012,97.17422275550504,137.08704318725933,accelerated
7,10,605.2991654297172,20.78610505772514,99.86079724361598,132.3883284085913,accelerated
7,11,605.6939257637457,20.764890772071652,99.3521696822829,138.53562749303472,accelerated
7,12,599.7853544373231,20.286915668260217,100.24779446900342,139.9949607875085,accelerated
7,13,607.0501471246603,21.884658235502517,99.36299063480922,128.36994690666617,accelerated
7,14,603.3888999097165,21.652615679596256,101.11310719827257,139.4347831604934,accelerated
7,15,609.1081835451286,22.397537705894727,98.38869677305051,135.58562108074926,accelerated
7,16,605.5086709387926,20.980844430229318,98.65561262340708,132.97116503161413,accelerated
7,17,609.9168594976953,19.95925947460902,100.18581842071605,128.31602382520308,accelerated
7,18,601.2837624381912,23.339942130038466,99.65189806923438,138.27259351190594,accelerated
7,19,608.1021058426368,24.3398450017374,99.41872383694448,130.2176131193842,accelerated
7,20,607.028779131964,23.643469128345963,98.02062467473988,126.74055708734309,accelerated
7,21,605.3731199562062,20.415417201234668,98.87807840841754,119.56935648024486,accelerated
7,22,606.7591779387978,23.50528975613525,98.20312353935617,136.38557935093436,accelerated
7,23,602.5184973017446,23.95126068163183,99.29513705640693,118.41983375844656,accelerated
7,24,615.3323828971216,22.816254714496033,97.68251597784437,118.96456402607991,accelerated
7,25,606.8399459170209,22.872593127610042,98.60264552853967,123.5110192188802,accelerated
7,26,609.6996759303453,22.732370167336754,96.50503588275953,123.2531925217518,accelerated
7,27,600.9975670398802,23.59377063089139,97.40069976971736,123.816801774579,accelerated
7,28,612.3422249445738,22.411251304731998,99.38125625851211,119.83305216656923,accelerated
7,29,613.9595844061968,23.114847386801788,97.41950701449332,124.43619225197644,accelerated
7,30,607.6926308111291,22.758550485870995,97.72216014929622,119.77696733908499,accelerated
7,31,613.3265403937345,21.78591225454042,98.16308065895042,122.12451797327022,accelerated
7,32,610.1803457249754,25.149865169433532,98.00565467024147,117.07724278907027,accelerated
7,33,611.67698864104,24.059313814951352,97.62959126171953,119.5807201979319,accelerated
7,34,608.2424151203501,23.46882284798067,97.43200597823439,122.76534580083204,accelerated
7,35,600.8369509320429,24.595598834762942,97.93427181420023,106.59564770380939,accelerated
7,36,611.7291803374079,24.795751991831533,98.4296392313574,100.74085968477526,accelerated
7,37,615.1991682355633,23.70226329531516,98.46656774675317,116.70536890341143,accelerated
7,38,608.7699087431421,25.220459952351554,97.33450675908765,101.64311410330922,accelerated
7,39,615.2032257765834,23.90495503698376,96.80550653726195,108.98467065981639,accelerated
7,40,612.8167101759822,24.742729589177898,98.14806692470717,103.3025531673567,accelerated
7,41,610.0728408887078,24.804002927678468,99.43788729265871,108.43093730793122,accelerated
7,42,615.855666790985,25.078555168784316,96.99634136256243,106.7663778794278,accelerated
7,43,612.3947408639133,25.76364573896074,98.79461126757656,108.7984042384316,accelerated
7,44,616.7612330362253,24.315210262370314,96.94536949118597,102.37848732896167,accelerated
7,45,614.4433337726246,25.041041614820585,98.0297729370342,100.34499144183779,accelerated
7,46,613.9290929199638,26.206857911012257,95.17469722495939,114.60815653665102,accelerated
7,47,613.2505443453604,23.614960086323826,97.33809389857679,103.16721733986576,accelerated
7,48,614.1543168612825,26.751191112926666,97.86744497142706,103.48938095511923,accelerated
7,49,616.05046690184,25.77564155056191,98.83549084924005,93.60401990821117,accelerated
7,50,615.4189550226477,26.06502463118878,97.81328040606459,95.7807306128755,accelerated
7,51,610.0689821928104,26.276823016098195,97.2212304922186,106.44799704723825,accelerated
7,52,611.7889138610248,27.39469376671672,99.24741436402712,96.11117556238761,accelerated
7,53,612.0271733415203,25.953025633626627,96.83400496737137,99.81893937503457,accelerated
7,54,614.4258158104859,28.03519853414734,95.64546768499194,87.303974239136,accelerated
7,55,619.820131272862,24.325378968793803,96.49587023112728,110.58840564604024,accelerated
7,56,616.7638693411202,25.599232349303747,96.5826025362132,93.74599605690233,accelerated
7,57,617.5819498210594,27.50226298215962,95.54088883163226,101.43774027618397,accelerated
7,58,618.1353428531178,27.686794046401804,95.89185060024435,98.43191068497767,accelerated
7,59,616.9288427735609,27.35755251349353,95.52689392281289,86.01534186798936,accelerated
7,60,620.0646159193586,26.756393169792613,95.54617691249562,86.78408328986485,accelerated
7,61,620.3968592151522,26.69096213879639,96.22234506839784,89.07513875143549,accelerated
7,62,612.8479533419692,25.96887359462648,96.61627788924757,84.31485319423652,accelerated
7,63,622.0701747338412,28.526807104250544,96.93916866635544,96.09885893656299,accelerated
7,64,618.9507320167705,28.32888192590384,95.57559902340397,98.26184956434362,accelerated
7,65,625.450900957308,27.811880434517793,96.48658622990519,91.79648799682403,accelerated
7,66,619.3585814855576,27.263375929200297,96.9139897510069,84.39219623041835,accelerated
7,67,620.6489833489358,27.205728656932035,94.26232785163661,84.18071204939551,accelerated
7,68,623.1148861244826,27.934193250923958,97.35642951955887,78.48041837292227,accelerated
7,69,617.5358866351023,28.21276969280387,95.77740742464871,84.84984365667611,accelerated
7,70,618.6751115278081,29.768094236814896,97.76691696250825,79.80427986515829,accelerated
7,71,625.0491312605529,27.463502929374744,96.81522154118191,84.23638204279732,accelerated
7,72,624.1903118405696,28.624436911129706,92.72575105875798,74.79136428173935,accelerated
7,73,620.0222519469462,27.78174506193952,95.74224300454708,74.90518277239383,accelerated
7,74,619.726163970705,27.821199851752183,94.84448701451477,81.60749605924964,accelerated
7,75,620.5169248361175,28.485061293566726,95.04330238497676,76.6949675690471,accelerated
7,76,624.1687484655855,26.07534346075684,96.4616352138276,81.18184017121877,accelerated
7,77,619.949440387915,28.26770175526517,94.92974661222172,69.21997990271697,accelerated
7,78,624.0717806218398,27.413474713641136,94.20207239196326,79.69598600087454,accelerated
7,79,620.915340097956,30.723428278102926,95.61533819559014,61.953661427058705,accelerated
7,80,625.9059875856486,29.48233269780715,94.74453294375026,71.22478546586002,accelerated
7,81,625.7239004567003,30.42759182197462,96.31825284754801,71.04067956389179,accelerated
7,82,620.4730977336409,29.36635454234881,98.02304833526863,71.62245530190864,accelerated
7,83,632.0078619024345,31.355434082199185,95.26180207155575,68.50703534890559,accelerated
7,84,625.0902598803696,28.3421953841535,94.97804725246822,72.05337276271098,accelerated
7,85,623.7010800155364,30.611952999061813,95.7515910458932,60.45159780343762,accelerated
7,86,624.446091406969,29.30208850952284,94.0178343933106,57.56197358173469,accelerated
7,87,623.3986546158659,31.859455680797836,93.8645229709097,63.63229609530345,accelerated
7,88,624.8913937389871,31.73886593703694,96.03116229660361,66.32034991069473,accelerated
7,89,627.6184036593083,30.4489404631591,93.46812529580875,70.71764440561098,accelerated
7,90,624.7209809467423,31.463646347032842,95.65956557262339,57.22359751547335,accelerated
7,91,630.4140375819478,31.684213203338857,96.26796383538176,56.653267667866444,accelerated
7,92,623.7424079481609,30.534510244555488,94.68885354253433,58.29106363542528,accelerated
7,93,626.7196863111764,29.250802541022757,94.89048299612911,66.861722395411,accelerated
7,94,629.5927537143691,31.889135519053514,94.9324453061551,57.985233349412,accelerated
7,95,631.2949979006042,31.795373681185666,93.98732283034673,51.02005544995623,accelerated
7,96,628.0530790341579,31.834129496450664,93.92391703887702,55.57169341565715,accelerated
7,97,630.4174504011013,32.47317943127018,95.46279496883899,53.39003709239429,accelerated
7,98,625.476670304557,31.414895903180806,94.1640625674066,42.82115621911455,accelerated
7,99,633.8659935603075,32.02237791251047,94.44135283458029,57.82763231263133,accelerated
7,100,628.109571509573,32.57404193088403,93.89013587689807,49.0795656649204,accelerated
7,101,627.9834228365868,33.78560321368653,93.56449995992443,52.49732123447851,accelerated
7,102,624.9749778375842,33.41998852968979,94.93221115595705,48.487170551486514,accelerated
7,103,630.2191726015863,32.76000000561356,96.10879066088029,38.183816505482575,accelerated
7,104,633.5460821627224,31.5683826978461,93.74008160370028,44.76059940460669,accelerated
7,105,630.2150452266068,32.589534870947276,92.56582885472221,50.14590218063984,accelerated
7,106,626.4175694664042,33.25976451282834,93.31346414746542,38.14537553096273,accelerated
7,107,632.7071501117961,31.283048913293527,93.61971382171963,35.885615460942226,accelerated
7,108,633.7838162529534,32.035642666369625,93.06900598297068,43.46974693971581,accelerated
7,109,630.3823736644733,33.022036000331696,91.94616949875515,44.154378017980775,accelerated
7,110,638.2947414166523,35.992208867909966,93.49116814666644,43.941020703985934,accelerated
7,111,627.9581229812775,34.822734326305586,94.1162285047241,36.58033277524383,accelerated
7,112,637.3115424008671,33.18552392335466,92.82197481698545,40.376674627137454,accelerated
7,113,630.709936500509,34.58162476439995,92.16401018807315,31.74972605088407,accelerated
7,114,631.4709306347751,34.43950003751612,92.54322463848028,29.260021078164158,accelerated
7,115,632.6829600001926,33.76795762931951,91.9190275163356,29.24159445482828,accelerated
7,116,641.1338890022987,33.059434596186115,92.716957631227,32.16381499600357,accelerated
7,117,633.8359295766887,34.661346739969105,93.92814295047205,31.47022784234204,accelerated
7,118,631.6905651402229,35.4344402278489,92.82465890880331,40.651609074285844,accelerated
7,119,628.9632423073045,34.47540322128332,94.77860633387621,29.23367932280921,accelerated
7,120,635.3235197299961,34.69551169159034,92.24120418111504,28.439640339736336,accelerated
7,121,635.2865547174257,33.89257926557362,93.96885655020056,31.305390161482176,accelerated
7,122,637.35188469631,35.44857100689012,92.41564416679654,24.128980908235498,accelerated
7,123,635.0921270861563,34.76178304110461,91.5607882916271,24.498694917066622,accelerated
7,124,635.6516500743858,37.00455622982901,89.78618506006609,25.101901392971833,accelerated
7,125,642.6770813784443,35.12184446413245,93.2534174734211,25.49913157549884,accelerated
7,126,635.7979998563505,32.87808406549109,92.6454556870363,20.121966976988045,accelerated
7,127,635.6989937815041,34.74101274402089,94.1248614066235,35.02418771126986,accelerated
7,128,639.0516238125851,34.89523277608827,91.14277358254878,24.342700807730346,accelerated
7,129,644.0487168001955,35.23265961297484,89.88100395924678,24.350248359077618,accelerated
7,130,641.9561991343502,34.01415435961415,92.37648418366295,22.256130080680492,accelerated
7,131,639.0806780939731,34.929229080914645,93.15593722356355,16.983101270156588,accelerated
7,132,635.1444415119003,33.79052551433032,93.34084951999931,21.083319882355593,accelerated
7,133,640.1639206413874,35.5197253631492,91.49100158579687,11.621316757791943,accelerated
7,134,638.9056330663204,33.959912784879826,91.22393634653149,14.44531241824453,accelerated
7,135,642.3296401415713,36.16007353662664,92.69492311387556,21.745675525567147,accelerated
7,136,643.9745102814722,36.79050984737856,91.85186267918078,9.096059957932205,accelerated
7,137,643.319832154138,38.119747382221526,92.12210603965042,22.586295742130616,accelerated
7,138,636.8232848758167,35.40583661522046,92.57520150774826,13.321451050766255,accelerated
7,139,645.6413465297155,36.66452835927326,90.79202457747166,9.932033788974788,accelerated
7,140,637.4019480872288,35.67140932690296,92.572443997918,14.36393707234805,accelerated
7,141,643.3890128544182,35.19892247903953,91.18159642448711,2.8750005566997467,accelerated
7,142,646.1295997613634,36.456277866437404,90.39425228921846,8.148980825607122,accelerated
7,143,640.9795366294961,38.6437439102037,90.68518910246581,0.0038587038768440607,accelerated
7,144,636.7412594527275,37.24921349758659,90.79806988614207,0.0,accelerated
7,145,647.0676793837673,38.06724514742925,91.27178212106277,11.821631220854332,accelerated
7,146,645.7876081001958,36.697144098481566,90.20077983600923,8.089907722269306,accelerated
7,147,645.2891008694021,37.80974776797066,90.3335021971311,6.039737835028769,accelerated
7,148,642.1335033505982,37.658013345406324,92.56694414638699,0.0,accelerated
7,149,639.9810322287815,36.827452808129884,92.05429882668763,2.2736556869010474,accelerated
7,150,644.6133678639337,37.49090619468843,91.48535990755319,0.0,accelerated
7,151,646.2169967059277,37.38874543118705,90.04234061472495,0.0,accelerated
7,152,644.4737776605481,38.1911701640663,91.1154557951111,0.0,accelerated
7,153,643.4770483267597,37.96843002264396,92.32506203860832,0.0,accelerated
7,154,646.6883898542998,39.97503030973584,89.44703147005274,0.0,accelerated
7,155,644.0931844981965,38.095366257710765,89.89688916604669,0.0,accelerated
7,156,654.9657364437194,39.56445587207166,91.7417378617862,0.0,accelerated
7,157,642.2812296347942,39.23495797032331,91.65292961450734,0.0,accelerated
7,158,650.2959800014834,39.66433620985408,92.37204004481367,0.0,accelerated
7,159,644.4071670531729,38.71837189062745,91.89557099316363,0.0,accelerated
7,160,641.7948728537069,39.289395278931615,89.95741070722585,0.0,accelerated
7,161,651.1359353137076,38.76743065388115,88.46699416906938,0.0,accelerated
7,162,645.6083151376837,38.3809628779879,91.3837200137226,0.0,accelerated
7,163,648.7098304438955,40.04279012406032,91.30358310311,0.0,accelerated
7,164,653.7598560177429,37.544200151265194,90.91978723695307,0.0,accelerated
7,165,653.616813949824,39.94204447883054,89.42709466799059,0.0,accelerated
7,166,652.4795650416218,40.56189412285864,89.01030376036694,0.0,accelerated
7,167,650.0877814886358,39.998740347349944,90.72974547543835,0.0,accelerated
7,168,651.4029811636605,39.870018645563356,89.08149938361605,0.0,accelerated
7,169,650.0563870064461,36.67891489554049,89.15871042920845,0.0,accelerated
7,170,652.5983496279679,39.59447331748949,89.58488619982951,0.0,accelerated
7,171,654.2830545594462,41.42227139994345,89.24012756958915,0.0,accelerated
7,172,650.8983065986392,40.443906789323066,90.08968534374655,0.0,accelerated
7,173,656.3790093133296,40.599869860402066,90.23836056625967,0.0,accelerated
7,174,655.2949613237256,39.47108089730947,90.00489589500988,0.0,accelerated
7,175,655.1755890664823,39.88670516588537,88.84296476298267,0.0,accelerated
7,176,650.514718887952,40.82030394333569,91.01587580950196,0.0,accelerated
7,177,650.9196775864984,40.362382643137096,89.71271932958518,0.0,accelerated
7,178,652.6579921083107,41.69323053499002,90.61914982054766,0.0,accelerated
7,179,651.5578046460535,42.65841931756373,88.96048496245253,0.0,accelerated
7,180,653.4838759222035,43.038169201145706,89.36524005006493,0.0,accelerated
7,181,659.2116349341085,40.28864515294557,87.85440088594723,0.0,accelerated
7,182,655.7179445594402,42.00649312711513,90.62273636727977,0.0,accelerated
7,183,653.6875285215621,41.96179487287811,89.13770741846095,0.0,accelerated
7,184,663.3309949330047,42.59987101810191,89.1700083080226,0.0,accelerated
7,185,657.6282329417598,42.05944651449757,88.2687588637593,0.0,accelerated
7,186,656.9571325215943,41.51010990091059,90.25903561136727,0.0,accelerated
7,187,658.2894580868029,43.831920887679914,88.80188882116484,0.0,accelerated
7,188,658.8300817155183,41.83513891619995,88.774051662846,0.0,accelerated
7,189,653.8318243449498,44.99763678867388,87.25270655650759,0.0,accelerated
7,190,660.9426797271108,43.51326625079654,87.57403518251921,0.0,accelerated
7,191,661.7035513349919,42.88973694240302,91.13882290007457,0.0,accelerated
7,192,659.6814703615773,44.206528336221005,89.37134390160526,0.0,accelerated
7,193,657.0286755539665,43.604145171087254,89.23575448665207,0.0,accelerated
7,194,661.3201736723802,42.26113004293327,88.13222902087637,0.0,accelerated
7,195,657.3416616717416,44.415220891814315,88.40798392072523,0.0,accelerated
7,196,659.3802191015691,43.57969188057973,88.34618291944021,0.0,accelerated
7,197,658.9264901628673,44.76778802711165,88.29397066812778,0.0,accelerated
7,198,656.6247461385641,43.309798108334164,88.19386343441089,0.0,accelerated
7,199,655.6785340759008,43.56017372211124,88.20431001943508,0.0,accelerated
7,200,657.4992051511008,43.32011146026382,87.2040296261495,0.0,accelerated
7,201,659.8183211714945,43.56471389739897,88.36796262655264,0.0,accelerated
7,202,665.5177695502252,42.31722822793766,88.45707218383514,0.0,accelerated
7,203,661.3654660285961,43.96171696645745,87.9375886298872,0.0,accelerated
7,204,659.4631447279532,43.583632452174825,87.31130431738052,0.0,accelerated
7,205,663.2969890250528,45.45334897734015,87.2058099769331,0.0,accelerated
7,206,664.6875077758599,45.88559489514412,87.58116714586848,0.0,accelerated
7,207,662.6733727015092,43.6902925271026,87.3863904889645,0.0,accelerated
7,208,664.3258413883311,44.68973239563611,87.73771820108716,0.0,accelerated
7,209,664.8104764446751,45.002178563863524,87.18404854830386,0.0,accelerated
7,210,662.8113183993004,44.752122355068046,88.05814303600256,0.0,accelerated
7,211,668.0788922880821,46.78521050348138,86.4484565101455,0.0,accelerated
7,212,661.6480301359915,45.11335243681139,89.2824274676448,0.0,accelerated
7,213,664.9806781112322,46.10132129400828,86.21937062751675,0.0,accelerated
7,214,660.5819328857757,44.79402926610223,84.30996989068281,0.0,accelerated
7,215,670.6625815237682,45.94782073903652,85.68373114065939,0.0,accelerated
7,216,663.4233694649249,44.90241522278663,87.90018263839515,0.0,accelerated
7,217,661.633644618547,46.765081044447506,88.50681266357726,0.0,accelerated
7,218,673.9956360692579,45.2580073505568,89.7442204263952,0.0,accelerated
7,219,663.9226036338586,46.607072374877845,86.27793866590699,0.0,accelerated
7,220,662.0397684367881,46.16124739793657,88.08558223436168,0.0,accelerated
7,221,666.7247873602196,46.99525860471731,87.91066162931766,0.0,accelerated
7,222,668.3535721555123,46.37186086075824,86.84663789531184,0.0,accelerated
7,223,663.3174400457644,45.74735555855691,84.6845700402862,0.0,accelerated
7,224,671.1912970331365,46.75941281152653,85.21987510434522,0.0,accelerated
7,225,663.0364148895281,45.87481389826884,86.88881891026371,0.0,accelerated
7,226,671.1379029156099,47.04887970916967,86.52559470394452,0.0,accelerated
7,227,670.4185435156312,48.023159887777005,86.71505435191217,0.0,accelerated
7,228,667.7637309902387,47.90220300690905,85.98212222452618,0.0,accelerated
7,229,667.8760687519011,47.02278146068081,85.5708882022782,0.0,accelerated
7,230,672.9318177384404,48.77110197166956,84.94343466405456,0.0,accelerated
7,231,668.3455244951462,48.32073301514559,85.23378466795279,0.0,accelerated
7,232,670.5411695486907,46.35539520808035,86.68826716634419,0.0,accelerated
7,233,669.3760561629551,49.32016813082801,85.83030650654759,0.0,accelerated
7,234,663.5442901021468,50.498777779313464,87.45545824524295,0.0,accelerated
7,235,664.5837329200685,48.48802836830549,84.45607445292625,0.0,accelerated
7,236,672.0346971574928,47.37859683099798,86.96096702361439,0.0,accelerated
7,237,674.0274700118657,48.44885770366889,84.3644759330863,0.0,accelerated
7,238,670.5888858025926,47.170219856807336,87.07203936597432,0.0,accelerated
7,239,671.5762556130625,50.8391211546033,85.75131472861135,0.0,accelerated
7,240,670.1086246374435,50.43708240799274,84.81985611861222,0.0,accelerated
7,241,670.6225084948223,48.45969323742564,86.57024969396956,0.0,accelerated
7,242,671.3856138617391,50.172804697174804,87.07739729322162,0.0,accelerated
7,243,670.9356906731281,48.649391500702414,85.49991526374004,0.0,accelerated
7,244,670.2364022695807,50.00303793957986,85.4455133296396,0.0,accelerated
7,245,670.7132205526178,48.89587132634834,85.22714231115894,0.0,accelerated
7,246,674.5145139184189,48.67922811010137,85.46063080430716,0.0,accelerated
7,247,675.0742747186007,50.22056768703562,86.38923064722394,0.0,accelerated
7,248,679.3168815827995,50.66802266253619,84.41256045518782,0.0,accelerated
7,249,675.6809835398103,49.044875496027764,86.71291305123043,0.0,accelerated
8,0,599.9009242088413,19.496349739624403,99.82762504254634,253.5736586375885,normal
8,1,604.0335699650916,20.650487330863573,100.06172320847176,256.4900588515221,normal
8,2,599.4614905808454,21.190919338366907,99.63193720164873,250.15511479005445,normal
8,3,600.2593123056287,20.18414781734719,99.50261348253778,253.72427015590347,normal
8,4,598.6012218856744,19.579767747451292,101.96099356584511,250.88923782327166,normal
8,5,593.8446589039208,19.834741260789595,97.98801066243794,240.24654653292373,normal
8,6,591.7844560012979,20.343010422306058,98.61805818083869,244.2995262839822,normal
8,7,596.5246362233524,20.642911853172038,99.30508372187967,250.50976482594297,normal
8,8,605.8340705852369,21.425345603010285,99.35338621933879,251.92690197630148,normal
8,9,597.1408941664805,19.316441370436337,99.55621690011094,252.27019054460558,normal
8,10,601.3929832793897,20.61675475679072,98.15808964388819,244.7296479263519,normal
8,11,605.0595287629881,21.66907520139991,98.93077932715264,235.46646615813498,normal
8,12,598.5206332487851,21.043872501760934,98.4395926707215,232.11291747375355,normal
8,13,601.328927849268,20.550843824815782,98.94202147117805,239.3322229842013,normal
8,14,603.0371434064508,20.831843969488883,99.62301292831148,231.04236479447684,normal
8,15,603.3158358717291,21.350602492844633,97.89695314064252,239.97846877185182,normal
8,16,600.5556988843191,21.370309799206435,100.52441174053527,238.62838378856935,normal
8,17,603.5030001657065,20.997500997117932,100.26751190857556,236.3734748890431,normal
8,18,601.7449049398676,20.64510635299831,97.207644818304,232.77015920841794,normal
8,19,603.5519067649448,22.656191374642543,99.59905509348036,237.67114597086345,normal
8,20,601.9079073162515,22.73815033096762,98.67108362089535,233.88798030896137,normal
8,21,599.8237248224079,21.915135299366188,97.17531205855408,227.66431257029123,normal
8,22,605.7210619816337,21.239031448768905,98.06956237124403,232.23059234647968,normal
8,23,604.2896116304593,21.35042935296933,99.12189592115428,240.18334570972794,normal
8,24,608.2605085493445,23.08257366818784,99.47554631899237,226.83242636288574,normal
8,25,597.8117531350088,21.32101965353687,98.51942558679752,215.62553967976234,normal
8,26,601.7277526293537,20.099163529077366,98.92167616430262,228.0938298542441,normal
8,27,608.7203235558729,22.57478446207924,97.95660365880143,213.3396742074002,normal
8,28,600.3293939017955,20.971017422745504,97.99114030196432,221.20125751004207,normal
8,29,602.757507345619,22.658975893668263,98.60772649720053,221.05272855870513,normal
8,30,609.4207516580136,21.21976826579963,99.21870457829236,219.93013385761964,normal
8,31,605.199541157091,23.36525632086596,99.63901415455702,214.26754602005786,normal
8,32,605.8535182484262,22.841211682584067,98.44699325197742,220.925106661439,normal
8,33,607.4435760537308,24.472561240356015,97.14972086407022,216.38782005126302,normal
8,34,604.0744924654634,23.324107455439044,97.02282810995446,217.73156355112442,normal
8,35,605.109854705955,22.065838133878987,97.15350179645931,212.67462026899497,normal
8,36,610.4535015908729,22.85481131647052,99.18768041787447,222.32320910983137,normal
8,37,608.1912667544677,22.40120042793766,98.98725221518279,210.27851926842854,normal
8,38,606.0867319501085,21.520107200381013,99.40625749108439,210.0699871217528,normal
8,39,608.3462947374476,22.084038071393362,98.87594762971547,207.19029380932457,normal
8,40,607.5748738348946,24.077826031239127,99.19075931223253,209.8898496374153,normal
8,41,602.8956069018799,26.272810570060642,100.10585897027313,212.6133741244415,normal
8,42,606.1403886552271,23.246407838298033,97.77657957022348,214.31927969548195,normal
8,43,609.3875086725556,22.65583614164017,97.80924490087521,212.60594071284953,normal
8,44,613.6002935404614,25.048331563486244,98.99703206505397,204.7368756559868,normal
8,45,599.2754585240126,23.897160023808222,98.1981712411559,205.69991048160676,normal
8,46,609.3616920410997,22.353737838050844,98.71740855685118,207.16108157015924,normal
8,47,611.447016346179,24.70657700357339,98.72405164492163,200.94985294230545,normal
8,48,609.3874894562517,23.931124867253377,98.18769944910662,206.99108827985864,normal
8,49,611.7310062590674,25.997343439569956,100.24646897988468,201.39824791306964,normal
8,50,598.4900333546219,25.236832466127268,97.45962366101294,195.99258039084498,normal
8,51,609.004664175032,23.633356953185395,98.57226981010538,191.20282110436887,normal
8,52,607.1668377626252,24.503158554197416,98.54294403041331,201.20770822468006,normal
8,53,608.2388911632002,23.26173435073376,97.37336516621208,198.19936376142363,normal
8,54,615.2564321078177,22.27256281422925,97.61927124304164,189.33660779487397,normal
8,55,606.0432719679395,25.366956645344814,98.34462457449933,197.2471675797363,normal
8,56,613.963077519193,24.000281103233863,97.32736248366648,204.92865308361286,normal
8,57,610.6602868372213,25.295132113054095,97.72638154096332,183.75870734960793,normal
8,58,605.4661129885963,24.061015780060096,98.73610125167,195.94145828318003,normal
8,59,614.542231492672,23.732953821063685,99.25587249012231,186.17553349906808,normal
8,60,612.63847319601,24.789647710092265,97.42612617968541,196.69296069147802,normal
8,61,610.0846684395021,23.530394744288074,97.57999548620643,187.00086632856735,normal
8,62,622.5321487572479,25.636507476439977,97.11065942478137,182.71944215406458,normal
8,63,606.9591347682937,24.014780914262566,97.59494177175914,194.13664325797384,normal
8,64,616.1650674271638,25.34909483164638,97.11683233429751,187.34406178206078,normal
8,65,611.4440860075463,26.918363995763876,97.21080981872493,184.56831070876638,normal
8,66,606.552532724938,25.084565153477236,98.19648413796494,178.66138711480727,normal
8,67,611.1478389965215,26.152711017733665,95.84334277648193,188.2890050377096,normal
8,68,612.0035683294807,25.0514317795088,96.1561215948744,183.89023130213943,normal
8,69,621.1796159550881,26.30149723946063,96.37571473805946,186.6781029274574,normal
8,70,613.0499613621972,26.974484981427562,98.00667640216436,165.28429217264133,normal
8,71,611.1877611011349,26.62438522283539,97.31165727214501,173.88122026146075,normal
8,72,612.4992314535185,23.85376337991062,97.03162671247361,189.05344863007883,normal
8,73,617.014800172197,28.03041700118842,97.96239708978997,182.13739671676345,normal
8,74,620.7222360632351,26.297263259342227,96.85277267849312,181.16328758311005,normal
8,75,619.3615207113656,25.520035357287792,96.27843091765997,175.6942801621544,normal
8,76,617.694496600795,26.878091048661563,95.53583239981239,183.5580303353166,normal
8,77,613.4765052118095,25.89493500311142,96.01734564001218,186.49164417968544,normal
8,78,616.326212010864,25.389024919318437,97.74392354996245,175.84567889655017,normal
8,79,615.2368189292603,27.160606712783384,96.01470803916914,168.53540862525375,normal
8,80,609.9693500363018,25.076048915780436,98.60763080567068,178.20714313861157,normal
8,81,616.397365945947,28.142931447189838,96.5999255133917,167.78294848716047,normal
8,82,616.5695319453966,26.435078404676435,96.50480367643982,173.71699053574775,normal
8,83,617.0504069618686,27.352481764433804,97.71138052527733,168.94092897827366,normal
8,84,613.8891860222752,25.36713411103596,96.78878063480731,165.14371847587532,normal
8,85,617.2621742867603,26.783945960751414,99.18357366016656,158.3488687217933,normal
8,86,611.2301611905367,27.21237683351961,96.18357744541181,165.58033934864974,normal
8,87,619.151649066852,28.244104695178898,95.01277417961606,160.21641051071418,normal
8,88,618.8862837766424,27.810463595687224,98.6734495502884,166.77851985556933,normal
8,89,617.6296342123411,26.22956424705734,95.87571014728098,158.03648588521446,normal
8,90,619.9657008855413,27.45699744558583,95.07635042915783,157.82049265454785,normal
8,91,620.8326426603543,27.63166235497406,96.92864461601278,160.91460855028632,normal
8,92,623.2792922038266,27.596043063824368,95.9339772021293,153.4212247943322,normal
8,93,619.3488283746292,24.99929598522492,96.09571099816729,155.97080070039328,normal
8,94,614.7065874391482,26.591734161344004,97.04965753014824,157.15355874537482,normal
8,95,619.305365001122,27.906347533932024,96.29262758794893,161.21431281429156,normal
8,96,619.570287545111,26.22178688618125,97.79012996487441,155.85170133664423,normal
8,97,617.6322388076147,26.50659828170498,96.51591422095805,152.41413997512814,normal
8,98,624.3224403580972,27.49409271933317,95.24261921031753,156.47898109117963,normal
8,99,622.5758456781505,28.088651367610197,96.71635704767492,150.81156439628882,normal
8,100,620.7015953030277,29.164990882563924,96.6253183340215,149.15362780833686,normal
8,101,624.2570876377785,25.71514462720849,98.01207331142193,140.47020452554634,normal
8,102,618.5187215256831,28.119082464804933,95.77351932927183,153.03205520013276,normal
8,103,617.4264901441693,28.500766817483065,95.30178790178024,148.4757048966871,normal
8,104,620.6056832206064,28.41293565268298,95.29007516753566,143.4496802495196,normal
8,105,621.8618175420822,29.343715505756045,95.20172066580216,140.65616227713545,normal
8,106,623.0403804970156,28.447496106942314,96.59049813398596,139.47101393314426,normal
8,107,616.0616832237297,28.026995918173668,94.95364739073499,142.6060579995985,normal
8,108,619.6894643571889,29.38101695133645,95.39184973757749,142.7523724938695,normal
8,109,622.2729036753228,28.914955092412185,95.61587088954502,143.55300345205157,normal
8,110,619.6130345985226,30.199417926653883,95.36346261663147,133.4422543105066,normal
8,111,622.7642200709754,28.028819517552517,96.22533453450887,150.0480278802119,normal
8,112,620.0402837253264,29.292372333223987,93.76449441129537,140.26952614720673,normal
8,113,619.942858600601,28.415165381565515,94.37871351016018,140.66075613027368,normal
8,114,625.8219130724198,29.143385214658508,94.57557329466428,143.9476151805193,normal
8,115,620.748769616736,27.037967700072564,95.85838900995708,129.47612663179243,normal
8,116,626.1658263804976,28.89886230332658,95.9637132405442,141.0075017327608,normal
8,117,619.7734234061378,28.794062869107595,95.24432892734293,140.68775659517172,normal
8,118,621.6248518461787,28.845496304050993,95.75814057555581,129.11385637144716,normal
8,119,624.2575776486929,27.968462579031875,97.4543299425566,124.26145384845299,normal
8,120,623.0347418880294,29.567518964157905,97.1126881343568,123.3757710953363,normal
8,121,630.1511124064363,30.43717682110202,95.57709532442324,124.07683156491022,normal
8,122,626.1134237261142,29.036513377580203,96.38666125319841,123.14468985446133,normal
8,123,624.2605245166318,29.28472691198683,94.092477037573,130.70659908453956,normal
8,124,626.4063762422288,31.129010198901,93.26012489179182,131.32085351170522,normal
8,125,632.5163467160706,29.548358910823055,96.89514861210897,123.68419363970087,normal
8,126,621.0827707873161,29.774367557593205,96.00820396767527,119.80911758834235,normal
8,127,623.5989840229805,30.753539432293195,94.92306011673857,125.9231147624337,normal
8,128,626.313488622275,30.719625319551575,94.44769881419046,123.15865471015196,normal
8,129,623.0178809829122,31.608433622503387,94.20572528318269,126.64423743774695,normal
8,130,625.2991791170514,30.60199901075732,94.3050354491093,114.92002284415986,normal
8,131,620.9657188371841,29.424675841407545,94.43609114678408,120.05939589414442,normal
8,132,629.4311379398498,30.114242540203154,93.83803923573282,110.78642606998643,normal
8,133,628.0401908537124,32.023194515329344,95.9463302679563,120.5496637407362,normal
8,134,628.7156299518027,32.41762377970934,94.9720814614168,119.23064838012085,normal
8,135,626.037648414444,29.437956629145244,93.91615109950042,114.95420480732672,normal
8,136,627.382356117504,32.806285854855396,94.64127716759107,119.89421722012821,normal
8,137,626.094768275271,30.648324114234768,93.19099236277654,109.28835993561714,normal
8,138,629.1809441740913,31.047560180394132,95.42293861989724,112.90626974172525,normal
8,139,626.7426388050867,33.26829686378696,94.34609643128695,116.81500484852651,normal
8,140,626.7963723803659,31.90959947938357,95.32801565915169,111.0424598528779,normal
8,141,621.1365512319103,31.298252460856116,95.59046004775998,111.63740416513865,normal
8,142,629.7375166256877,29.637743066042482,93.59954492932494,110.05678815575719,normal
8,143,629.8311498303607,32.65466678013291,94.1351332448539,109.02912043336907,normal
8,144,628.8491227257938,30.533057263498446,91.98420866890525,108.15504846065038,normal
8,145,629.5218416252384,30.981824957899832,92.58082694348414,108.14869757204369,normal
8,146,628.4022397774133,32.23687472236814,96.02404853041176,93.29284559840147,normal
8,147,627.3011975738929,31.55062438668809,95.57482617414665,94.81798490396757,normal
8,148,635.4075830770419,31.975855901566295,93.98399933826614,101.00970118390546,normal
8,149,628.4912109034599,32.96811675926916,92.97147924591755,102.72707090821928,normal
8,150,628.8474550028791,31.2378665514859,96.5859751756839,102.0952536737673,normal
8,151,632.0397966339834,33.21777678066866,92.53865005468144,107.76145954561017,normal
8,152,622.8731284645147,31.391233589961484,93.4609683268211,100.90861682485253,normal
8,153,631.2561547984245,32.07318525930161,93.86800265537227,92.10988488238716,normal
8,154,626.3083028165474,33.04651162233606,94.5337061125362,103.92247187578529,normal
8,155,628.6299487095544,33.09281521030092,93.51629327163526,100.9523749259674,normal
8,156,634.2658883300345,32.69120939922446,93.42046984333402,98.8046608930413,normal
8,157,633.3407135697697,31.87555959791382,92.39220132652056,91.55733549659102,normal
8,158,636.1462414460447,33.78648715873304,92.56767253032943,86.16121292050039,normal
8,159,635.6240515490384,31.58436409524217,94.14929532364201,87.91964392331838,normal
8,160,636.851134773565,32.02957520086212,94.74336153020582,90.92429327030182,normal
8,161,632.9565845627029,30.909691418648602,91.35708664679429,87.89717029866343,normal
8,162,633.1407181902498,31.83480217226228,92.43130658952366,90.80736314913067,normal
8,163,634.2885634413714,32.902258939612075,94.26020172118608,81.12898852139926,normal
8,164,631.732195248739,34.76787760578368,93.50832212993981,86.631562572935,normal
8,165,639.9178397579033,31.80065783415123,94.19643036664212,93.3199313990405,normal
8,166,632.2254262205045,34.139630786854845,92.3779805027891,80.56633802216324,normal
8,167,634.5548992481429,34.15856667311059,94.44093651240624,90.84814293469746,normal
8,168,633.3976603243344,34.63361175517259,92.93769515655086,86.51045655794134,normal
8,169,634.4224663935565,33.965677907081925,93.66350787402203,72.97647495101094,normal
8,170,630.6276344234177,33.70254143981752,91.51272092035883,84.15605551599877,normal
8,171,636.8146678988645,34.00717055287779,92.03886598724208,85.90069469434258,normal
8,172,640.5116319191551,33.90707682744597,93.63053537845124,79.00869327398021,normal
8,173,636.1911075669964,33.72044124337361,93.0454357601562,81.52858800248683,normal
8,174,641.8368724856892,32.519928765598266,92.93618751559703,70.09769757383958,normal
8,175,639.7760746957282,33.412262030680104,91.55679920621421,78.19093499424287,normal
8,176,640.4329333442294,34.74359786856076,93.16479787728191,76.04570461387996,normal
8,177,639.6445219884766,33.285800729985844,92.8081528959137,70.73654925745234,normal
8,178,632.0964040781249,33.9116247405832,93.98772109598245,74.83301074196363,normal
8,179,637.7329315003245,34.466475611653316,93.36332378272859,66.99704828825948,normal
8,180,635.0714703422183,34.59200423696868,93.07751585888188,71.60093927460936,normal
8,181,635.784994153951,34.102576598869675,95.9177712830443,73.533936364662,normal
8,182,637.6394424278578,34.32679150179361,92.26878117305613,67.34599703136521,normal
8,183,637.47848653076,32.75956445593692,91.11061040462532,63.81558805530521,normal
8,184,637.4214183103356,34.48072685284815,94.11812122609949,58.58801606502116,normal
8,185,634.7459635911899,36.320091740991096,92.73111932467513,69.42421291400579,normal
8,186,643.3537408298084,34.18619558209818,92.46068566220796,62.63786549534564,normal
8,187,631.5362209865501,34.64960319624403,93.40106218738066,65.7029477090612,normal
8,188,639.4572495081641,34.6644910193605,91.82390276399437,68.3462783594931,normal
8,189,636.308048560927,35.41408203879322,92.60333468067753,68.30858508128559,normal
8,190,640.914237073017,33.90474137933288,91.21244683322496,62.89454909034567,normal
8,191,638.0069870578626,34.824828216046235,93.37562788399447,59.93729691044455,normal
8,192,638.5573721606684,36.13982864075505,91.94489100505643,65.84259492736277,normal
8,193,636.235857130301,36.096929066342085,93.71383283865984,50.1135225536395,normal
8,194,637.7699944724426,36.66220739288556,93.39724454773102,55.142521998058804,normal
8,195,636.7959867189694,36.55593582233077,93.38354910258161,49.17668325743803,normal
8,196,635.588259053101,35.9052566819836,92.78936063342888,52.50465457384973,normal
8,197,641.437881459947,35.049863393162624,90.00530640092627,50.88049463833702,normal
8,198,639.7896964395393,35.564160040103545,90.92139673634051,42.92175512060591,normal
8,199,638.2577335868963,36.81765577164975,93.29619743941367,56.938566920692274,normal
8,200,637.5522713945544,34.84629367636963,92.4966346149799,53.17550005798962,normal
8,201,641.4005088156015,34.065936725762235,91.09311541511653,48.85155604857011,normal
8,202,641.8616545838912,36.92730736260249,92.06425352228204,49.65391903269118,normal
8,203,640.8545963750834,36.925619374218485,92.1928656514909,47.328688300236436,normal
8,204,639.9948936025878,36.40129142504249,92.32459137883927,47.33737694449031,normal
8,205,642.1424792550357,37.74272186135119,92.06516392274658,41.75500739763421,normal
8,206,643.8508203579826,35.113801662331085,90.67858661926071,45.67923632360034,normal
8,207,642.9491900033597,35.31494877649601,91.33718251901325,39.969580838901706,normal
8,208,640.1399710313552,37.583597776272946,92.38650546354727,41.904389100731464,normal
8,209,640.1621142186551,35.37035032977986,93.06018493878194,43.960569501424594,normal
8,210,639.8799926877806,37.51959949762489,91.52977637942537,38.564452475688284,normal
8,211,643.5056345848689,36.13850175008728,91.2162434804899,39.60730532099773,normal
8,212,640.9016464213444,37.62908521026753,93.38906650367825,34.22850933696429,normal
8,213,637.6046241110879,35.03825983252374,91.32953185850502,33.68417704936908,normal
8,214,643.4235815032011,37.252597672026106,89.8367831533859,26.925580852592972,normal
8,215,643.8877997210383,37.33542883471996,90.97418200163345,26.714282074338477,normal
8,216,644.614173788295,38.55189954542394,91.63798244021892,29.762630547174677,normal
8,217,643.5336564967134,35.993885919066315,92.37796071383879,33.409221672647696,normal
8,218,638.2955292647404,37.13932563955632,91.74330151023423,30.334761895122387,normal
8,219,642.9723128356794,36.295597792952734,91.80654098708165,27.757653999904313,normal
8,220,637.5306638689849,37.22874262932961,92.18114971557036,28.065352767000263,normal
8,221,649.4139549553706,38.108967948548525,91.49875816228037,28.358008670411955,normal
8,222,644.195141376707,37.496576364880504,90.81773060791748,30.654335810335745,normal
8,223,641.7925063106284,36.76410617127574,89.95680494912462,37.22827273838577,normal
8,224,646.3910287050116,38.22449220168015,89.98248532970656,29.11671150337414,normal
8,225,644.65028596064,38.21416894113175,90.02337968413644,25.801344287087883,normal
8,226,643.9284993853806,37.31438884296981,91.69410633580725,16.311460957349986,normal
8,227,647.0943287929424,38.844486133553,90.04035632444877,18.898357694337662,normal
8,228,644.9309229562008,38.522036210462225,90.72714500818577,24.167812300959397,normal
8,229,651.0889389576122,37.81228323085029,89.12482002929659,25.129617915153265,normal
8,230,651.0499437277825,38.79276836305113,89.71225132464633,19.380538183823994,normal
8,231,642.8444295473652,39.12285549396295,89.40870959730157,17.499356065859,normal
8,232,643.3869865211183,38.686824685134965,90.35365832286224,18.88381051625132,normal
8,233,646.6670516648991,37.65334097227589,91.30687706352903,16.756171740784424,normal
8,234,643.8344129764023,40.96092655620579,91.11643016671712,15.233697233003472,normal
8,235,651.2456135801054,40.641815609386605,90.45465057768611,16.73698743217381,normal
8,236,644.2359915459912,38.73280724923199,90.36093744624013,14.92413516810827,normal
8,237,648.398281435911,39.519828448828065,90.75764265629995,6.9462868668541775,normal
8,238,644.7845986827767,38.493592380536334,90.19775940807678,17.253871452360567,normal
8,239,644.3111830394412,38.762584951829304,91.39300949821404,9.500612627516938,normal
8,240,649.3812469495284,39.060457957072096,90.65678325732473,8.857637280952297,normal
8,241,650.2011964181851,37.73494359259357,89.99668799161145,10.48286338347154,normal
8,242,650.0010857440186,40.852952622753826,89.92897533313442,15.397408809304364,normal
8,243,646.622928520021,40.768646411544644,91.09746712669838,2.4327071018388864,normal
8,244,649.7211177117554,39.468764164467814,90.865584593675,4.883642057833452,normal
8,245,648.0782613230148,40.96909458276285,90.10127910554434,9.132111620958831,normal
8,246,648.5239455448675,41.34666325922753,89.4816653706645,0.9292823437640765,normal
8,247,653.9735515433476,39.31505360910475,91.7210743061644,7.459202897974064,normal
8,248,649.1360508803175,38.026706527982846,90.06068169572816,2.5081502676671232,normal
8,249,653.3016531999131,41.50844717624011,89.35501282085625,5.005908819940914,normal
9,0,602.29620646804,21.073412702410444,100.49868991213555,290.28751154519114,standard
9,1,599.6837327024167,18.904292425083085,99.76739422708192,303.90002118066946,standard
9,2,601.2154525076248,21.268090866397433,100.28175392071354,291.5083703016555,standard
9,3,592.8874589802818,20.32880876167959,99.69607353364883,292.1152713030906,standard
9,4,595.4981182510459,19.50525678652729,99.68550851513523,299.32938911853194,standard
9,5,601.315893244704,21.90806724717273,98.8143959439546,299.40529446028717,standard
9,6,601.0418962293861,21.054669124118583,99.38348513673445,299.35840186945296,standard
9,7,601.9356742750357,19.74055501508225,99.77797597108682,291.8022207053145,standard
9,8,602.6675350519134,19.300223250625493,99.73064829788431,293.97653626324666,standard
9,9,601.4490699215792,21.886941244388996,100.50402277407106,290.9625960162963,standard
9,10,602.150067292493,20.895665551482,100.10329960416682,280.87171002167696,standard
9,11,600.7454211126919,19.175560931806572,100.9482809474595,288.69575239998534,standard
9,12,601.2199771509611,21.616797332033233,100.06232479744988,282.35682742810394,standard
9,13,601.737283912418,20.444833026773615,97.86546711139394,283.548618833814,standard
9,14,601.5493790339506,20.725049068508156,98.0977685763227,291.7583279152374,standard
9,15,601.9436908233257,20.93755307666056,99.95064163833983,281.05961873048165,standard
9,16,603.769067919398,20.59292535398182,98.6234144593528,286.867237466777,standard
9,17,607.0250215764054,21.744829373485832,100.41297756514042,280.3968469671885,standard
9,18,597.9071408124947,22.570137522099838,101.51451488940475,289.7140338688484,standard
9,19,601.8426421830608,19.985365661271157,98.36431730218044,272.58133716192975,standard
9,20,602.6778641447698,22.805677958082455,99.25833736812777,281.51161450174135,standard
9,21,607.2767908929126,20.855904688167602,101.4055314567196,288.96047203748725,standard
9,22,602.9066659839585,20.742465735980787,100.03723804639031,276.2623752874057,standard
9,23,599.980334348798,22.66123865352298,100.52644738727709,277.7775580188178,standard
9,24,599.8114057388154,20.210473748782615,99.38722928841915,273.50064482747484,standard
9,25,602.7267212035752,22.521963155060003,99.98317931742255,281.8907134024881,standard
9,26,600.9281303298682,21.216808431313286,99.9789816954601,276.24039170506444,standard
9,27,608.6471411477628,22.04053670590407,101.03810910410554,275.7000890086157,standard
9,28,607.386502342766,21.356485053215543,99.17428721188399,276.55472201919736,standard
9,29,609.1889345117792,22.46923694931075,99.04682822806538,277.8866751476417,standard
9,30,597.9240640311604,20.377765498493126,99.78163422366838,270.0705417812656,standard
9,31,606.4665409533725,21.92440752243194,99.64094569460387,264.92798589503406,standard
9,32,606.511458258239,22.914414528207587,100.26055060393124,278.0677714732435,standard
9,33,605.6822953305073,22.25391108684718,97.48682753582615,264.34294299430786,standard
9,34,604.5207537779802,23.090319552276355,98.36899887591038,269.98170009874417,standard
9,35,605.2451348491098,21.92283188488524,99.19889396913327,263.0442181387358,standard
9,36,604.1128882557219,20.455214094209886,98.67204579267211,261.6001592692564,standard
9,37,604.0020570319527,22.636873062590038,99.54863195279052,264.1609725232116,standard
9,38,608.6862455713484,22.855561925830365,98.56494381019435,259.6857185714281,standard
9,39,606.7884667103006,22.9137671099019,100.2278443070315,266.95586522470046,standard
9,40,604.3755809804785,22.297993719872736,99.47101780491776,265.3399888902949,standard
9,41,608.9669084061144,22.396122167168656,97.51597734757148,254.00531811877204,standard
9,42,607.1179005429582,22.862225579424344,97.64132062656562,258.22284805444633,standard
9,43,608.3436730709154,21.428773342492853,99.8149972018044,255.11234425720087,standard
9,44,610.3728393377299,22.1065475542241,97.65337451711582,253.7093150507914,standard
9,45,606.464555630768,22.31152009322852,98.4339985784269,256.66982574838096,standard
9,46,606.3864618906108,22.69388760604799,96.91077360079741,255.95849008005237,standard
9,47,606.7823901069249,24.43029298048287,97.65043483274604,243.95852335750243,standard
9,48,609.0542054817902,23.226527018313,97.55156697946886,244.35125522497955,standard
9,49,611.9621901920528,24.354110390606785,96.04254324129387,248.7088848537175,standard
9,50,612.4925761643517,22.523937442222135,98.00938776597334,248.58620336185317,standard
9,51,604.2873090786954,21.355224255771954,99.52254731073475,239.7853154687616,standard
9,52,608.5418143563262,24.006579492757652,96.98877370109884,243.37865798702464,standard
9,53,611.5895375651749,23.712891720227038,97.79271429312111,253.01124501680584,standard
9,54,611.7196071703629,23.509052693015708,97.47983977212633,243.93275648264103,standard
9,55,609.1091602318662,23.111405170852514,99.28895717823485,237.35112959945332,standard
9,56,603.9172094128013,23.54087111148243,97.82845558619309,240.8647569265113,standard
9,57,603.2458298424767,23.439545844798182,98.23724489199924,246.2673949097587,standard
9,58,608.906718399363,23.347395921759503,99.43700063679034,235.43766348275724,standard
9,59,610.4591676565427,21.86885283520465,97.3916381199992,234.93671433688343,standard
9,60,611.3458276063558,23.534589766404608,98.18649675540702,234.46633506135274,standard
9,61,608.2509195122013,22.89653469669089,98.55345501485422,234.04454432334194,standard
9,62,613.2893830956152,22.044419550375906,97.33348016754344,246.3860025498305,standard
9,63,608.1445837561139,22.46512133559559,98.32907156253766,234.6230387889273,standard
9,64,607.0923892331451,22.74412918920128,100.84837360562594,234.74224049907932,standard
9,65,603.9732979190014,25.39370975900553,98.66107090511056,231.16766784490108,standard
9,66,607.1006427339415,24.63347279615823,97.77308167251054,224.3701109077745,standard
9,67,615.4117198938139,23.586009537784044,99.48557173648243,239.39217478982857,standard
9,68,607.1969713665516,25.113189864363147,97.3085574501363,222.66649706598028,standard
9,69,609.0762055019336,24.53763750177628,97.46726335200367,229.46475829537448,standard
9,70,613.9306981347859,24.306493980290092,97.05670168871505,233.51015161833664,standard
9,71,611.2430267008627,21.738395198537958,98.29835291377145,230.95914353858052,standard
9,72,610.8603633887425,25.211700581069575,97.1676064156735,229.6824989441045,standard
9,73,606.249121886498,24.78709038339883,99.7630596955399,222.0257182376623,standard
9,74,608.8205936040367,23.72998455710845,97.9099982258016,220.6848186357314,standard
9,75,612.5137421360729,25.346839945469164,98.28434721345378,216.15792287180963,standard
9,76,614.3855029954758,25.49736741425368,98.55016137234631,225.86421124327913,standard
9,77,612.2105679426154,25.6523893981264,99.61351348760346,218.23479768317574,standard
9,78,614.9343761873844,24.593782901992547,97.53032694797139,214.3173465480898,standard
9,79,610.9956317714539,23.742735042031587,97.16614557049405,215.50906808110926,standard
9,80,610.653274838061,24.393889642976596,97.6967549184388,211.92625068854335,standard
9,81,607.813445556764,25.221914270730526,96.77256188292989,224.37264895114964,standard
9,82,612.9758091660451,25.52676215020641,98.9506923204209,216.45144594096715,standard
9,83,610.7265398837512,25.851702585598815,98.01951356392969,216.0633484508935,standard
9,84,616.7743739008679,24.827755690160068,97.51277363755578,216.1061132541713,standard
9,85,609.9462183153046,25.177585389486392,98.8467601773985,217.2248415768809,standard
9,86,612.9931902791968,24.99823271883433,97.75086702840635,217.74883314244593,standard
9,87,614.8777164926693,24.88813513817802,97.71478159411012,215.3996987057414,standard
9,88,610.1784150374191,25.448230541183694,95.19869611369764,214.41266854910592,standard
9,89,615.3310291636881,26.08754612578646,96.93495314783043,212.54523417512019,standard
9,90,617.7718615366235,26.813769648291256,97.27082730077343,210.6965981536478,standard
9,91,616.9827334342033,23.959197984737827,96.94692425732298,215.67785227768377,standard
9,92,616.7256016250542,25.889263777649905,95.73416759466937,207.75044883479418,standard
9,93,612.1802538112503,25.91103890281721,96.40065331520512,201.87138302512696,standard
9,94,607.9054041669491,26.8618046849767,96.78022948855696,206.78572891851266,standard
9,95,614.2432856505775,24.632566067039498,95.89093508855181,199.97342437001382,standard
9,96,612.2304946835118,26.126606247013804,96.3242823364794,212.7324531579731,standard
9,97,617.6314531076794,26.62835954966571,96.97034109752686,210.57140367860242,standard
9,98,614.0459831066366,25.84873858584575,97.22997453974928,205.5091152027167,standard
9,99,616.760724237009,25.464874721555397,96.49700628057404,204.1995147857604,standard
9,100,617.1457097516737,25.60664887517713,95.41281193032155,198.9634195199588,standard
9,101,617.0205773964775,27.86541684641978,95.77204203765933,196.86714373584712,standard
9,102,614.1317893154238,27.475805339431503,96.90505849954137,193.46336720313866,standard
9,103,617.1260858487655,25.775361479959052,95.68561272664205,192.53613346361925,standard
9,104,620.8021258632679,26.624209221649465,96.98776005545254,194.75053132093976,standard
9,105,616.6264465263564,26.580235946002496,97.14216882820732,195.57422545138877,standard
9,106,618.5063950149166,26.38310434600073,95.84206116444736,190.93788554549565,standard
9,107,610.1129439195308,28.446817116042393,97.65275459195269,188.84964752435383,standard
9,108,615.3544654518088,25.843123525793565,98.30254721137412,184.90061417864536,standard
9,109,616.6934281764563,26.431472157435152,97.55683863070912,190.47995386137652,standard
9,110,611.2253733700337,26.348882165357562,95.72783778205668,190.3978977327828,standard
9,111,620.9525311095609,24.92057475576772,95.8697772646001,186.2365352310825,standard
9,112,615.6551067137603,27.46012566410524,96.46645558243861,190.07901362860224,standard
9,113,615.0726808688047,27.00992434541794,97.38779763087771,183.33850225131457,standard
9,114,619.4440743594196,26.89237276872757,97.62546024048225,184.99290049961513,standard
9,115,618.3937339654863,26.859393768321468,96.45378773795942,186.29465214112844,standard
9,116,619.0104224076747,25.710435088075997,97.95363360881787,174.701684797251,standard
9,117,615.4955636707832,26.925730929235097,96.90235596908595,190.8808626387069,standard
9,118,612.1251255353247,26.572305871610286,94.33316651220073,182.15810986955123,standard
9,119,618.6650507535002,28.730795742171253,96.55063476089346,186.2201256472119,standard
9,120,619.7515112446172,26.76475180299483,94.99103925320797,181.37501149145905,standard
9,121,613.6736939485639,28.555207072669642,96.20793789796318,184.9758870575571,standard
9,122,616.8593566976027,27.588850786400993,96.54934885733469,177.77477940994538,standard
9,123,617.1520214598103,27.772456018470518,95.3838367365168,170.9528233552047,standard
9,124,622.3284806799805,28.1671679888921,96.34589160860224,184.3257119127189,standard
9,125,617.9467034438254,28.82270321998898,96.42557408492583,169.87624624961805,standard
9,126,624.4441205753126,28.550710846624085,96.09897896899044,177.63585629766973,standard
9,127,617.8388896980063,28.44914903505954,93.79892143471604,167.90099333152702,standard
9,128,622.1377792328609,27.43034446178108,96.36754229488874,165.26607168942283,standard
9,129,624.8936009871063,28.930529643717676,95.92931478162467,168.97652071568336,standard
9,130,622.5888130842591,29.78247045016893,97.05376025581135,180.859013336983,standard
9,131,616.8829460128143,27.04061316950121,94.88105888194664,171.2088032482474,standard
9,132,620.3268106494131,27.768048876528017,96.84925862812331,174.1616430260733,standard
9,133,615.3730127721395,27.383027972098883,96.83014359412306,164.66130658070708,standard
9,134,617.7053817709256,29.058537427650393,94.69049993027602,164.49210096104449,standard
9,135,621.2359320774144,27.526180086089884,96.73315565601318,162.15561512401317,standard
9,136,624.6258584803377,28.034253702504227,96.59127013670536,167.7301197649141,standard
9,137,618.6673799917677,26.16651345134411,96.25075575466384,163.36144173562434,standard
9,138,622.3674780827255,28.053472527617163,95.42957230119929,172.0423650549085,standard
9,139,616.4329378154677,29.07395047836424,95.25539814181661,159.3211069112979,standard
9,140,620.0486915022781,27.596565725828743,96.37122421023624,166.95321797974978,standard
9,141,622.56004098374,28.563381996212097,94.78355950090075,161.58412632912226,standard
9,142,627.7690488951879,28.13930537620491,95.36401642064813,155.194554345095,standard
9,143,619.9817572965168,25.834700446327613,96.1150353858557,152.77223911822693,standard
9,144,616.7692106436247,29.393189949732548,94.59798221495807,154.30665473058122,standard
9,145,626.1493271735658,27.29078420197549,94.11740176540225,156.3465309478117,standard
9,146,625.3484620920311,27.185658282268037,96.02768973683717,156.90499769980846,standard
9,147,615.872518548923,29.61850133790722,96.46660587984218,151.44107213371987,standard
9,148,625.957039086894,30.016455574324848,95.6631179257172,149.74277304837534,standard
9,149,619.4315163222511,28.902436490633807,96.09975891970419,149.37911569479678,standard
9,150,615.9074969842139,30.26871389457657,95.69022322184489,148.10187751661584,standard
9,151,625.2214751652698,30.58463859648276,92.66808843051211,151.17131824961035,standard
9,152,618.520052367569,29.619110506798943,95.56792720237458,151.17863263220275,standard
9,153,621.4522571565161,27.30675988818085,94.95963180874332,149.0342381756989,standard
9,154,626.1461769860257,28.068168699527476,96.40706042687302,142.76063855176739,standard
9,155,624.3373496447836,28.79010604713437,95.53217062771209,149.45938817285136,standard
9,156,619.7189577681344,28.680094103253168,95.50496258734208,156.00791830515175,standard
9,157,620.9604308634995,31.46013388599692,97.29442330367517,142.51344424649204,standard
9,158,622.8055424214003,28.787934801335307,95.19179746966734,134.96640283720222,standard
9,159,623.6212829480382,31.036880273850855,94.61891493752329,139.79637848005476,standard
9,160,618.8965785771983,29.974062088131046,95.46448168495138,140.31851179882887,standard
9,161,623.4995188493335,29.367242081227545,95.67190023370067,138.85591699205688,standard
9,162,625.244915614666,29.934982817454546,96.26342728709577,141.38497048687526,standard
9,163,625.0285855294507,31.29842203065218,95.53026852905656,143.5248134439521,standard
9,164,626.4208278251599,27.998080921068457,96.38483476331933,136.67588120671334,standard
9,165,624.5941356872977,30.181348347489575,94.70501683804292,136.13514430194473,standard
9,166,623.1243718009707,31.23427225873437,94.90641188637895,132.08708078638784,standard
9,167,622.2752225528421,30.288775789148644,95.17710710012508,134.94212306838753,standard
9,168,622.1182443374846,28.478818801188424,95.58559130250656,139.42320930938254,standard
9,169,622.2709391328303,31.729441283561698,95.21391105873639,130.96468547724587,standard
9,170,624.3073539103626,28.815481980575008,95.88772851592461,126.12196819281199,standard
9,171,623.3105799727872,31.251926309886954,92.98701655332827,121.38201094665916,standard
9,172,625.7455972694758,30.613284429004853,95.32473464796892,126.49100753301873,standard
9,173,633.5411090059251,30.15210744123417,94.57921384789728,123.01506665593061,standard
9,174,626.4717204495632,31.05496123204677,95.98357805453347,118.55357867779891,standard
9,175,625.5120139849329,30.946703610809145,95.33705753459454,125.03274328902269,standard
9,176,628.0272719085963,29.751036107074203,96.27790543231835,128.96314051489713,standard
9,177,622.5152166388044,29.544896951883246,93.6430782498931,126.38984985448265,standard
9,178,622.8458167007476,30.34897566579192,95.11470439641677,121.66917032726782,standard
9,179,627.6266625471382,29.674197288651243,95.22485437339724,117.93394053762002,standard
9,180,626.0261409768062,31.037731727905985,94.70307822153084,120.11990009507797,standard
9,181,624.8981195340697,30.56045058880081,94.57218359083703,112.12457383416458,standard
9,182,625.9124011010598,31.307679879032847,93.26256339615465,123.7829082579712,standard
9,183,631.2588397877996,29.734849424039915,95.86761963305014,116.28209205643932,standard
9,184,628.8555436774711,30.543348947871753,95.40304482722676,118.03047009424334,standard
9,185,625.3075402302072,29.934798000034714,92.98969756479077,115.93970888216379,standard
9,186,629.6174142353392,31.810965678779443,94.30201890539263,108.21501772167818,standard
9,187,626.0037756059286,32.372348638961924,93.90537143539991,113.71708815340737,standard
9,188,624.9730485492754,31.616583045459038,93.90231543832093,117.23356356887882,standard
9,189,630.6706731186205,30.8442940534251,94.20333597265234,108.24441879979686,standard
9,190,624.241700410365,30.542557570452782,94.49821732772082,111.62629749114791,standard
9,191,629.095643710778,31.158266946041365,95.20306660572098,109.31770952280469,standard
9,192,630.9097614842877,29.74622486779748,90.31759974838165,109.4189401391904,standard
9,193,624.6757030388355,31.36754829728694,93.90790295897538,114.93700301207768,standard
9,194,630.2999896588309,31.80585902679867,95.01699115463369,107.84248793419519,standard
9,195,627.8769690210347,32.77147593025456,93.04024987211173,106.61623593766781,standard
9,196,624.757290617591,31.963943857515993,94.31298964177293,112.38227480957332,standard
9,197,624.8550783196746,31.219112824146187,94.91268242657415,104.67658628198654,standard
9,198,630.2409151540126,30.92386429704146,93.46918165190857,108.22520504111628,standard
9,199,629.6954724187383,32.31535969614447,93.91481167122352,95.08457242375117,standard
9,200,632.801431278225,32.503232384532495,96.30563683736719,94.92209310174728,standard
9,201,632.6177187636014,30.748456033963002,94.12734656767307,103.88253294531583,standard
9,202,624.0835946517105,31.91506752575839,93.37679026595738,94.49021350852439,standard
9,203,631.6056379567781,33.3006857064226,93.77672128477084,98.0274321378001,standard
9,204,630.9429262591777,32.24180350635642,92.79065736228789,101.54222300861446,standard
9,205,631.6355861044765,32.69488149000257,93.04349037097441,92.70389801005379,standard
9,206,630.3715974068676,30.825875306551147,92.13196567480232,90.99626034680716,standard
9,207,632.6175622993271,31.76686261007006,92.7711948024093,88.92657173381164,standard
9,208,629.8339727305641,32.1261410371799,95.92552145220657,97.2731031424366,standard
9,209,634.4243223368452,33.70858036427338,92.73117913066595,84.8881769250638,standard
9,210,628.1793891253978,33.93450613333784,93.15280821111752,83.74321908880357,standard
9,211,630.3570113993405,32.42139446828537,93.93841327369456,90.25475510356021,standard
9,212,629.3154583083794,33.40565639251371,93.00080646624984,87.21861831647479,standard
9,213,634.0103222115101,32.13817859605566,93.04064857641886,89.95834024846566,standard
9,214,629.526800470185,32.45520797639593,94.13574217804289,96.27046220717988,standard
9,215,634.0662135142883,33.37263976299001,94.08080158367272,79.63404862966475,standard
9,216,632.7467902160397,32.9302335116636,93.84158454037275,84.58254026237935,standard
9,217,633.6890990322513,32.708532805100795,93.5486089173718,76.86085716971505,standard
9,218,631.7402781659913,34.47083354817664,93.77880833962827,81.89539481308462,standard
9,219,638.538369828763,31.779165021698923,92.32054444455379,89.56355705638137,standard
9,220,633.1378828081469,32.95741696371021,92.20079567490436,82.23848133197507,standard
9,221,634.7833796085823,32.165505639165104,93.22972441444958,77.32242083983466,standard
9,222,634.0679314392563,32.200749757779356,94.59194745451316,82.57911890798802,standard
9,223,632.3604733238016,33.16358128836163,93.17357784972239,73.10845723496749,standard
9,224,632.2697117452949,33.169729632325385,94.89286837070713,80.73309154165219,standard
9,225,636.5539641220099,33.86992561300439,92.13267299106876,74.7925444771131,standard
9,226,636.8114653788401,32.30173537063271,93.85655320687326,85.61304612631383,standard
9,227,637.2354499379692,35.03402913556199,93.40833875044216,77.83965974382495,standard
9,228,632.046440356938,34.475863812341224,93.81438813406076,73.44955587018832,standard
9,229,638.2980222591556,33.201215162152614,92.94294248352634,71.47731020679149,standard
9,230,631.4111670867318,34.02693194380024,91.38106958704614,75.23477267214105,standard
9,231,634.7899120996979,33.339107096096235,92.23562638770487,67.82710485190407,standard
9,232,636.8647791323172,34.467738978737565,92.33446205272155,63.76980163686183,standard
9,233,636.920696118959,33.25765259538497,93.0699097740795,67.61877321262139,standard
9,234,636.0361863951803,34.898270430181874,91.71703706313268,56.44420337369756,standard
9,235,633.5476581563149,35.90152840783219,94.97217410008739,74.15588567782943,standard
9,236,634.8210558967179,32.37788491801517,90.57696089834816,60.92980919225295,standard
9,237,634.9557791095518,35.52062540105596,93.75780545954245,64.1370253949581,standard
9,238,633.0304656871766,33.319220441755114,93.11412768707143,65.48525489419863,standard
9,239,637.0256437867367,33.305402040393346,93.48066762879209,63.12955483550706,standard
9,240,632.7880007814294,33.61567902969974,93.48849597456156,58.82746232427054,standard
9,241,640.9174419049093,34.961129276064575,92.28336881181073,58.94897199804534,standard
9,242,636.4901501779132,33.791609686758285,91.82741180182236,61.5069494690475,standard
9,243,638.9858198911263,35.183781469552954,94.22531809432381,54.29113381994199,standard
9,244,641.6228122982134,33.73907888144585,91.66731443663151,47.20020558925375,standard
9,245,635.4126140585196,34.19627766317055,93.17593728025466,56.219454708102255,standard
9,246,633.3210798869426,34.36727376157418,92.24853797891232,45.12008876519054,standard
9,247,634.1071598189599,34.04918636938591,94.02362501982095,53.957253579786766,standard
9,248,639.1865062618425,33.381364502850786,93.754214483014,58.50551031512046,standard
9,249,631.3549650985661,34.23468327608415,93.0257655730155,54.22194226769091,standard
10,0,597.9645158085383,19.694500536946347,99.40261893895486,150.5520902347306,accelerated
10,1,603.8915355943857,19.348957842858795,100.94082049776841,145.09163963826558,accelerated
10,2,598.0571183625094,21.05859461834321,100.80193637800761,152.25704968381328,accelerated
10,3,596.9526077753455,19.894049021927948,100.64298859200332,147.20770920281947,accelerated
10,4,597.9789214614077,20.938317939125444,99.04519274100853,154.97262424196106,accelerated
10,5,606.1345243872548,21.20409742635557,101.06100670476978,145.3239567506169,accelerated
10,6,604.096312483125,22.197720295302073,99.88549868179432,142.72406414242857,accelerated
10,7,596.9861341254687,20.756866474278507,100.40342318456231,147.72816713783814,accelerated
10,8,603.9130951971553,20.41870090503776,97.54317843105241,139.52392450997633,accelerated
10,9,601.7869653868382,20.767071032809984,100.07855635697791,150.9283820550742,accelerated
10,10,603.3705876055233,20.983268210843537,99.14077818699592,140.62192383453856,accelerated
10,11,600.8151187189547,21.440198558746054,99.7908123363318,140.04843031787243,accelerated
10,12,604.9726258020144,21.873747609348538,97.50810331775355,141.184350791977,accelerated
10,13,601.8869554630127,20.46416083699604,98.115548172145,139.16770805236266,accelerated
10,14,603.5322752183255,19.99803121601459,99.63803781519228,128.80195934600587,accelerated
10,15,604.9194640755546,22.038498925673053,99.98557708169504,143.90842393233424,accelerated
10,16,600.7059710222983,21.867526143936953,98.76366470495579,136.16874842980482,accelerated
10,17,605.7470063128009,21.68745375726338,98.53909781138915,127.41774572407977,accelerated
10,18,608.3635847472195,22.619204181599528,99.83776819779514,130.44801931762242,accelerated
10,19,603.7294935939168,21.201684933370775,99.21891758374066,125.80103387735883,accelerated
10,20,611.5459892068997,21.09235741890656,99.0736601192125,137.83427353606893,accelerated
10,21,608.0972692777914,22.69567371249178,97.7715163530381,122.09115405716148,accelerated
10,22,608.9101503267527,24.146147240774948,98.24115000952183,122.30469246191825,accelerated
10,23,599.5254917083529,21.77923515633746,98.50634315750096,134.99561620418368,accelerated
10,24,609.219401076699,23.18508540470675,98.15988033869887,123.08417141372021,accelerated
10,25,611.7169427925239,23.20073854075839,96.39739930807897,121.63230176051378,accelerated
10,26,605.2253519046851,22.573735990822534,99.00291066028508,123.46277559102876,accelerated
10,27,607.8694037789891,24.55347316132524,97.6835389102133,132.32099762943676,accelerated
10,28,606.3860772258868,23.44919819661257,98.03879640459722,122.6170956675048,accelerated
10,29,610.0337759852194,23.913835240088876,97.50688266937942,115.38542661276215,accelerated
10,30,616.5095153727171,23.116015660399448,98.899212438672,111.96179344738401,accelerated
10,31,608.461161840286,23.592800616017556,98.61281506992783,105.3877292950403,accelerated
10,32,610.098421839235,22.69025854463211,98.40434571119492,112.81835401580919,accelerated
10,33,607.3335519122232,23.68637238960673,96.9676705303968,114.62232776632322,accelerated
10,34,606.6198726943701,22.24682954830127,98.97795705242936,109.51975653588036,accelerated
10,35,609.963957337176,24.952891081493785,97.28505589748396,110.87417050127232,accelerated
10,36,611.4787142660023,25.437933822727153,96.67068473491354,113.24926083991281,accelerated
10,37,605.902516215098,24.04679899631781,97.81420468453808,108.72687679122467,accelerated
10,38,610.0290244985243,23.15177323169255,97.7970786113815,117.27847124441575,accelerated
10,39,608.4085683906886,24.057328233447617,98.16254624645418,117.06045359661368,accelerated
10,40,607.5204305633732,24.63121526258405,97.88313082231952,109.48971804685576,accelerated
10,41,604.8696237993687,25.421090009308774,99.05933635109065,109.58330875584751,accelerated
10,42,609.5066818401173,24.526872753635715,99.2499130676556,112.5498127043028,accelerated
10,43,614.8200798551529,25.516412583534375,96.75886288780903,105.99714409672116,accelerated
10,44,612.9662317929645,25.829574316064445,98.8689188942669,111.59169068396564,accelerated
10,45,609.2418469326119,25.623994968901048,98.0367633451679,108.09430165072318,accelerated
10,46,611.9122987098377,28.434109215768363,95.96291543766887,98.58405776666974,accelerated
10,47,614.8007852437847,27.756803054963854,96.34380514929583,101.67085817176503,accelerated
10,48,617.631881019047,25.742137845112264,96.7853961454697,104.8281645094336,accelerated
10,49,615.5175539706888,26.910438785636792,98.35146888906536,102.53501530002681,accelerated
10,50,615.875198176135,26.214110982286133,97.48913055664929,100.27585318935732,accelerated
10,51,615.298174553033,27.316627120827242,98.45611618035504,91.4622352768329,accelerated
10,52,615.6300634552217,25.551305566554767,96.56902853351393,100.01258104867661,accelerated
10,53,617.9083151146274,26.247873556388654,94.90665966527719,92.1747720971191,accelerated
10,54,618.8894990106005,23.739573577965068,97.947427151682,98.60614995322271,accelerated
10,55,620.4485282445901,26.401430813119042,94.6385945759771,97.15181320753248,accelerated
10,56,620.623959372115,27.64472180551342,95.97730851651197,94.43380537731323,accelerated
10,57,615.5014911936603,26.020733535810628,97.53538857117985,87.0123384436742,accelerated
10,58,614.7185507082552,25.855974366527615,95.02975247670095,92.73207145921302,accelerated
10,59,621.184509145446,26.895123243754732,94.95425219943583,95.19972269871013,accelerated
10,60,623.0571052621049,26.553757675853404,95.92144573328228,92.57830315041697,accelerated
10,61,623.1656212433551,26.800165854274773,95.0075502190018,92.15709303136204,accelerated
10,62,620.997204219427,27.446131450435225,95.72186674034255,92.97189365496023,accelerated
10,63,620.4841080136439,26.791564483096504,96.26909473130567,80.24146233987676,accelerated
10,64,621.2576713693138,27.417766430617142,95.72428916761525,85.83562757423783,accelerated
10,65,619.6209230979907,28.69493006156556,96.69109053132522,84.21795360603599,accelerated
10,66,622.0910044491569,28.320737253691615,95.61340036371396,83.37640920881758,accelerated
10,67,619.6553313334707,28.5452613431742,95.61297738527836,81.04795406789184,accelerated
10,68,626.3062719283018,29.099735481747103,95.15939933557486,84.854704969711,accelerated
10,69,621.0550501969656,28.671551175260095,95.9973413245651,86.94821322742618,accelerated
10,70,622.0368610339543,28.337911301785713,96.84219057698301,81.16642520543937,accelerated
10,71,621.6644357379871,28.83402260248612,95.64639097663363,79.04613496497734,accelerated
10,72,619.8399162337143,27.88883278037612,94.68142961351757,71.04008356601462,accelerated
10,73,619.2608479158463,28.585732965533072,95.72311758244564,75.6435171842618,accelerated
10,74,615.132889529618,30.454586357762345,96.64648012289038,78.22879925608564,accelerated
10,75,628.2224720176598,28.02263588251629,97.387625120626,70.17392961624726,accelerated
10,76,623.516213775874,27.846162674865795,95.45469409554437,75.93083248999194,accelerated
10,77,622.6359290065964,29.95387744409014,95.47901444948725,70.38792635811245,accelerated
10,78,621.699560046593,30.170913772615695,94.66625797019303,76.57701485242468,accelerated
10,79,627.3681353784958,27.81128613765387,96.39292638730105,81.3021134922235,accelerated
10,80,624.7560112836057,30.199084185294822,96.23700532436916,68.62258842410489,accelerated
10,81,624.8468406706136,28.40580047037689,95.27863502853045,71.4905599782227,accelerated
10,82,626.1484890687794,30.90542472359758,94.30519782186447,65.33696621663252,accelerated
10,83,630.5865220379741,29.80967162623629,95.22003378731232,66.6649497913739,accelerated
10,84,622.734957521085,31.703529210891805,94.43229858807939,60.36357238146535,accelerated
10,85,624.1477791680918,28.19829399827447,94.24871253501682,60.15935701073837,accelerated
10,86,627.652285892782,29.64658576044013,95.72780393557885,70.99241996534661,accelerated
10,87,628.4435260088628,30.22461171113992,94.9211144967056,55.3750752992797,accelerated
10,88,625.9986618824363,29.69956153193317,95.4143263811493,74.86376194622237,accelerated
10,89,628.1994649079214,28.688859851045333,94.29876980708562,61.61245462687227,accelerated
10,90,627.2620722757808,30.06918687439125,94.84529174263693,53.78749581540306,accelerated
10,91,624.4652738319447,31.565797641603712,93.52433676912017,61.69105802746129,accelerated
10,92,623.4916086760319,32.804825883791736,93.70573007759594,56.88166714098278,accelerated
10,93,628.8918397832712,30.594650047498906,94.56340596107131,59.87678362260063,accelerated
10,94,631.0818396975105,32.07149743597296,94.18818953619733,55.26684112978199,accelerated
10,95,635.5473256740751,32.34988906824929,93.37817634367978,55.49994081882776,accelerated
10,96,627.7945705836654,31.38466576607689,93.01050484229191,51.94038382807023,accelerated
10,97,634.5346673195818,32.21907630087551,91.68883859184855,59.083617462489734,accelerated
10,98,632.6688885687274,31.40071469569358,94.83726354378322,47.703003945914,accelerated
10,99,628.289232851201,33.37854636066986,93.7882699601303,41.651341690225046,accelerated
10,100,629.8100903316559,31.921411607085645,95.19836856937346,50.0716821108788,accelerated
10,101,629.0352530656791,33.165056145231205,94.0607902325011,45.249886592171414,accelerated
10,102,634.0649926816249,32.4336617645168,93.88292596667944,48.88954195705827,accelerated
10,103,627.6879948857502,31.832346223821663,93.82358260183278,46.0266815248766,accelerated
10,104,635.0172851484498,32.69740585272701,94.6149039226364,46.04697677287925,accelerated
10,105,634.6688654512384,32.997527756573156,93.71342048538847,44.9335845552049,accelerated
10,106,628.9366841211271,33.22691572013631,93.59979526546363,41.490040199093976,accelerated
10,107,635.4193853124362,31.589783974105202,93.15750410456756,48.138593743897665,accelerated
10,108,633.3465688227608,32.91214107234725,93.77100354315014,42.89707085524421,accelerated
10,109,628.1500123611423,32.730738114652034,95.07652165451375,37.70337932611416,accelerated
10,110,632.045096957687,32.65837923669081,93.31298477668187,37.08438584337851,accelerated
10,111,634.7602245064742,33.517313412290264,94.11354761510702,33.7452941690552,accelerated
10,112,632.5789785513513,33.21427736838786,93.73564691008859,34.033894013964826,accelerated
10,113,636.646961412775,34.746415590517614,92.23112765236442,34.54563552553217,accelerated
10,114,632.6042054751238,36.312386204677495,92.7300998947921,44.388127210780674,accelerated
10,115,630.7001040146802,32.810349033835635,92.41339546815179,30.771553442767388,accelerated
10,116,633.9963037975244,33.211221797278505,92.22065840726543,39.79235998236664,accelerated
10,117,638.7713808675395,34.98929649837532,93.50399895558434,33.46371532889776,accelerated
10,118,633.9089079280022,33.206842495244906,93.28299570343269,26.13184803726601,accelerated
10,119,632.7182372124738,35.43291325620481,94.76064904172209,32.966475690832404,accelerated
10,120,639.3193714568839,34.15415168255601,91.46232581391232,33.06085809309292,accelerated
10,121,638.0078679698101,34.59166855388024,92.49762454189488,33.811052892905494,accelerated
10,122,633.6428008997176,33.86621942110934,91.67189349323958,28.424864813179138,accelerated
10,123,633.6363209636722,34.07575781948476,91.91424443777281,25.69695833833021,accelerated
10,124,632.7378766607881,34.96720499203726,93.80730365066468,26.67745686158381,accelerated
10,125,642.123963434404,36.33399818587692,93.27773504724786,25.37342921318443,accelerated
10,126,637.8675011647363,35.883799772363254,92.04832939049597,14.587396242662681,accelerated
10,127,639.5760121623089,34.10893137006503,91.4178587718096,23.00111973997894,accelerated
10,128,638.1146253673396,33.94792439368437,92.48549156413313,26.830698304305244,accelerated
10,129,635.3149752892027,36.752483330848754,90.69982917487006,31.586620721854768,accelerated
10,130,637.7662187085496,35.74561699682689,90.30796642751433,19.689319667653457,accelerated
10,131,639.9854465331546,35.633837895900506,91.57691892294763,14.267177407360926,accelerated
10,132,642.991579858612,35.87080713499795,93.62075237651678,15.367588226025385,accelerated
10,133,638.5956159198834,36.775594244596164,90.39702503799643,10.932683199235385,accelerated
10,134,643.4924549140595,34.908066070776805,90.14094898469746,25.342635940365454,accelerated
10,135,636.3185470563774,36.384119398328174,91.96908519272428,0.9468584169095813,accelerated
10,136,639.9980489304966,36.76841324947911,92.19430938151886,18.517603419017508,accelerated
10,137,639.9375260552837,37.15250444209216,91.09067093191993,5.947662917936125,accelerated
10,138,637.5068148729563,35.09788954480459,92.7295859678912,4.427132454707217,accelerated
10,139,642.522116521948,36.41407580592757,91.55735142654936,17.818036475998497,accelerated
10,140,640.6847178983542,37.41160156154968,91.6375633513811,9.239905471836511,accelerated
10,141,649.1999073731594,35.47865825428463,92.82913183543745,12.28203282744986,accelerated
10,142,641.1614250161047,38.66931851744162,89.63188988761146,5.391166713504642,accelerated
10,143,639.2745533871928,37.572083464871454,90.30693589881282,9.165319733706596,accelerated
10,144,642.6406907525354,36.80064605734392,91.74864724603331,4.656891880309679,accelerated
10,145,640.2340954708229,40.20137298963498,90.81283281697085,0.0,accelerated
10,146,641.2737039308358,36.252723311627264,92.06614561604052,5.60826329795793,accelerated
10,147,645.296138405371,37.269977534162756,90.90064975294308,1.1453444819616587,accelerated
10,148,644.1564204475935,38.59533343536484,91.45607541250536,4.500564148104333,accelerated
10,149,646.1986767247477,38.76444243738173,91.34815004154025,2.794240363394594,accelerated
10,150,648.5664187235794,37.33495408199689,90.14425742004849,0.0,accelerated
10,151,645.8487436908607,36.266267758780884,91.40215409605968,0.0,accelerated
10,152,649.0039190994632,37.56808268953501,90.67668171458249,3.6110166664668437,accelerated
10,153,650.0494069403344,37.679847634248176,91.00178123258715,0.0,accelerated
10,154,647.3209602168635,38.21742434068438,92.04138339812364,0.0,accelerated
10,155,645.2366092955967,39.04793073277295,91.15722481194935,1.763795153073815,accelerated
10,156,650.3946761796038,38.434458374692774,91.9398712435306,0.0,accelerated
10,157,649.8926621483755,40.650522478420996,91.79494410685497,0.0,accelerated
10,158,646.4046636846836,37.431408703740715,90.8305396379142,0.0,accelerated
10,159,645.3205960091582,37.88925419926333,89.99960766734335,0.0,accelerated
10,160,648.8208437434971,38.59949336458604,91.46928370639519,0.0,accelerated
10,161,645.9368327002034,39.54629226724344,92.30355283354382,0.0,accelerated
10,162,647.5114331178792,37.91253864388129,90.06058767902793,0.0,accelerated
10,163,647.7372573262332,37.894615361759,89.36943461049657,0.0,accelerated
10,164,653.5020030111914,38.7933608307954,90.83275678719941,0.0,accelerated
10,165,653.7129488459849,40.04523584789423,91.04964149861652,0.0,accelerated
10,166,651.8329113057746,39.9123259363155,90.89192907079084,0.0,accelerated
10,167,650.2973540684243,39.43917036090409,90.7596961821795,0.0,accelerated
10,168,647.781645139417,39.23984776854231,88.44283558368762,0.0,accelerated
10,169,654.0080761382231,40.457829799705436,89.33023229407696,0.0,accelerated
10,170,648.5025701348299,40.495350274332786,89.62036962727448,0.0,accelerated
10,171,646.5683148872414,39.66980225418534,88.10175434090546,0.0,accelerated
10,172,655.2342825108973,40.134552790346476,89.16931606180435,0.0,accelerated
10,173,655.1056486753658,40.67142893273122,90.30471485404989,0.0,accelerated
10,174,656.3339230017763,43.02870629393705,90.08121579118873,0.0,accelerated
10,175,650.8253092128067,41.61282532166932,89.07851700283364,0.0,accelerated
10,176,654.5644717933076,40.41352449923421,89.47226481077125,0.0,accelerated
10,177,652.5522453647627,40.68540675956745,90.55476180023304,0.0,accelerated
10,178,649.1064350002928,39.43678371379025,89.07482757814861,0.0,accelerated
10,179,653.8386348110128,42.22893611380593,90.75414189726683,0.0,accelerated
10,180,653.4205343254513,39.62161508342692,89.2261851491858,0.0,accelerated
10,181,656.2168704426382,41.01151189847091,88.70494739976414,0.0,accelerated
10,182,647.7261215793478,40.73150290920322,87.50967418574699,0.0,accelerated
10,183,653.3455978299994,41.42176286992521,88.03558695382479,0.0,accelerated
10,184,659.7249322462427,41.07972947722321,88.5475799301501,0.0,accelerated
10,185,658.4157910303219,42.34342893703733,88.07363471473414,0.0,accelerated
10,186,660.8345397663745,42.247030568118724,88.65826646238409,0.0,accelerated
10,187,650.4162565485831,42.279961326420654,89.10548511232462,0.0,accelerated
10,188,649.654510396501,41.43490367297697,88.13925890944356,0.0,accelerated
10,189,656.2648989254147,42.55831131431273,89.06809605856994,0.0,accelerated
10,190,659.802424326701,43.23345244169948,88.28016773587191,0.0,accelerated
10,191,661.9692481067152,43.85289535519381,85.5214432294322,0.0,accelerated
10,192,659.9842755674158,45.046408637712936,89.71746459173355,0.0,accelerated
10,193,660.5359645505412,44.50869319864551,90.41412374073444,0.0,accelerated
10,194,653.4833083677656,42.97253909998486,88.74994559938344,0.0,accelerated
10,195,654.7603141015218,41.768932374805026,87.55883733136517,0.0,accelerated
10,196,663.5410193124688,44.4365676137777,89.29742728711413,0.0,accelerated
10,197,653.8737526268822,43.1847794191173,87.92123558812763,0.0,accelerated
10,198,659.5640845961238,44.20141975989296,88.97301518824351,0.0,accelerated
10,199,653.9887217830662,43.397122280708864,88.10371039699199,0.0,accelerated
10,200,658.2965764734477,44.5125436283994,88.29008789963544,0.0,accelerated
10,201,663.0915999579737,43.459158803247426,87.36481355035649,0.0,accelerated
10,202,658.6795604847189,44.74801229105459,87.16680769563386,0.0,accelerated
10,203,660.5994816936397,44.5749259647767,87.36025860493696,0.0,accelerated
10,204,661.4880278039911,44.682074506161314,87.75579808460886,0.0,accelerated
10,205,658.5277892437762,44.53579620504729,86.12637097788301,0.0,accelerated
10,206,658.4542603908695,44.44168974412342,87.26793567466868,0.0,accelerated
10,207,660.4416272473645,44.24469430230602,89.0158564640859,0.0,accelerated
10,208,660.7168474439331,44.70916632818877,89.16535495227075,0.0,accelerated
10,209,660.6321701305429,44.3950038498736,86.91087351901044,0.0,accelerated
10,210,659.1610564549522,44.075799903053024,86.57067962563863,0.0,accelerated
10,211,662.1562881381814,45.11283831090596,88.6100880252549,0.0,accelerated
10,212,662.7536251705868,44.809136489316586,86.41556968632646,0.0,accelerated
10,213,663.2858782994331,45.173505109677215,86.40633542486245,0.0,accelerated
10,214,665.1601745744798,44.36456173411275,88.15486869378793,0.0,accelerated
10,215,664.0510921672446,44.463022041859446,87.08763406175763,0.0,accelerated
10,216,664.6497582034306,47.39170889836189,87.21769804579023,0.0,accelerated
10,217,662.9660402683603,46.63513118591377,88.27869329099343,0.0,accelerated
10,218,667.4661382336643,46.7697377233367,88.33906441335752,0.0,accelerated
10,219,667.7016568179137,47.26373604390356,85.52127629386443,0.0,accelerated
10,220,663.4476517541156,45.671209803622624,86.31828294906447,0.0,accelerated
10,221,668.8970239535021,47.60131695776853,85.90217693883221,0.0,accelerated
10,222,670.5474655200487,47.28674393541864,86.762864841869,0.0,accelerated
10,223,666.8105886544456,47.28458468304761,86.28393330349427,0.0,accelerated
10,224,662.6683618488915,46.19221570517457,85.88298882320966,0.0,accelerated
10,225,664.7204602356608,46.46645637417692,84.98558593760188,0.0,accelerated
10,226,667.5524594432658,45.41479239222399,85.60517008945332,0.0,accelerated
10,227,666.4709341608426,46.543058539861896,86.30540732299193,0.0,accelerated
10,228,664.0909426288825,47.91012848121788,85.51970671839261,0.0,accelerated
10,229,668.5937395779255,46.95293388176023,85.23634025386927,0.0,accelerated
10,230,673.8759909272255,46.23832496953637,87.89231301910488,0.0,accelerated
10,231,669.4061142512659,46.63328918861527,85.36873058332252,0.0,accelerated
10,232,666.4629150873662,47.63108204262913,85.67298410819323,0.0,accelerated
10,233,666.4020774429586,48.06269051674858,86.26784628190183,0.0,accelerated
10,234,672.2604824863586,47.68167298711837,83.46761034841693,0.0,accelerated
10,235,667.1491773476929,47.1522250538609,86.5879020828924,0.0,accelerated
10,236,673.5533164516545,49.53016609536532,85.1950715396777,0.0,accelerated
10,237,668.8336175958214,50.67311591713217,85.08704299546879,0.0,accelerated
10,238,673.9313700776447,48.876087822108936,85.04945683858331,0.0,accelerated
10,239,665.2392356611664,48.904420038382256,86.00961533102839,0.0,accelerated
10,240,663.0800814861224,47.534363554910186,84.85190901715133,0.0,accelerated
10,241,673.168016716929,48.74977620802882,86.17524553660395,0.0,accelerated
10,242,674.430705017082,49.51474210483989,85.85755473283791,0.0,accelerated
10,243,678.3922314744938,49.65319568848987,84.45166413674644,0.0,accelerated
10,244,675.4574501312227,48.691891401075694,86.4492722469311,0.0,accelerated
10,245,666.4725649870039,49.699671977337935,84.89397084558728,0.0,accelerated
10,246,676.6326445207554,49.71516204714182,86.9052522339447,0.0,accelerated
10,247,675.9744534691616,50.44494257363735,85.08265403110727,0.0,accelerated
10,248,672.6159810385135,49.33743158097878,83.8075113096637,0.0,accelerated
10,249,675.6757550275631,51.059263158579235,85.85114000435588,0.0,accelerated
11,0,596.4654609379971,20.432850402519975,101.11075317241465,253.77592486901972,normal
11,1,603.4534325745719,19.868110468801756,99.49338103182434,245.31549323884101,normal
11,2,600.2323106001592,20.081409204031182,100.12667762853911,247.35351271482247,normal
11,3,600.1991168108198,19.463305947027855,100.82161901355148,247.38259031121856,normal
11,4,600.2766681971441,19.572570746750795,98.50808688960892,252.53982096274672,normal
11,5,602.6639161243954,18.776082157430032,100.56314230070966,249.61240585116553,normal
11,6,601.5731283669028,22.07811089575176,99.97671964212289,236.91588236025405,normal
11,7,602.4955070031449,20.804897301712728,99.11670315122184,245.86779418438712,normal
11,8,596.5970042014275,21.63056682744279,98.80187829639455,237.07526937441483,normal
11,9,601.4585256830775,21.152972928043635,99.80392406359343,237.2867041711381,normal
11,10,600.4817321264244,19.66695765262254,99.37532009837012,245.37510607255456,normal
11,11,602.1872111870684,21.739414254759453,101.01540133772619,236.05990740481516,normal
11,12,601.8402802408339,23.131192861062495,100.96434341197994,229.63797737093824,normal
11,13,603.7614449481828,21.040559992339695,100.30645311085877,233.27510616257473,normal
11,14,600.281174883878,20.443929284706392,98.86807145380156,240.07662083404506,normal
11,15,599.4563964805534,20.57738610004068,97.61098760949857,240.03558911706187,normal
11,16,607.0130902982935,20.952926569136213,99.06205063518678,236.2661095114145,normal
11,17,607.8234460221347,21.768610747563915,98.62245805752488,224.9058871400678,normal
11,18,600.2546212120095,21.513219450312466,98.6246724767992,232.9748385299538,normal
11,19,602.1412279512913,20.46185356870559,98.06296836854692,238.81177254686614,normal
11,20,606.6669632475509,23.33051795182796,99.7399509007551,227.85004295692582,normal
11,21,608.1700227674698,21.64693199863823,99.38084177029035,228.7858781046224,normal
11,22,595.559287342148,23.364735012294854,99.61100394595776,229.64911530434256,normal
11,23,604.4146718131883,22.00342782038613,98.48272106415375,230.08289676153635,normal
11,24,600.8787049668025,22.106068432470547,99.60157347057111,225.00665433088548,normal
11,25,606.112603377413,21.00866560776575,98.03417322910404,226.18358560513195,normal
11,26,607.2356489638632,20.205134344498287,99.48202063511076,221.28399249811832,normal
11,27,604.8215817380777,20.820482076434963,98.06838275981329,227.83062662765155,normal
11,28,605.6985901219407,21.857221598290444,98.76351164736896,224.4460591233215,normal
11,29,607.12148348849,22.2449729996032,99.93295911089668,225.85231318453333,normal
11,30,607.2401160873912,22.454611782910067,99.45732109511954,221.57133710900592,normal
11,31,609.3824002154179,23.37956137673831,97.74174609858228,213.57018414629147,normal
11,32,604.2962513667877,23.536138690066924,97.14369100322875,219.97378694553996,normal
11,33,607.687629273279,23.802648058686195,98.8603386906639,210.2839530470805,normal
11,34,603.9219351180556,21.538004478102174,98.10205603366686,215.08549216288037,normal
11,35,603.5036754213369,24.27066199065229,97.27471862804755,221.7305171193124,normal
11,36,610.755489094318,23.778302549689034,97.86623339250325,215.71225439588451,normal
11,37,603.5678865993481,23.87090703503375,98.44601521846373,210.9533989270666,normal
11,38,603.9287654600312,20.562493881370983,97.44145914296425,217.56399097806454,normal
11,39,606.5914997145755,22.950671142884953,99.09555435828845,220.02834439058134,normal
11,40,611.9750139648369,22.22766499618381,96.4574294285626,221.7980712955005,normal
11,41,615.0069748349785,23.468453596429285,97.08951175441818,213.8161326694697,normal
11,42,608.0760489419622,23.24701887689339,99.21445884310512,209.6718737343665,normal
11,43,605.0425552669552,23.115258064918027,98.94115292866135,209.5512611120251,normal
11,44,609.5860497230753,24.453422954475865,97.87828301218273,206.89334887609536,normal
11,45,598.8732626994672,23.150349806157188,98.96390290857565,203.0480276644143,normal
11,46,607.8013178248488,22.63854704822518,99.16336589272915,206.74231636770284,normal
11,47,611.8762437934693,22.033786038042113,97.95954995673436,201.59944496124996,normal
11,48,608.7582848802043,23.223972456282045,97.73389572821998,206.24822391353325,normal
11,49,604.0614459399565,25.697294768030456,98.52384112502646,200.78834052169893,normal
11,50,612.7205024391188,22.548165254831567,97.33529909484899,199.39462283804724,normal
11,51,614.2966811112966,24.033503418873444,98.41005467118514,196.05210502031937,normal
11,52,611.8605262069025,25.837239592974456,98.91552669167412,197.5927200611106,normal
11,53,612.6264725417965,24.817516954607214,98.38658767169727,202.55976680430206,normal
11,54,614.1134331115123,24.192841403125115,98.48187906147777,194.08452539420102,normal
11,55,608.2307828110532,24.13050624429601,97.72372184826041,186.69209505411004,normal
11,56,613.7809976782502,21.712674577397603,100.47481693948633,201.5093956689816,normal
11,57,610.616973827483,24.569426360563774,98.02297187358728,190.05419806005528,normal
11,58,612.1778574427608,24.49600002229834,97.58572728276904,192.9073053174032,normal
11,59,607.859416604938,24.759569724133648,97.80344774661748,191.64424810677957,normal
11,60,611.3525077336915,25.937857775969373,97.24634744511845,191.13662953411594,normal
11,61,616.0918926017766,24.80062385997969,97.77446326746755,188.51807681842553,normal
11,62,616.1121093806908,24.702275438413707,98.8033545772882,187.48206052676468,normal
11,63,610.021620829656,25.71937317057412,97.17533216624435,190.10250449549582,normal
11,64,604.6117868452287,25.125205261894948,96.98039470124252,180.68370656734362,normal
11,65,611.3402769944806,24.62629685570735,97.35201420514943,178.16336769357522,normal
11,66,614.1488213407791,26.64621478520579,97.64092849694782,188.04494304614505,normal
11,67,616.6836873638414,26.596489512184178,99.1901386928213,180.50399000862035,normal
11,68,611.4445480445166,26.223465648324737,97.9882662196574,185.87837649807844,normal
11,69,619.4678473627507,25.531369908798492,97.66615655964618,176.09805874258262,normal
11,70,620.4059633719279,25.26345507879089,96.89178407183917,178.26625054495878,normal
11,71,612.265312424067,24.95056295115235,96.63629571711047,172.17102035974528,normal
11,72,612.0440462392103,27.70896311144762,97.85565514364137,182.62952088363858,normal
11,73,618.1316263622508,27.67413456436239,95.30857744855615,170.85058442356728,normal
11,74,612.3888290173159,25.450270203510403,96.73943060941475,173.7651122359698,normal
11,75,615.6579267393962,26.035295390745215,96.27716520482176,164.12225611506216,normal
11,76,612.2213938838639,25.530761346687427,96.71292056319227,168.35166270344732,normal
11,77,613.9275806005107,25.029012611514414,96.79418064845167,167.63454335818693,normal
11,78,613.0532860308887,24.931315869010863,96.7264993044302,167.66776115023802,normal
11,79,618.5203528000262,26.7258502666929,96.77014813181636,167.01257251328104,normal
11,80,617.141560915949,27.090700889348636,96.94268841220163,178.01850927733466,normal
11,81,617.5789119542245,27.393607217568036,96.89356541553599,172.3783222662849,normal
11,82,614.0096563019924,26.10160163678721,97.06936355348238,169.7104974077869,normal
11,83,618.1228354688297,27.74039289227873,95.25502882818459,162.1277372619485,normal
11,84,617.4887179232227,25.99563636819654,100.01776824128936,168.57859809585068,normal
11,85,616.7650074532095,26.28453072691614,96.11983771680696,165.15070330657588,normal
11,86,617.5359457978639,26.423300855306486,96.2868477534801,170.721422876173,normal
11,87,621.553514887953,27.212033979934876,95.17874027276326,165.6925157831952,normal
11,88,622.262847324833,28.409781101962377,97.21442585280967,169.1121147764291,normal
11,89,617.960152817437,27.748102969833706,95.75922443367482,162.46132728077856,normal
11,90,621.9886027319116,26.61057658851311,95.53855657053572,160.48744469511848,normal
11,91,617.520013388828,27.92914772107042,95.90674047405295,167.59219807801358,normal
11,92,614.5309717061168,28.613734786219734,95.55515077169188,149.0200863270799,normal
11,93,619.3136254690467,27.185392013986117,95.17039063209697,148.59311554142369,normal
11,94,618.7749176381856,28.495836891623817,96.82495349308644,156.28353324419632,normal
11,95,620.4365427196532,27.572785867622144,94.77027575696962,147.89553007388278,normal
11,96,618.590494413046,27.519346713633926,97.01098267850676,157.78652111887374,normal
11,97,621.2153990472768,27.47971728692282,94.73934782988987,155.0603556853301,normal
11,98,621.1755079397865,25.451468537522313,95.24566181341734,148.54472811303052,normal
11,99,620.1550506033702,27.11663956723431,96.00186543117536,149.94732529823503,normal
11,100,619.5225515853869,27.283605706299255,95.36101494593332,144.59866470109654,normal
11,101,621.3402023217216,28.65110262859137,95.18938204987465,156.60320048008523,normal
11,102,619.4561956576738,29.690185623796566,95.2778728261684,137.86711111700282,normal
11,103,621.806593474737,28.488545105118988,95.91439379530757,143.78883760778007,normal
11,104,620.6962833235425,27.808740542130472,95.53765043366825,150.20816127882537,normal
11,105,621.5526516885902,29.009951387331977,95.56813149337421,143.28991327097611,normal
11,106,617.7395524073341,28.109963387431808,92.43888544441087,141.04889016847181,normal
11,107,621.1543774684275,29.12367365427016,95.45132212247505,144.738367711225,normal
11,108,615.0606340158292,28.58316314779305,94.00049720708661,135.95848242170334,normal
11,109,621.2385033564084,29.996263987873554,96.01120676347006,141.0911549856856,normal
11,110,621.9414088315987,28.086371106795532,95.05601658662731,142.136880227354,normal
11,111,618.0439184446666,29.473054050283025,95.17149293288115,143.12778537434784,normal
11,112,625.2832803716963,27.28691598749426,94.93841923677277,133.7223615602969,normal
11,113,617.1618161047805,28.00746672379059,97.92125584526535,140.0475494810622,normal
11,114,628.5518639058172,29.949098440018336,94.69815683899152,134.09114401662978,normal
11,115,624.7653085407209,29.637506203473038,94.82265798429167,127.45003414710396,normal
11,116,633.0632835621662,29.138850327657195,95.03426110681738,134.5666723195265,normal
11,117,622.6718142320669,29.482728907705482,96.60694728611641,132.3772576015679,normal
11,118,620.1118686820167,29.27835620552139,94.8155982185901,139.11949468623425,normal
11,119,627.3133571942127,29.6275250004308,93.96126414518073,124.87053868280027,normal
11,120,624.0453697847537,29.93632296932128,94.82537718067395,127.59915207896383,normal
11,121,622.4216023004641,29.656606039756053,92.77723764792694,123.49336685615145,normal
11,122,622.518847463658,30.967503194951924,94.30618635807107,128.90234070915602,normal
11,123,625.279628252793,31.137916505660765,96.34257740696415,126.71248515602542,normal
11,124,623.3735457764316,29.25616689717431,94.79893677753421,123.829833228382,normal
11,125,626.6608822280747,30.420309817485204,95.59180119114501,131.29641855718083,normal
11,126,630.7886073642006,30.204663393407557,96.05946377139564,122.24169908082892,normal
11,127,628.955020950749,31.22150915717585,95.92841596994299,123.47034920595762,normal
11,128,623.5949255080274,28.845471562134527,94.8399627924789,129.66506271124592,normal
11,129,624.8704652959077,31.105126585460056,95.68395140051894,119.58156889536414,normal
11,130,629.9490345125586,27.491339255519495,93.57724972126182,115.42183851820771,normal
11,131,623.7408549313978,30.816262951185898,95.05003780305391,120.96995286087504,normal
11,132,628.1882444823974,29.60989543085435,93.50182393319268,119.98159841003931,normal
11,133,624.7093037790607,29.06952495463203,95.6513442845415,123.9755095325115,normal
11,134,631.471482669096,30.90700772147472,95.2659320959729,122.84934111680955,normal
11,135,625.0757526299298,31.910677684054093,94.87539623414321,119.56855826171295,normal
11,136,627.7582790626278,32.176256709748,94.78352376254153,106.58010470266291,normal
11,137,631.7557798969441,30.01246925902789,95.77305821024392,112.5487855927984,normal
11,138,631.1280329555932,32.174768614866764,94.91014297431538,114.54267658813565,normal
11,139,629.0678858515777,29.106175243718923,94.5583302188982,105.41967911964052,normal
11,140,628.513561431237,30.05705745361679,93.21504805877393,118.02467250876951,normal
11,141,631.4083421643726,31.275857415055846,94.54476865024903,107.76041987128495,normal
11,142,630.1096291279385,30.683945633451195,95.31374026286795,106.73456579492945,normal
11,143,627.3404590125064,31.461713018484843,93.6888531700744,108.64341174748242,normal
11,144,627.1879122320597,31.98852360281884,95.45600653891147,102.40339156595913,normal
11,145,628.6082736281145,32.061330713035424,93.7641426450186,107.32160280413332,normal
11,146,630.8661965819553,32.76326177629431,93.55400995391508,99.28612379884763,normal
11,147,628.4772678313087,30.7922476604529,94.6844982040475,97.19124349911795,normal
11,148,636.5990492547581,33.135927861573755,94.09257576960032,106.33697246498988,normal
11,149,624.8895944070675,34.443373331399556,93.44978538779951,100.3975129305032,normal
11,150,624.4322001384347,32.4862873047409,92.8936558429229,100.50827880783015,normal
11,151,628.5671767012265,31.002256065069655,93.15563849823738,100.12894017042761,normal
11,152,626.5555270813935,31.411188328976426,94.58327338126448,111.01239937437157,normal
11,153,632.032766458659,31.322738357822715,93.51288582992768,97.15794503076289,normal
11,154,629.7517251480929,33.223058166736934,94.05747348301423,100.53926192454935,normal
11,155,630.0566686291071,33.725500219721255,93.63351441571845,90.14405065431004,normal
11,156,637.7319611431267,30.655022253038887,93.02126127469508,90.86486074084803,normal
11,157,638.9249188191696,34.36685888414652,95.21392814364219,91.34670668811835,normal
11,158,638.8785340115254,33.00835200384097,94.65726337030313,92.89847690553104,normal
11,159,631.6516002860302,32.46822132607362,93.43036000658084,94.0424582433904,normal
11,160,633.1015993963262,32.768528629796315,95.10952399269885,75.16623465629635,normal
11,161,633.7296617437636,33.59773870665898,94.70696286825518,88.67564279473319,normal
11,162,633.0237602021518,33.94594838331472,95.01116640428017,86.49732007410616,normal
11,163,633.4009273493828,34.71857396434876,91.35597292412115,83.54993700092707,normal
11,164,637.1975079358089,34.21253783360831,93.96244521092669,83.7570156344544,normal
11,165,630.3545445030437,32.608784380757626,94.94800822081869,81.85778655422327,normal
11,166,633.504268892719,32.52629235513825,94.20277403009902,81.3063685982678,normal
11,167,633.1072183295367,31.676617866957173,91.70663176379506,83.03836596660753,normal
11,168,629.6245285344067,35.5450866393345,91.21847688788775,77.99912350667948,normal
11,169,633.8501026018026,33.15486706220422,92.13585454333608,76.21036080252367,normal
11,170,631.0280377675023,33.313278305179935,95.15192908951742,80.38968648279105,normal
11,171,637.7487014681626,34.18697634582814,94.27386239798221,65.00017848703207,normal
11,172,633.4866259365552,35.06713542315071,92.54826417725067,86.81236582434806,normal
11,173,639.0516704613033,33.370869283872544,92.57683648095365,71.93197078822766,normal
11,174,632.9112173044085,32.68741093583109,93.468811180433,68.71976753326783,normal
11,175,636.8111990485706,34.628078696900246,91.33879559481608,82.74909303164169,normal
11,176,636.7408278832457,34.82969802144487,92.20133479845722,77.1118955923656,normal
11,177,638.7791803491662,34.06139160099532,94.92192245924836,73.22032317456468,normal
11,178,639.0223574013575,34.53300880725866,93.46552153285687,63.643338661826135,normal
11,179,636.913161214646,33.58502489874274,91.99360169422232,79.7205159223299,normal
11,180,635.3586892558129,33.3966981690245,92.44086837189113,63.497748855390434,normal
11,181,640.5016534045889,33.78431925583349,93.28929993394368,75.78053357105162,normal
11,182,634.8995419563557,35.092022432272785,91.68991394509557,80.22884784556842,normal
11,183,639.4091404038498,34.447393561239195,91.90716626911104,66.43001723580187,normal
11,184,635.7800488329453,36.67294455399951,91.4144652777851,66.67400711645102,normal
11,185,636.9449858000988,34.682589699655125,92.49138334506165,64.41964594939758,normal
11,186,639.8191981989963,35.48898444649244,92.9789116113728,48.830053189273656,normal
11,187,638.2993846224895,33.304360639829916,93.16632016313582,70.37248683785258,normal
11,188,634.8212826622344,34.77821927765729,91.880644294947,68.177158878784,normal
11,189,638.0850836558162,36.84832938056634,92.85375420294739,62.2122509031791,normal
11,190,638.2046203478085,36.01799209925734,90.66231380175466,60.42671977760255,normal
11,191,637.9898606688162,36.00541882715777,92.17229839412596,53.80632782918665,normal
11,192,638.4220520247591,34.277159471131654,90.39473778741251,61.635612407427466,normal
11,193,640.337184718084,35.90709094399357,93.58292842194581,53.674840548480375,normal
11,194,634.5066575716862,35.44997022319196,91.89249970029408,51.788521416149656,normal
11,195,638.7604525395366,34.98839485379542,90.36399471664318,52.7941165460312,normal
11,196,635.7908744998884,35.91164807161092,91.50396524175935,59.55815737070526,normal
11,197,644.2115982018036,36.43938137301191,90.56897381801669,60.5259799943952,normal
11,198,644.3271613511213,35.858790511307944,93.40292616033553,49.24162430976661,normal
11,199,634.2012621954511,35.159715561378405,93.76930086604474,43.54460038194263,normal
11,200,639.9985638457945,36.034143893340215,91.48702575603218,47.782392000814426,normal
11,201,640.4167474027087,35.51783765806527,90.53794150283207,50.07515971471728,normal
11,202,643.6200997473348,37.029572518653424,91.11026453261019,41.74386042311162,normal
11,203,639.7474363535357,37.80779150979566,92.52559807895955,50.519823383971165,normal
11,204,643.4695708553564,36.740766562518594,91.96060854761359,49.31153448323984,normal
11,205,639.3615016873459,34.98553698863368,92.52299693462432,51.18869052874612,normal
11,206,637.845304181932,37.301921482415906,93.44076571338819,43.98876899121439,normal
11,207,638.9459934457748,36.68301867352676,91.1694660317993,39.91634945021799,normal
11,208,642.8995522018147,35.03627052497011,90.23607107750777,42.096454401869714,normal
11,209,641.7330743832626,37.06355457703994,93.51522538848339,41.522570180379105,normal
11,210,643.7945164510044,35.82446706438537,92.36793766351653,37.36804567444661,normal
11,211,642.4142624977434,36.77115137493084,92.59297423491404,32.450117228125,normal
11,212,635.5502840961549,36.746567302912084,91.98853125690512,38.7613468790375,normal
11,213,646.2966127122418,37.477372674179676,90.91615166814015,25.3728992293016,normal
11,214,642.0880632974144,38.1479590022578,91.04795221733288,36.14160131838882,normal
11,215,644.2640807629201,36.184707625750185,92.02323589663882,43.18560895000853,normal
11,216,642.6815599443198,36.1509355781677,91.29339897297803,22.878079456955657,normal
11,217,644.4107097919298,37.81227437764858,92.99563629384555,32.03002603716688,normal
11,218,644.8254560144394,36.5787118976141,90.92357287947492,24.374072816689008,normal
11,219,643.2156311361503,37.21469084648144,91.53919976608888,27.882015598336803,normal
11,220,644.2500360529252,37.26661994439234,90.86850061170048,30.40181162981515,normal
11,221,644.3215688269511,38.441174039051646,91.03935696587016,27.250573254384985,normal
11,222,643.8575776647383,37.04533588315901,90.76008890643334,38.15579356536615,normal
11,223,641.8619637179124,37.56134366612069,90.6925113367303,25.764141938778003,normal
11,224,643.8062820733647,38.199240101221,89.3298248986082,31.185857362660023,normal
11,225,646.8977483989266,36.75712841393687,88.7309227270476,20.114639269292994,normal
11,226,644.4720006157187,40.66029189869077,91.50325696497427,14.962051754092712,normal
11,227,643.3310334852971,38.10678756372702,91.1736835542981,16.426255698447886,normal
11,228,645.1950293160688,37.52236086238946,89.77624143739767,23.29797823349477,normal
11,229,648.1216315203284,39.161041276961626,91.41438635113389,18.513152334298685,normal
11,230,648.1436492843906,38.709054438104296,90.93394188295201,16.941534391491007,normal
11,231,644.7093716179754,38.553886936124556,93.1998744669855,20.506212400456953,normal
11,232,644.5664344932492,37.72761055503056,90.22823338734379,28.88646723774533,normal
11,233,645.4022300621622,39.546870534610285,90.30407175452865,18.305922706398142,normal
11,234,649.1752358220261,38.148097150190075,89.99888834584723,24.29434847227665,normal
11,235,649.9537786846873,39.59067231869073,91.38727629312291,17.29787744155533,normal
11,236,653.2533274395253,38.92390830187716,91.13726236720092,6.745435357029937,normal
11,237,644.9251179402263,37.759181000164965,91.79406358351615,0.23729923989625057,normal
11,238,646.3930699317418,36.04629339733938,89.64871210451811,9.545255251340668,normal
11,239,651.9546132813821,39.516627939221465,89.60685847667104,16.32981859865913,normal
11,240,648.0534967635892,39.237566858707254,89.19732849222801,5.049931430484303,normal
11,241,645.7247081001635,39.32646127315419,90.43788572698067,16.720463317620226,normal
11,242,649.5551655038134,36.65243430632789,90.58264198787168,0.7499182191623364,normal
11,243,645.7020872261654,38.62783052827367,89.6166616764877,0.1242530397984849,normal
11,244,649.4104460103568,38.109197714909044,90.59666760724984,17.184855385308147,normal
11,245,645.0119228231978,39.31548969566078,87.67654263748753,3.495323535149334,normal
11,246,651.1281514578945,40.400639231357275,90.23736373028409,8.446317123794879,normal
11,247,657.0381636078283,41.47230468743761,89.59747907059037,0.0,normal
11,248,648.3815457502786,38.893017234382654,90.53134754786463,0.0,normal
11,249,649.581532702229,40.75801405453631,89.93930412718281,0.0,normal
12,0,603.5244421727571,18.121019055246173,99.67220494412254,299.7916998830933,standard
12,1,600.1977259751989,20.24049605607808,100.5804398198095,298.8229628047732,standard
12,2,599.1958251535689,19.712410655340307,99.32848419796164,301.9377166216343,standard
12,3,598.5104145615705,21.026771109008244,99.92899908225986,294.39372596571934,standard
12,4,602.4552216472324,19.51254607527688,100.51818404072822,297.0636306059589,standard
12,5,598.9610259327243,20.82863481533456,100.39658972568863,300.7875980290498,standard
12,6,603.7984410372279,20.851274020726283,98.69240904879123,306.24293494087027,standard
12,7,596.8391513667846,21.36926317428231,100.2212838168863,287.1292881375944,standard
12,8,600.8270971833646,20.40124711375536,101.06558271581054,288.4334454985989,standard
12,9,600.564164980727,18.203930394978737,101.46476279312358,285.64765878489965,standard
12,10,602.4807325927176,20.498592170278137,99.60199903321666,294.04930992435436,standard
12,11,606.6637873809109,20.911493669941994,100.32507801763053,290.6444576836352,standard
12,12,604.8525942717919,20.257083620513672,100.71539055441642,293.55249932823693,standard
12,13,605.1976110260488,20.119852132663524,99.44166236576281,288.19733494390215,standard
12,14,597.987473865513,22.434920208086016,99.56772346649782,287.4196394380236,standard
12,15,600.5189866808184,19.573122440632975,98.94597011452522,286.09602093816795,standard
12,16,604.4202864382611,21.12179154060272,99.86672401624195,282.3148681265931,standard
12,17,604.0387456987362,22.502832866385905,100.19478944243899,287.0477094412647,standard
12,18,603.5820491979199,19.576844930400398,98.41533346936875,284.2743790033192,standard
12,19,602.8171828441198,21.57984288647283,101.10642341784408,284.6301799961467,standard
12,20,606.7766586172285,21.29468138947073,98.59278432251557,279.7106692039283,standard
12,21,600.7357445588426,22.818294956772448,100.16039107653548,281.6025624831414,standard
12,22,607.0078296066843,19.299943585476775,99.92813795134266,271.44677107847815,standard
12,23,603.4282329046031,21.068292407532784,99.97173661209695,278.14093644480477,standard
12,24,607.6353515208353,20.83810283906739,99.98911438963329,276.8111160844942,standard
12,25,598.8441291897853,20.581383541476967,99.10012196647783,280.56146224945866,standard
12,26,605.2911691726713,20.392499176119284,99.07968377195284,284.08903224396516,standard
12,27,604.3836700045225,21.292674424927604,99.68173964075622,276.8169653979098,standard
12,28,602.8314949575598,22.182574774371435,98.83111050332919,275.59663800914717,standard
12,29,604.8590794739139,22.22196782705289,98.37081645383249,266.8935680796357,standard
12,30,607.3364919139782,21.720603618614508,99.38503474209935,268.4680228645674,standard
12,31,607.3461803220409,21.252190019970342,98.93439876009911,272.9299640635157,standard
12,32,608.3189030974928,21.39624070897332,100.99968398195588,269.56620846846806,standard
12,33,601.8212152145738,22.349052048589968,98.62700078551654,269.17034243591587,standard
12,34,604.971431257019,22.114273690190142,98.06840662341386,270.9503061535818,standard
12,35,601.7816178985469,20.991235104595006,99.31736034914749,273.01422123588986,standard
12,36,604.3422207088067,22.860972322703965,99.99334017686354,268.07342218647034,standard
12,37,604.6163751324789,21.128953282805924,96.68245243432864,261.68579750268805,standard
12,38,609.2342621056865,21.155834015238067,99.56020984751876,257.2492373497406,standard
12,39,606.1682177291606,23.047791614155017,98.17050456316157,261.8524234034846,standard
12,40,604.754725989824,23.105148658938177,99.03531716848464,260.28253837214635,standard
12,41,610.8250498804259,23.122306142368302,98.0796481338737,258.57068049601116,standard
12,42,606.072303644761,22.60031957262521,101.26450927660748,259.85425946355497,standard
12,43,600.3422922896857,22.037201028283032,96.77762791250419,255.3510087147708,standard
12,44,600.6380693108207,21.768409528931574,97.15927847036589,257.9208008898374,standard
12,45,606.7516180878866,23.00296230749873,98.54544861143148,248.0285112489779,standard
12,46,608.4405641077642,24.68222456026945,99.02921257860655,251.87037700341216,standard
12,47,602.7657984716836,21.911933029240036,99.04303965657206,258.3655901339969,standard
12,48,607.982598524166,23.67988728970598,99.26767824402725,254.5326719569296,standard
12,49,605.3745792142163,23.113923511975155,97.68162219611786,251.0871447647905,standard
12,50,608.4925905932007,24.678783807386854,97.19026802563236,252.40753815495654,standard
12,51,612.0937097748707,23.818847765838797,99.30294544282503,251.93847450933907,standard
12,52,611.6950034693263,22.03252183188763,97.05407333402975,247.96832929767373,standard
12,53,601.466513689285,24.41064580417801,99.63071519549544,244.83324722457738,standard
12,54,606.9876882100185,23.16765252484933,98.43202065043961,246.63586959597143,standard
12,55,609.9246963206349,23.127373646991522,99.29319330347779,247.22973888562652,standard
12,56,606.579109662382,24.695112667804096,96.96174301387751,243.5391709458926,standard
12,57,611.4507522032263,22.696926895087856,98.59955564676716,245.71669798499525,standard
12,58,606.1184283960563,23.407522280405967,98.1034961697908,239.24131074083854,standard
12,59,615.7550245561523,22.776893646554523,99.2349302940679,239.0359949155943,standard
12,60,605.7400914333441,23.70281424315507,98.8490933843875,244.60254787532838,standard
12,61,613.8367953319652,26.6052462899351,98.4205142037556,235.68453913087305,standard
12,62,610.6586229803846,23.453787049593508,99.06596612985223,231.51417851817138,standard
12,63,616.5550036272014,24.636048094775514,96.42599598220383,233.45485548842515,standard
12,64,612.0482431323419,25.016344056171455,96.80776237276804,239.56512925216475,standard
12,65,603.9079803820142,23.810664134528952,99.16204684210321,232.24242134948508,standard
12,66,605.3792331025859,24.10621479637756,97.41528113336452,237.14779183032917,standard
12,67,607.3940207033457,23.2473631103469,95.96899767912375,233.8497235552574,standard
12,68,609.7172851851702,22.891615329259928,98.15379871376709,237.1353515032207,standard
12,69,609.7032961697432,24.408166949821975,98.20331124958517,224.9783508641052,standard
12,70,616.6697574621228,23.729150169877716,98.55611620186028,233.84607638614526,standard
12,71,610.2312146186528,24.866795025059638,98.1158192218164,221.91180121386296,standard
12,72,609.8031818962497,23.707449097645938,97.37825495865387,221.47998411081682,standard
12,73,614.3293011502382,25.98199265461341,98.78800297599841,233.35264612073573,standard
12,74,610.0660954889755,23.803743165013966,97.0014129531883,229.2203246147861,standard
12,75,611.9311891594324,24.422778288401574,99.04514854419534,227.02470676907672,standard
12,76,608.8840270874382,23.879091170864307,98.40199329925414,229.208664263273,standard
12,77,613.2050406967678,26.51688874787208,99.32500716573142,225.20517917425383,standard
12,78,609.1842580215556,23.37001248826823,97.27261825498528,225.7660672320808,standard
12,79,617.3299412379358,25.1574470344108,98.79872279423124,219.773462569061,standard
12,80,613.8683073756827,25.623356829477174,95.62040572414746,217.93280598811745,standard
12,81,614.9991011528335,25.134468335636566,96.37348495184906,206.84938812136323,standard
12,82,611.2026577640939,24.848414307106122,96.65607705017166,218.71542468513996,standard
12,83,613.9691602416988,25.650687170726233,95.15408107506768,210.4285745109594,standard
12,84,611.6861320549358,25.612173131037462,97.96923401355004,218.3593497393834,standard
12,85,611.5997461740932,24.772366562690042,96.72167073157826,218.84097064052924,standard
12,86,610.1385336367813,26.01003639518957,97.62785323813765,213.77477760772422,standard
12,87,611.0798688006705,23.86445813883587,96.74234724362195,211.34996565687558,standard
12,88,606.0929270652563,25.082644844665335,98.28435736802601,214.83608952716935,standard
12,89,611.8613823727756,25.38693629841523,96.773835430578,211.74380366667847,standard
12,90,618.120323471232,26.368498802624874,97.82079430569274,207.5355754380814,standard
12,91,615.8998151788345,23.77312304862695,97.0176465180091,211.91855709911974,standard
12,92,616.0212636421433,26.18988449021574,97.53483068920968,207.02137510458059,standard
12,93,615.5639279094795,24.6271389594137,96.36532273670674,207.3086733823015,standard
12,94,614.6195929281263,23.814384821435354,97.63514638094952,209.86364188959698,standard
12,95,614.0181442876011,28.074466283283993,96.46706489368482,203.19456418306567,standard
12,96,613.2147992816183,25.68381238870898,96.79127518703372,196.96594727697564,standard
12,97,612.9103551112905,25.722379304225925,98.318572082062,214.01121636686457,standard
12,98,618.706421693552,25.104620970327392,96.36419038937383,201.20335711245323,standard
12,99,620.2036766665608,25.774575947818107,95.70249250946257,198.4941143152348,standard
12,100,617.2711680054582,26.68994027689609,96.79978333350834,203.41707336780016,standard
12,101,608.3304833923595,26.163829235032697,97.83068542136863,194.83568362422733,standard
12,102,612.7909843905111,24.253551847236526,98.5298955948107,194.39923011489216,standard
12,103,616.1731298335864,26.783917041483374,98.42206794914145,196.23051113007182,standard
12,104,613.9817106186648,26.413067648570557,98.16408027654228,195.14913734299608,standard
12,105,612.8853927552477,24.75924219168464,95.62870261539477,199.32195748703333,standard
12,106,614.9381265710796,25.75247909007929,96.10403277681606,194.4252293010009,standard
12,107,615.3316347187032,26.14686785628075,98.13932392781075,200.69008140930816,standard
12,108,611.3699349812731,26.807592731142957,95.98313790137861,190.75874443069452,standard
12,109,617.2778351553801,26.32728008306908,96.96045988062764,194.3648510301596,standard
12,110,617.3837304016209,25.953163695832377,96.07080039302969,182.80147351690982,standard
12,111,614.0882391074379,28.622068361898528,95.87799642590475,183.0331059377809,standard
12,112,617.7597835855343,26.60963524070814,96.44440676315078,195.04522983206044,standard
12,113,618.5973800266752,26.250007068296526,96.18552408240822,184.48706743047157,standard
12,114,619.7242188647408,26.53185237054686,94.78684649754585,185.75840160632828,standard
12,115,612.6389219966162,29.0842306017549,95.58433208615277,184.19067617321136,standard
12,116,618.1746082041034,26.67134183932077,96.2299695985338,186.1091364308044,standard
12,117,622.1286478763888,27.787509081817298,97.96851387857353,177.7669044595325,standard
12,118,618.6520878997661,27.235246052058276,96.81109129167673,188.88115985317785,standard
12,119,617.1876325506239,26.734496633445914,96.96398079741867,172.10898636217075,standard
12,120,617.2894438526334,27.065802310714545,95.47964138369308,185.2852950567829,standard
12,121,614.9632790479701,27.124126951636203,96.66315722532298,185.7672578073806,standard
12,122,618.2683306953573,28.25615359412821,97.04059539727713,178.61728778084571,standard
12,123,615.1814597751796,25.94541913909565,96.41650540141919,174.28651563048695,standard
12,124,621.3577832750439,28.185856518098575,96.09538900556295,170.21143538029366,standard
12,125,620.2822066488218,26.48205055386485,95.49153607706913,170.10292130892424,standard
12,126,618.4844969341801,28.73019233407056,96.21495912977647,171.78390653786153,standard
12,127,614.4731552098642,28.172124584729843,95.40959539407137,173.5875880957905,standard
12,128,618.1373441522501,28.518177219599437,96.00276360797145,171.70536822738475,standard
12,129,620.8072414423664,29.846940182263182,97.01844693035855,170.55696946825697,standard
12,130,619.5095939718459,27.275140539675565,95.1500042964803,167.2362460646684,standard
12,131,617.3335531088642,28.513368383795886,94.998805142131,175.6660528069002,standard
12,132,622.0561391508564,27.94050172936767,96.04031861146507,165.21359345192724,standard
12,133,620.7602532340434,29.06809246320859,95.30684353774419,159.33303955540634,standard
12,134,622.2096547645702,28.3643659742438,94.85980119855883,162.3330431454294,standard
12,135,617.6726871778495,27.375467730965752,95.62631724595882,163.66726347859625,standard
12,136,618.4476190347946,27.401836180500073,95.69121565608062,164.8384576742978,standard
12,137,619.6011103909054,29.3786670233413,96.39808771442078,155.0457707157065,standard
12,138,622.2711832962416,28.885543982585585,95.42526503187581,154.52401206348424,standard
12,139,620.8742002782334,28.332291348517757,94.7083537634668,153.7439039187003,standard
12,140,620.7373393606397,28.166922807949177,95.3827346346776,159.5829463262672,standard
12,141,617.841670878539,28.025179387133885,96.30332503061435,157.25014959824355,standard
12,142,616.2840825846223,28.047307722276432,94.66984153649314,159.33568148230864,standard
12,143,622.4065122101413,26.921225374913966,96.46901297058218,151.4390684936072,standard
12,144,626.277546871447,28.591223735499383,94.43360650146084,150.29006964653658,standard
12,145,622.794285875362,28.308700110101626,95.55334609038186,163.06390116348518,standard
12,146,619.8022678073128,28.819962857695703,97.03984448737306,155.352567377332,standard
12,147,617.2301917939259,29.32538901173214,94.42699714221656,160.03403764366482,standard
12,148,619.7313971850061,31.849509507745665,97.02737598832768,148.0169371518601,standard
12,149,622.4100414150048,29.69364428163346,96.31366047422671,153.21168129988098,standard
12,150,626.2564771108983,28.87703105336563,95.13328233142397,148.26568006037695,standard
12,151,625.2251196959163,29.425181040302647,95.76128366569026,152.9761712462859,standard
12,152,616.6468427764383,29.43006882387515,95.65856888887372,156.34404040650352,standard
12,153,618.3642360532091,30.73718663237676,95.48540912892466,149.44494765330023,standard
12,154,628.1277563628281,29.800761268005576,95.78036828946256,147.2114559290116,standard
12,155,621.7995655950168,29.271510875489607,94.63448723387725,144.77716550287258,standard
12,156,616.3922079088347,29.78903956756755,95.19826274621637,142.31898131666617,standard
12,157,624.2092742518204,27.98643607703456,97.21926999662129,142.486162692562,standard
12,158,623.2624667010834,28.514603789867078,95.28394638244927,148.93479945136642,standard
12,159,626.9577486282961,30.394437751140554,95.77639895166728,139.20728736218695,standard
12,160,619.6495104988899,29.398961228133366,94.96412853546633,145.2439721983562,standard
12,161,625.0781713273794,31.272311527903547,96.36748854003818,136.71752195247953,standard
12,162,618.9146124101403,31.10557523394148,96.49938522323075,131.16894204548888,standard
12,163,628.9777200594825,30.16211717059252,95.27068549812566,145.07391627123664,standard
12,164,628.6340555196919,30.491330951995202,95.55321706581198,139.0819714526518,standard
12,165,623.5498276983524,29.84489855026768,94.14768284540546,133.33480112130542,standard
12,166,623.8000983639931,29.324694630378335,95.15674650264846,132.38009574649712,standard
12,167,626.5567041610559,28.397679386706237,94.8766452058927,133.65775820088749,standard
12,168,624.2681122804894,29.90760730019077,93.37475398927013,133.78238552334747,standard
12,169,627.2928179477012,30.633537294203766,95.96872705944219,132.0076480289125,standard
12,170,626.9360435419528,30.356090738456857,95.5875507195925,122.11385181933939,standard
12,171,622.9692570960659,31.846899657033088,92.4095641779038,128.2991103508733,standard
12,172,629.3168248788241,30.226739334458237,94.4349889285493,128.6471083840765,standard
12,173,624.8906394599927,30.41084949275694,94.12661896347987,132.54337209977862,standard
12,174,630.369794763197,30.306609677888375,93.39351057930875,123.38078414843302,standard
12,175,625.6980340196911,31.00553887690321,93.74198677682932,121.15418840678925,standard
12,176,627.9320284135764,31.49890883203956,94.09840595482932,117.33391473024503,standard
12,177,636.4023546038636,31.403304237088715,94.42299623823297,127.3451563776542,standard
12,178,626.3266301108567,31.547156889100187,94.81939319777622,122.45635949083787,standard
12,179,626.5092543953076,29.292618666536914,96.56809489939313,116.29233039866128,standard
12,180,622.9199292710682,30.587140117243635,93.63852818648948,119.74143604719865,standard
12,181,629.2132915456853,31.85530290052922,95.38473072162168,117.4718397260716,standard
12,182,627.4487754829847,31.327879050897494,92.78221257605792,120.8529235005993,standard
12,183,623.0781021372486,33.02034659890649,94.1054849153583,116.07562411402705,standard
12,184,625.2908787022865,30.41002996814431,96.75409356914324,120.70184844311649,standard
12,185,623.1023926645565,32.60421290068523,95.64324227514143,113.59393768855855,standard
12,186,628.8200908260895,31.145055920578926,96.39257990444693,110.01854905503954,standard
12,187,628.4880318293272,30.791854669007193,92.95695959538214,123.95819127527494,standard
12,188,624.6553002626928,31.500129187487776,92.61929939361967,110.00464730378454,standard
12,189,629.6159064643005,30.515266020497638,94.91680185073565,109.65479454055959,standard
12,190,631.9802475371959,32.761760913340225,93.71325523926998,110.38366429696478,standard
12,191,629.2003626794167,32.079349295434696,94.28438199624426,109.95105479671422,standard
12,192,628.0697805756146,31.635239866972018,95.53794019353512,111.23041620605927,standard
12,193,631.0537669183301,32.303070324135575,94.05619122211895,108.59413521789766,standard
12,194,625.8444789649928,32.90880765631696,91.39703956765679,105.56425803832288,standard
12,195,632.6726879314508,30.336132066370663,94.54977991761686,101.59616776710486,standard
12,196,628.2935902044334,32.70594096063944,94.31805692588516,93.82822066057818,standard
12,197,626.6207233808052,32.79533573488876,94.538942718193,111.74067786262142,standard
12,198,634.7479427820399,31.53775486985321,96.56323780506949,102.12239834925956,standard
12,199,626.961994396773,31.30636013408942,91.77327489471058,109.03509504124641,standard
12,200,634.7842859671316,30.98449256118668,93.7721157116181,100.47803772056288,standard
12,201,627.2689408435737,30.30489796872884,93.75964239622309,97.39460285270377,standard
12,202,629.1347662770336,32.342716062600964,95.36951965852599,96.48453640154138,standard
12,203,630.9613289961642,32.906870523744935,94.46414292651275,93.9278823777608,standard
12,204,630.8891313693422,32.78753982016906,92.75164866248922,102.31769505398255,standard
12,205,635.0447667156424,31.577219744555503,94.04367001834817,98.21139128335516,standard
12,206,629.2631575310137,32.841613845688094,93.98325562629216,86.66040911180599,standard
12,207,632.4274839479357,31.319857583728965,94.72920285166205,89.64394462433056,standard
12,208,630.7161436990166,33.85227891344658,94.25638164652885,86.60263040212728,standard
12,209,628.3052502876028,31.940697211376275,94.12464408335667,92.79149907466385,standard
12,210,628.9706930860114,31.432790514385644,93.98158340508584,89.0906996710492,standard
12,211,638.1216476623432,32.69660365656308,95.48425282770027,83.1480820094783,standard
12,212,627.0803611813149,31.599914867474464,94.82912978145346,96.78050794846767,standard
12,213,629.6034616381421,32.319433970240446,92.4410190897875,77.94180076440807,standard
12,214,634.2552350933299,33.063020302962165,93.59048798267388,78.9997173141831,standard
12,215,637.1698700454859,32.39664326195052,94.08362642481647,77.72719297377638,standard
12,216,631.8284244311399,33.25137445623859,93.8470752180533,84.77324271618312,standard
12,217,634.0335674761462,31.889479543967035,93.68737260543965,83.5687884174014,standard
12,218,633.3950180525852,33.15234521731918,92.18678722608661,75.41100123945513,standard
12,219,626.2071954423463,33.957534509845296,94.25765750973521,85.2177514561106,standard
12,220,633.9203698873844,31.066880782281892,92.37328950821474,80.85207708796555,standard
12,221,633.5565540083753,33.037251786847975,93.73891720290825,79.05825853842623,standard
12,222,633.662311396654,32.68093466716798,94.3220109861216,75.84614195659807,standard
12,223,629.4580527509381,32.60900098718127,92.96153380863802,81.97001394184423,standard
12,224,633.4731960046956,33.25385178103435,92.03133657523738,79.92741294914788,standard
12,225,631.7941435379298,33.39997214105866,94.73018307688187,77.54381665524652,standard
12,226,629.0152378568545,31.79048976364753,93.15568954988075,67.93629692562598,standard
12,227,635.995640242899,33.662263064964975,93.35538476902386,69.46628409178824,standard
12,228,639.4241509658601,36.522593728010456,92.88141527624329,73.765196242075,standard
12,229,634.642252029193,33.480313136558934,92.2979295322672,65.57516006259762,standard
12,230,631.0932082034234,34.205240025549145,92.58032552179635,57.108535749297346,standard
12,231,635.9845746617949,33.821738717535844,94.41667300140114,70.86561198545505,standard
12,232,630.363979211069,31.69032335927002,92.32052761566207,64.87446289653174,standard
12,233,637.7794776030006,33.97112906771042,94.14368849809851,60.375834721486825,standard
12,234,637.9957931531413,34.76098915343092,90.9617658885688,72.61308920630387,standard
12,235,635.530375475299,34.492044503868506,92.08510388757158,71.37623506460986,standard
12,236,631.8424430122834,34.992092018373945,93.74060747590867,59.12916285913889,standard
12,237,641.5001207982676,34.45152848021752,93.54389261027103,55.36439602332122,standard
12,238,642.0531900090257,33.05544305977491,93.88488643276592,57.02614141034152,standard
12,239,633.993033591457,35.12875404388545,93.85755271367516,54.64357875442949,standard
12,240,639.271416507171,35.444980495133194,91.8620465911551,67.99323796795555,standard
12,241,631.7794271152559,33.835227417222384,93.24900262409199,54.73216857648697,standard
12,242,637.091457257038,34.76107607880329,92.55292573007728,62.1620026929528,standard
12,243,635.7649176220272,34.8115410688138,93.8564718774879,60.953431050129204,standard
12,244,638.9580518724426,33.49082039778322,93.20479257550133,51.607506045152476,standard
12,245,632.9057550606659,34.62829365371503,91.74570481334841,58.95308859419988,standard
12,246,639.3436063790859,32.85737376356855,91.79169746042311,46.701066640410005,standard
12,247,635.6621121702212,35.27517566986882,92.34771190182161,50.051203796664325,standard
12,248,641.1005295804395,32.57514282740371,93.79687189351823,49.27855853422257,standard
12,249,637.1156729696617,34.41263666227989,94.07288810553912,44.8451075159737,standard
13,0,600.0352091091659,20.527438651859995,98.38899723211483,145.40050914776924,accelerated
13,1,599.8554643995053,19.233334965315628,99.12440822878085,147.25068668461782,accelerated
13,2,602.5487439949385,19.897282223121856,100.95842619447293,143.0112110867032,accelerated
13,3,597.1442332185796,22.286345405721132,99.16204187233448,140.4454399646392,accelerated
13,4,595.9738381746846,21.55510345380894,99.41869548533995,144.731451324668,accelerated
13,5,601.0223948652401,21.61294288466978,99.52047016602408,156.72026889416313,accelerated
13,6,602.2012817221627,21.78178476695832,100.44523985790441,143.81776339870981,accelerated
13,7,600.3390870419387,21.171963928566555,100.09009873120728,140.13706975936736,accelerated
13,8,602.899016597852,22.196204978259598,101.58994773906967,146.27184660174711,accelerated
13,9,608.2882790591409,20.45062578879354,100.16188225205929,147.69259754290636,accelerated
13,10,600.311000001084,20.71440988795499,101.13790476183526,135.1245057210653,accelerated
13,11,599.2766099020329,22.84798157363951,100.53676322498045,141.16060121991885,accelerated
13,12,603.4628677360625,21.00147549439502,99.56194887380906,145.89903478700774,accelerated
13,13,604.6156983784263,23.726959267246965,98.32205801435977,136.90159622835864,accelerated
13,14,603.0808239970083,20.594858456837667,99.00691626699034,138.0866465083022,accelerated
13,15,606.0726905398561,23.970452178944555,99.56446746972355,140.7506840183981,accelerated
13,16,604.9982827388969,23.598055600452597,101.43844928558808,136.65542565487974,accelerated
13,17,602.1220229536452,21.491194977222833,99.26193430320517,135.28249017625322,accelerated
13,18,607.4952754031531,22.620197681230042,98.92698491625595,128.81900779398936,accelerated
13,19,606.9034147837928,24.134987357480657,99.87992860542775,133.67351974818098,accelerated
13,20,609.0887007714682,22.028935971099145,98.29173485391668,126.26107447817009,accelerated
13,21,605.9241401316916,22.09799410329092,99.94827474065214,126.62338291158906,accelerated
13,22,604.1918348513253,24.582577178830633,98.22862476891866,128.76764228625174,accelerated
13,23,608.2539684742302,21.623306881079184,99.85548376950307,130.18559520205613,accelerated
13,24,611.8751520356424,22.2007780627819,98.65912579247616,126.19677877497098,accelerated
13,25,608.2916654830501,21.54538525142284,98.61083637869223,117.86768044288128,accelerated
13,26,608.8750022135907,20.99135087548148,96.58841316570941,128.0927435822,accelerated
13,27,606.4594846344157,22.252141926367763,99.65084562107555,124.63813108664208,accelerated
13,28,611.0162705866013,23.19375792767917,100.9996286939,118.97743069720103,accelerated
13,29,613.9334866480797,23.418633959900088,96.60548960508726,123.41424372874054,accelerated
13,30,609.9442876843655,22.54867818576077,97.27778072286529,119.87651178457504,accelerated
13,31,610.3492434457439,21.2493367171206,99.1931214525238,116.52751013092511,accelerated
13,32,605.6047575468054,24.781066551451932,98.05638202058154,124.08082888391127,accelerated
13,33,611.2138567889392,23.958485497051957,97.86727005501984,119.41356380278069,accelerated
13,34,608.959406223572,23.227427411253498,98.56990912265464,115.27756079277785,accelerated
13,35,610.600702944207,25.289379836154605,97.78612339226426,115.07516962770896,accelerated
13,36,609.0010514656472,24.75073993398185,98.18982791268009,118.5038756589528,accelerated
13,37,609.3626134889794,23.982183030409814,98.57213739914548,114.26106501681431,accelerated
13,38,608.6813456214219,25.8665540677345,96.02154943159975,115.92142376631875,accelerated
13,39,607.9043638920054,26.565788516485526,96.11540027309438,116.76125325936374,accelerated
13,40,611.7550969199663,24.433397430161257,97.78539665646775,113.15950169578906,accelerated
13,41,609.5867984930073,24.10421227483143,98.1896048651129,100.463285231752,accelerated
13,42,610.8473127204238,28.08068695415944,96.51198703541073,113.73901395879876,accelerated
13,43,611.1421476938585,25.669045144797145,98.07435569059622,112.64478367591474,accelerated
13,44,612.5992385195617,27.268884638754855,96.77066343541482,107.1711020679978,accelerated
13,45,614.2358307966529,24.278031880050584,97.01412774502087,105.80756749619204,accelerated
13,46,612.5036368706117,27.960923965456534,96.40137632640047,109.89712234070214,accelerated
13,47,616.6693794394464,25.62613786549573,96.31479094614777,99.15872339804115,accelerated
13,48,612.8460981023504,23.974258718053736,96.11653457420071,94.58761742318178,accelerated
13,49,618.7376250095332,26.498462392388216,97.84597409886547,103.94415975770974,accelerated
13,50,615.5009028700025,27.460680332129137,96.38923734426827,100.53334827683523,accelerated
13,51,617.5411764834723,24.79879076814387,100.03658889614255,99.14282881388793,accelerated
13,52,616.0259683517268,27.496878031674925,97.79495533301022,98.1903900969823,accelerated
13,53,616.2903883142941,24.85585146905202,96.26353422215001,99.5860510807948,accelerated
13,54,617.5316785171287,27.701165750004087,96.63949894177668,89.06356743284567,accelerated
13,55,619.670191292327,28.036089346182017,97.59824457285623,94.18183164571255,accelerated
13,56,619.9331581556297,30.14891047800821,96.75515231444048,87.44131653877437,accelerated
13,57,615.3411448513435,27.46547600030405,94.97519568910194,93.84701537456034,accelerated
13,58,618.5410099509477,28.495121739812653,97.83019485605429,96.32292395875885,accelerated
13,59,611.2119629684564,28.001053128047925,97.16551338606024,92.27972188539174,accelerated
13,60,612.8093336215635,26.42322609081294,95.23317723046594,79.92495780246455,accelerated
13,61,618.2912545457556,26.52217787855722,98.96530558026892,88.15614030281046,accelerated
13,62,622.4812594675979,25.870900975306775,95.74991041399514,88.48448938017157,accelerated
13,63,616.1755381541769,27.137799315195256,96.00204909375645,85.83046007277552,accelerated
13,64,624.7653557191061,28.05822628543151,96.6395105629413,88.69827387172535,accelerated
13,65,621.3378791320114,27.717113016125136,95.77925362852115,85.83408029759138,accelerated
13,66,623.2704118467403,29.046238188436384,95.7996015243116,87.83921847334055,accelerated
13,67,619.516246010881,28.07387054943524,95.5064766184458,82.09177430546883,accelerated
13,68,624.423990208649,28.252421147339238,96.05528250855232,74.76391110371021,accelerated
13,69,619.7722682771018,28.03868509625527,95.03085651455659,81.10832705851782,accelerated
13,70,619.712453129317,28.47999585524358,95.92150300981893,75.22122821088678,accelerated
13,71,620.1038946525504,28.597374282760835,96.92429943115673,80.2835958639787,accelerated
13,72,619.6141944602477,29.039004759243852,97.38754888932176,82.58353236294509,accelerated
13,73,623.5425795913069,29.48559017548232,97.05995404142864,82.3781339700883,accelerated
13,74,623.900281143353,29.948642219590088,94.47834890373593,68.48867373829859,accelerated
13,75,622.9712959519314,29.06868070965054,94.95608994648674,79.12926334913854,accelerated
13,76,617.2114092406463,28.5852277439422,94.95504445512238,65.8184910745027,accelerated
13,77,627.5841930218079,27.88079873133668,94.7916599426923,77.53989878902567,accelerated
13,78,625.3381360302861,28.251825303515254,96.00248920926063,73.44892239329111,accelerated
13,79,630.6991066863344,29.883940416068306,95.11875817893147,66.71749021440289,accelerated
13,80,621.7672698991333,28.774230904531844,96.57109881391193,70.08984957508235,accelerated
13,81,625.9957413719242,31.234247599980886,92.78153585779253,75.39436882350188,accelerated
13,82,624.76619073535,30.275048371640445,94.25159677825175,64.22437800775741,accelerated
13,83,626.3665376694389,32.34459780033147,96.02331331281489,73.3276146070927,accelerated
13,84,624.6239961892157,29.47979577541437,94.179195048421,63.55863137651656,accelerated
13,85,619.3416527004885,29.4750806571084,94.33964684394016,64.12320912802579,accelerated
13,86,626.1952503292418,30.68245086862561,94.82507462755704,61.09278456828621,accelerated
13,87,620.2099240702034,29.864691391598203,93.807549362313,65.33033374139302,accelerated
13,88,629.127862190081,31.49857106705994,95.47695273612781,61.33237132273756,accelerated
13,89,625.1341333035724,29.932897246332935,93.15250108339825,65.95926850253929,accelerated
13,90,626.47586688621,29.553659706379126,93.77350862428976,55.66513271783724,accelerated
13,91,627.4290734550453,31.987467851070686,94.19201045040441,47.73733242608175,accelerated
13,92,627.0324589945233,30.883806099902802,94.25507976906448,54.86269416762149,accelerated
13,93,628.5523172421775,31.226141115149,94.39516968587336,59.063206807214826,accelerated
13,94,626.9105015305565,30.79341433029935,95.7401232895854,58.796777048577184,accelerated
13,95,630.9808381828284,32.62610458533407,94.8259441806248,59.641943395680855,accelerated
13,96,624.0619645137891,31.724153871996027,94.05728153818566,62.38842045449905,accelerated
13,97,631.8829365954099,31.009554809206822,94.55279415852921,53.8384066672462,accelerated
13,98,630.7629942994566,30.741157530625348,94.48001646523824,50.85924325355883,accelerated
13,99,630.5473492921668,31.155614834877834,93.4749368286034,56.86921010183352,accelerated
13,100,626.8453573249795,31.02224559895795,93.94841874278443,46.14054812407023,accelerated
13,101,627.6449141032116,32.22507597120829,92.4349341430963,43.960188825431814,accelerated
13,102,636.762286748771,32.699475058969014,93.13343664773008,50.09107539133099,accelerated
13,103,632.6019914309599,33.35441442009024,93.69284397054327,51.882488513864445,accelerated
13,104,625.0846604253535,31.42369186952425,93.92387140173646,47.64816766403896,accelerated
13,105,628.7646531369941,32.85941999126316,93.07615975131274,43.61520452886417,accelerated
13,106,634.874321401995,33.6289374968886,92.64293967263674,38.71374268989948,accelerated
13,107,630.8664798133401,32.813253698827076,92.92210151142525,48.20321221399834,accelerated
13,108,633.4421695251257,33.36608510987443,92.25346117105502,47.8364535869189,accelerated
13,109,624.2394935332779,33.914055451849364,94.39431173767078,38.83799406361019,accelerated
13,110,636.8187306517423,33.13690244704566,93.46243170332745,41.697643937021084,accelerated
13,111,642.8597247354331,34.664433908083005,94.04113120071293,34.435977566994026,accelerated
13,112,634.0307694764385,32.626875906153614,94.10211084728282,38.702334878674286,accelerated
13,113,630.5264349611583,33.6411245834185,92.3705825302837,37.75608110668774,accelerated
13,114,631.6227680509043,33.70748763336081,93.9104698619351,35.73474004037447,accelerated
13,115,633.3273351984828,34.00327622105746,93.79718262079285,29.4640836505912,accelerated
13,116,635.5819684641156,35.237540819017404,93.61365696327672,34.288770733336136,accelerated
13,117,637.0192125200967,34.49249645610268,93.73360110915982,22.880341945085277,accelerated
13,118,630.7396315990102,35.16482914948323,91.41472082383856,34.00769317859603,accelerated
13,119,634.6438510319032,33.283810754404,93.20964975714747,32.00516751858285,accelerated
13,120,642.3310279562892,33.77518879546411,94.24011012006918,31.762114571921572,accelerated
13,121,634.3169343553718,35.31924645751724,93.30573850445394,29.179216474290246,accelerated
13,122,637.3988860693219,34.04301296895447,91.8542128747455,31.797210869112916,accelerated
13,123,636.2281817270601,34.67991700175091,92.89982159594427,28.32644172391904,accelerated
13,124,632.9120205870779,36.166252086454854,92.68118215190069,24.986733685889252,accelerated
13,125,638.7925380155092,35.236542193614866,93.2670626894897,27.689918360754707,accelerated
13,126,639.9535386869887,36.47099390572751,93.32362454897097,23.197568898357186,accelerated
13,127,634.7312965317695,36.90779793300452,92.14227662665289,20.634462933197387,accelerated
13,128,633.1898195467066,35.69847310531211,92.46888660395376,14.424425318752597,accelerated
13,129,640.0598221263996,34.98180807929856,94.9503150072887,18.15319403954566,accelerated
13,130,637.6944200034067,34.72522377574563,93.47787652104198,18.136121027676236,accelerated
13,131,637.1252575387034,36.42695500992054,90.75964706458682,22.12555273124474,accelerated
13,132,644.9441991498026,36.40660783283509,92.71789831625992,22.35030108453742,accelerated
13,133,645.0291240860265,37.1698939600191,92.45966972227302,21.51945700318001,accelerated
13,134,637.5421952236047,36.85629359074732,90.95444402881625,14.164887906841866,accelerated
13,135,631.2523134745703,36.60142965936746,91.25612798889165,20.555726076022314,accelerated
13,136,641.9705778318162,37.444095894701626,90.75640345532747,19.191930185798164,accelerated
13,137,647.41756903309,37.20415829993189,92.57034900869229,13.847988381974675,accelerated
13,138,639.8259936583039,37.32119237270151,90.21391708959793,9.911224375395918,accelerated
13,139,636.3868295929885,35.976343622684915,92.30204509189356,13.526966881102316,accelerated
13,140,642.1527410866064,36.97040099406201,89.71413538213578,8.137188597145425,accelerated
13,141,640.2559451806943,36.26094030948546,92.13957862781376,4.697463367473448,accelerated
13,142,640.7859574496177,34.95293075429049,91.18587681962383,2.5608122614319013,accelerated
13,143,643.1376087860689,36.208891953257535,91.52454224554921,6.276571196288284,accelerated
13,144,648.2161253191271,37.777217980453194,89.52036212743769,0.0,accelerated
13,145,643.665624026977,36.47015205160736,88.33163156976414,11.747731569168717,accelerated
13,146,645.9606720507162,38.040976873491765,90.63267695452907,6.138383855049648,accelerated
13,147,641.9869190273374,37.84485730021769,90.25941677416353,10.581442252780072,accelerated
13,148,639.6892900377544,38.99228382951084,91.15891582801733,0.0,accelerated
13,149,645.2010087650873,38.613348007178175,92.4267467366944,2.5657151156676608,accelerated
13,150,642.3279117442132,38.05563012376579,92.81679323666238,6.73839042756312,accelerated
13,151,648.026290434373,38.91568702012239,91.63945009060654,4.79377417254935,accelerated
13,152,644.2301136428343,36.884913934225,90.94900350073706,0.0,accelerated
13,153,642.7349377338684,37.63972142341207,93.30531392453368,0.0,accelerated
13,154,647.285723509083,37.25763719299575,88.91624704120737,0.0,accelerated
13,155,650.8145867556262,38.93427546607652,91.2985950914444,0.0,accelerated
13,156,645.0259518606051,40.10796558397337,90.00719240077783,1.031161796312765,accelerated
13,157,648.4269064684061,37.05095484575368,89.83199051339946,0.0,accelerated
13,158,650.8898463983826,38.9352645791976,88.29165756005021,0.0,accelerated
13,159,646.0885072128351,37.596194144966674,92.1379658369687,0.0,accelerated
13,160,647.11970579306,38.800575219013986,88.88672053084224,0.0,accelerated
13,161,652.1547503546252,38.84611713021428,90.36206770093686,0.0,accelerated
13,162,644.6457238926135,40.04981251987475,90.65771176011384,0.0,accelerated
13,163,652.9288689948936,39.32928902751518,90.69295356471326,0.0,accelerated
13,164,655.364429455916,40.8290146960524,90.32968509085775,0.0,accelerated
13,165,653.8345508617795,40.37957784711384,91.65862801707009,0.0,accelerated
13,166,651.1836847844963,39.40456513531862,91.79637798762798,0.0,accelerated
13,167,650.198507427304,41.575630978811034,91.76311451999251,0.0,accelerated
13,168,657.8158013172955,40.12865884733027,89.70547904966409,0.0,accelerated
13,169,649.6386278065731,40.365339775794894,91.26943442405091,0.0,accelerated
13,170,645.914946621074,40.767319387849206,89.1037064209476,0.0,accelerated
13,171,653.3885691474787,41.991400348166515,90.64753230079269,0.0,accelerated
13,172,649.5927097195869,41.443986495890506,91.6484512893603,0.0,accelerated
13,173,657.2992148751813,40.21064990879867,88.76802875495002,0.0,accelerated
13,174,654.3477312483865,41.791750123972264,88.5982375792268,0.0,accelerated
13,175,650.4433362855494,39.51107774392943,88.57126368446721,0.0,accelerated
13,176,654.3647854810574,42.272213663068676,87.96679337012473,0.0,accelerated
13,177,649.5699054426873,41.869085409014005,88.75726941899624,0.0,accelerated
13,178,655.7989935460427,40.7730773945549,89.0040360486473,0.0,accelerated
13,179,656.5396540842705,42.30090852116911,89.26545784428131,0.0,accelerated
13,180,657.6281075350042,40.93373661363921,88.74664654989941,0.0,accelerated
13,181,652.1890906676723,42.4622099624265,89.70209226208262,0.0,accelerated
13,182,655.4460016276636,42.216388561889204,89.35194059094054,0.0,accelerated
13,183,659.4338493723322,40.64733943920072,90.04145810401538,0.0,accelerated
13,184,657.2951973639882,43.19697942764013,88.86740060473161,0.0,accelerated
13,185,655.2831220208566,41.20880578237545,88.16814079014195,0.0,accelerated
13,186,654.3679654246685,41.723376306016554,86.4624301700729,0.0,accelerated
13,187,662.7609655740147,43.04623719349629,88.57707604346578,0.0,accelerated
13,188,655.1370423959604,42.65004158386696,88.68299190592677,0.0,accelerated
13,189,661.7486651668436,41.192845764290226,89.37833154319425,0.0,accelerated
13,190,662.7024954451972,43.14086459924822,88.24009446281674,0.0,accelerated
13,191,657.4197200835592,41.7772093050036,87.77313047488208,0.0,accelerated
13,192,654.8310693048777,43.133906481660446,88.78017504928452,0.0,accelerated
13,193,657.4883648908674,43.72340995082213,88.25708780662377,0.0,accelerated
13,194,656.9635165648554,42.73923664502278,87.72326944089194,0.0,accelerated
13,195,665.4230646832063,42.65630008309482,87.98185736733858,0.0,accelerated
13,196,656.7379366969251,44.618235803523426,85.86911462669356,0.0,accelerated
13,197,661.5549412089599,43.345905691611364,87.35916104114972,0.0,accelerated
13,198,662.1190297061914,43.970635445215066,87.31877964018712,0.0,accelerated
13,199,658.4938520991757,44.625186881893825,89.5432588848566,0.0,accelerated
13,200,660.3332024195869,42.264266063052375,90.44178858532977,0.0,accelerated
13,201,662.5391197254761,44.08468314040511,87.13691541928094,0.0,accelerated
13,202,665.3570375193023,45.19593806017831,89.82358408737755,0.0,accelerated
13,203,661.763758863738,44.09280843434471,87.53291779688499,0.0,accelerated
13,204,661.4520305727731,43.69075340511381,88.20190892216421,0.0,accelerated
13,205,662.3630461310272,46.275129939690224,87.66228205023441,0.0,accelerated
13,206,667.9545283922567,46.02661706929505,88.79316969845485,0.0,accelerated
13,207,662.7889291667034,43.52172370797006,88.07891440096441,0.0,accelerated
13,208,662.4701553754685,45.98719478824286,86.3122251775756,0.0,accelerated
13,209,665.4052940638209,45.009366020348025,87.31127041218261,0.0,accelerated
13,210,667.5625536961913,45.301607718690015,87.54403090197923,0.0,accelerated
13,211,668.6460723381043,44.951116897062974,87.31049240138093,0.0,accelerated
13,212,664.0410325008386,46.57705886004552,86.36871994309705,0.0,accelerated
13,213,668.3533021153206,44.883660284236456,87.06870096023029,0.0,accelerated
13,214,661.2325364460211,45.26618988137811,87.27263668182563,0.0,accelerated
13,215,668.3410560625114,47.34145719483225,86.24391512799909,0.0,accelerated
13,216,666.8227449252743,47.4363474657992,87.75849029731712,0.0,accelerated
13,217,667.0996275959479,46.71376883433626,86.05228570771564,0.0,accelerated
13,218,669.7774829825661,45.95264323130599,87.04944664254745,0.0,accelerated
13,219,658.7584215131794,46.30059017723468,87.16179193065287,0.0,accelerated
13,220,662.5360891533459,45.51939354021836,87.56418761613556,0.0,accelerated
13,221,670.4473000227163,45.17565399516944,87.59462731055069,0.0,accelerated
13,222,664.8531988124737,46.17802440202872,87.38606694985543,0.0,accelerated
13,223,666.6059067861606,46.67892925899197,87.0842637432358,0.0,accelerated
13,224,670.7286771202756,45.59562802449081,86.58002733980403,0.0,accelerated
13,225,667.3471731628098,46.77382471231924,86.4532505460973,0.0,accelerated
13,226,663.3381306203777,45.0255624732851,86.30881984573516,0.0,accelerated
13,227,666.0721870055885,48.56254846283166,85.52056181320468,0.0,accelerated
13,228,673.2715312328078,45.40909953321062,86.41238145899896,0.0,accelerated
13,229,659.9645881658482,46.03535874693159,87.03493610710846,0.0,accelerated
13,230,671.7080344280978,47.92363247251298,86.17866761836892,0.0,accelerated
13,231,675.7447176058729,47.13315732047581,84.14001343968971,0.0,accelerated
13,232,673.5656429764795,47.79294145922562,86.26324191045872,0.0,accelerated
13,233,667.6404332616346,47.66451918609921,86.22783838336407,0.0,accelerated
13,234,667.088021405096,47.29543300739748,87.16832328594722,0.0,accelerated
13,235,672.3364704208667,47.30112618912268,82.94617651459939,0.0,accelerated
13,236,668.2002883367235,48.66901226862808,89.12572371368185,0.0,accelerated
13,237,679.3078804781505,49.008769695339446,85.15011376242728,0.0,accelerated
13,238,676.7419157984331,50.38956259632124,85.14466263195692,0.0,accelerated
13,239,667.4121993609866,49.50466862469143,87.21335469905588,0.0,accelerated
13,240,669.9978478369196,49.16013095127756,86.01745903136316,0.0,accelerated
13,241,672.8361453730079,48.74618514953063,86.5359549282264,0.0,accelerated
13,242,669.6506905585676,48.0294093968414,85.22562558297344,0.0,accelerated
13,243,673.3441722416724,48.51684958987734,85.68151859672584,0.0,accelerated
13,244,675.8414593806724,49.613058435067046,85.04472181254785,0.0,accelerated
13,245,677.4451441785726,48.83036992345363,85.70265698164715,0.0,accelerated
13,246,675.0809510515862,48.865435058404266,85.35033543315937,0.0,accelerated
13,247,671.2889790562617,48.31059489667492,83.88854443551304,0.0,accelerated
13,248,676.185969863678,48.35414031413453,84.82210465525647,0.0,accelerated
13,249,675.9499771816459,49.49444102003752,85.25092373175511,0.0,accelerated
14,0,599.3272771333554,19.78916528134542,102.23542743475696,254.0465545196565,normal
14,1,607.6419527525364,19.583036867079496,99.87503340311184,242.33937117361677,normal
14,2,597.9712995937313,22.0619131486625,99.39796571015825,257.5964065007223,normal
14,3,596.8699132179604,19.18653096592672,99.53876877897657,246.68125039160412,normal
14,4,603.5692618773503,20.770770417186267,99.42368474265598,245.33342096740947,normal
14,5,600.0428112406458,19.48534626467427,98.91203706339837,250.13941945716704,normal
14,6,595.7155052162186,22.097358697445056,99.41700577439778,240.1374569680392,normal
14,7,603.6192778720917,22.045216584147116,100.83763244160396,245.50926024679944,normal
14,8,604.8605904691656,18.923502422856135,99.15816945851186,237.44414969987577,normal
14,9,605.4739161936454,20.33652198107611,100.48540655678205,243.67928471244318,normal
14,10,599.4130791915089,20.213041790023716,100.89381769081471,236.12258675657793,normal
14,11,602.5746028305865,20.097458713673554,99.24604781308415,238.76919028015013,normal
14,12,600.0514004691075,19.999553046016118,99.80627333677744,233.7763129560441,normal
14,13,600.168027332904,20.10094685629803,99.40209195366869,241.71850817199922,normal
14,14,607.3195859089368,20.39408191400622,101.59031079333121,230.97647569646603,normal
14,15,606.2506455699836,20.478303545984556,98.52907673013,231.27621921607806,normal
14,16,603.0426569010527,21.85997217103361,100.02986803790482,229.28007492326057,normal
14,17,600.4310221374661,20.44336130663645,99.20864559761448,231.94922197904563,normal
14,18,600.7494736137907,21.709603694063244,101.54256880833532,229.47642269082425,normal
14,19,602.4994645363894,22.07966157032437,98.6811837082632,234.34482240859091,normal
14,20,601.8443718796628,23.432119607577302,99.5447749725923,226.89988525461644,normal
14,21,602.4339249015923,21.166200247291965,100.53274966624888,222.6562449619936,normal
14,22,602.3961749886215,21.198339443074577,99.10431203324306,226.64445153676604,normal
14,23,600.1263165058286,21.440177316404533,98.98044931681503,223.85951082460107,normal
14,24,606.860326467143,22.83940842875365,98.96161330027061,227.15270793425364,normal
14,25,598.5168320079522,21.57889722783817,100.00482169175791,222.8828170841036,normal
14,26,602.9882149708242,24.357688926030928,100.77907719019579,226.33787456241078,normal
14,27,608.8167318344401,19.934064582041923,98.1324485593713,220.65021063413425,normal
14,28,604.8920597033992,21.75005597902604,96.32997370848365,223.9301230935428,normal
14,29,607.4309623848418,23.92189879158998,98.05169073522504,216.64918421110048,normal
14,30,597.9600465421066,22.10643316340911,99.70111178106217,216.9411606890364,normal
14,31,612.630334455631,22.223405164210476,98.90699228428856,212.18448459709202,normal
14,32,607.2616610355258,20.580680205147306,99.41369795501315,221.62214088117707,normal
14,33,610.6778742730096,21.62003128123231,98.84056211829743,219.81908279693252,normal
14,34,608.1268449149909,21.854700724865147,96.24801811044387,217.7348014844224,normal
14,35,606.5425009650702,22.23332940703856,99.36394536371546,214.77540230922784,normal
14,36,603.2424148416967,20.948547710903778,97.43103673486684,225.96506147383394,normal
14,37,609.5683303217983,23.148612341975014,98.3383390728142,211.76303530026283,normal
14,38,611.1015879500773,22.54940425809657,99.0569204106843,210.25786024854202,normal
14,39,613.6204698955052,23.862288507578306,99.68555681468362,208.07795112655882,normal
14,40,611.1744083377023,22.88742257460531,98.51003482393286,218.17523835309728,normal
14,41,605.0716748297308,23.4832477313054,98.79800525851873,211.60002190400405,normal
14,42,607.0476465207196,25.44626410080808,97.02506811465973,215.29442694316234,normal
14,43,612.245196816775,25.340888789603685,96.69177290129218,202.65584256055143,normal
14,44,613.2758291774849,21.64296084536969,96.63354109895958,203.55846106644253,normal
14,45,609.5759813658668,25.192225073648775,98.01473408506965,201.9588042596773,normal
14,46,610.1341698130893,24.1495964832944,98.60123982217027,203.11006896024327,normal
14,47,603.5347416582455,22.84238401089367,99.54027108526746,203.935344689883,normal
14,48,608.6324336426788,24.958168548373976,96.94988336763105,200.87325933143495,normal
14,49,610.2132752155221,23.478622496705373,98.1407628229016,200.06153034289116,normal
14,50,605.8019708566424,24.181477881879054,96.67164820848713,200.82807562548362,normal
14,51,614.3224074724503,23.79897680272395,96.78851687002901,198.3650609339751,normal
14,52,607.9040866757643,24.75450900263147,97.77201125247714,206.54881625832286,normal
14,53,614.0889687870321,24.0869194955186,98.59560906797309,195.03381795418576,normal
14,54,610.9018706554955,23.958565803649687,98.60645595984971,203.1649413835479,normal
14,55,613.3959446215734,25.321936601285355,98.72303343723573,197.75627961167356,normal
14,56,607.7821415223692,26.1809715194165,99.56441082669843,192.83060198343316,normal
14,57,610.2879062543515,25.17241165291538,98.2708128351835,191.99026965623491,normal
14,58,607.8499230332372,24.945701190749777,98.23143653817556,195.62910574019398,normal
14,59,612.8478783170626,24.44888485163809,98.63400203950629,191.3292424878296,normal
14,60,610.6052309569059,24.619346617954278,95.854030967525,189.0887908791073,normal
14,61,614.265309559624,25.219783022139232,99.08066417298119,187.68512542992147,normal
14,62,613.8619394891599,25.75274017630577,99.8628570082874,188.7238274555882,normal
14,63,609.4674384634079,25.887928753355283,99.34572735596846,185.38725644886688,normal
14,64,615.3232446158192,26.34872805522892,98.45706554397015,186.6277926123679,normal
14,65,610.9045787253606,25.118720451986412,97.85860045387764,189.54111262045865,normal
14,66,614.2018351439972,24.900092033459423,97.91537965614977,188.3004253387141,normal
14,67,614.5388301692434,24.523812885461673,97.13859396528281,187.73910388206232,normal
14,68,609.4509465737666,23.34682197760884,98.78808285014402,184.5570762751094,normal
14,69,615.6201900075603,24.443183026372942,97.97752806346654,182.37624343784182,normal
14,70,609.2470172664548,27.02428341427386,97.35868332361873,178.01958016960364,normal
14,71,613.0660307620444,23.664778094567623,97.75333659963135,180.30928603622863,normal
14,72,613.8177596030007,27.038485207451675,95.73614098100416,175.01613761816193,normal
14,73,612.0499752357189,25.561205020228446,97.14747002525722,179.15006761905678,normal
14,74,613.7590796406846,25.04264426484511,98.72600694977045,188.05820095894285,normal
14,75,615.4298600156461,25.243219632979134,98.4754541310423,167.76621446835767,normal
14,76,614.1956800258855,25.3838829486537,95.80046444954951,172.59987883539117,normal
14,77,612.8074837624781,26.172654464148653,96.94717716767246,169.8933413823901,normal
14,78,614.4884599302184,26.00915103209629,97.68984606111943,171.25785299467907,normal
14,79,618.2741052223582,26.905812983554657,97.41153069690074,177.93922985172986,normal
14,80,612.6418273607622,25.926816893692884,98.56329880029956,168.71341749705365,normal
14,81,607.7546289302825,26.277031656852117,96.89493953016326,155.91443441284395,normal
14,82,620.4018069196638,25.8462875361344,97.04856311518752,166.87009227327968,normal
14,83,612.7349457423879,25.56949186536458,95.74491716357247,172.4283595459182,normal
14,84,616.3573854356995,26.198134483448253,95.70539108740977,171.98075110763062,normal
14,85,621.3926038175707,27.984743898706682,97.09243733915416,166.44915020935355,normal
14,86,613.5521865460723,26.63418087328894,95.87613979665356,154.87243945507646,normal
14,87,620.5711302574961,26.264170053607724,97.71594190743531,167.40873200380005,normal
14,88,619.2701539299003,27.652884071763182,95.8646861179263,171.28925075645333,normal
14,89,617.929376292859,27.421931685118704,95.79092366643336,156.3441736961152,normal
14,90,619.4318880264283,27.417513495938785,95.61064763409743,152.80786640612297,normal
14,91,614.3902307380174,28.47613371709111,95.74674618534993,157.30545727162084,normal
14,92,622.7510207762772,26.237849438513585,95.59300517428294,154.15616585719653,normal
14,93,623.4542054434982,29.433383500582416,97.03156322540217,160.9169236207712,normal
14,94,617.0589349914418,29.467328486904282,96.50769625435866,160.2655513222487,normal
14,95,618.6834251836872,27.33196741267239,97.86304225959611,157.69861839869154,normal
14,96,623.5541263832112,27.935328171745045,95.31163346357691,151.08328533560757,normal
14,97,619.7088957273938,27.133499783956676,95.01253859137232,159.00708515893513,normal
14,98,617.9653897875295,27.97819274779132,96.3761335898856,149.05923437339715,normal
14,99,624.1523983989262,26.802858238795388,96.30162526358077,152.23058853188292,normal
14,100,619.8372361914076,26.70308738672802,96.87081755186347,153.717553351673,normal
14,101,618.1732944142263,28.787487207205363,96.33490768630077,142.59693927319447,normal
14,102,617.8382132562859,29.298281444889582,96.22941618514206,145.17848527094688,normal
14,103,618.0245723264821,27.72460620188458,95.43552047012228,142.77018483685373,normal
14,104,615.5747076628501,29.460013286400788,96.81063367261144,139.6337227409657,normal
14,105,621.408933886691,27.497761797285232,95.53843277677346,143.2761671006317,normal
14,106,619.9164973528465,30.48294708407629,95.31967431532381,139.9586808746654,normal
14,107,619.1122557115089,29.603776956401756,94.06789766830707,139.1868854178224,normal
14,108,625.9404685203347,28.883986187997646,95.87192200503613,152.6607323007185,normal
14,109,622.5390438588455,28.011813838640418,95.35792294312365,135.32283845484716,normal
14,110,625.7678111200471,29.374561717536714,96.72441414997088,146.06491964274684,normal
14,111,620.9573676572174,27.935247147991113,95.50828688869196,134.6361946460573,normal
14,112,622.8948706262271,30.09209688083469,95.35186035395083,138.7499754495387,normal
14,113,622.31846315133,29.842727572437695,94.81221760571171,126.01776869178451,normal
14,114,624.212606578126,30.107834421307995,95.88637424475853,132.79884752265994,normal
14,115,619.5949637054418,29.694497531780325,95.54147895293468,134.37103686170835,normal
14,116,628.6673900289815,28.33319990581867,97.13503702112746,134.1589195243532,normal
14,117,617.8932885693873,29.18079734568086,96.27949607659943,131.17472483597516,normal
14,118,619.1756643762849,29.275485468203833,94.4228276261083,134.45907200543982,normal
14,119,626.1201994482028,28.463729592251898,94.53419594488435,134.7832123255347,normal
14,120,621.4234671651031,28.517841864172006,94.02130886820375,131.7601930647906,normal
14,121,625.1274731585524,28.99595396962096,95.16508539612823,136.63566192077565,normal
14,122,621.4778195292453,27.808257390989553,95.57507557572038,127.44799418049206,normal
14,123,622.4699247395547,30.492080237354912,95.91922514466879,115.95860990059954,normal
14,124,622.8422062720055,32.23751623119686,95.62340491579818,129.38051819148575,normal
14,125,628.5186828358944,30.017068825199726,95.79668416009162,128.59031021918602,normal
14,126,626.8171244902583,29.7579880293826,95.13205892236626,121.05819217846611,normal
14,127,625.4384429136994,28.991509107900736,94.12937600872705,121.58843979037535,normal
14,128,622.7688837057098,29.734982729254824,94.71607402324447,124.01131172332188,normal
14,129,628.6477719055587,29.856215628621893,96.17510461726863,125.69305539312747,normal
14,130,627.5122814958319,30.553649129296616,95.11912084186854,125.93525575333192,normal
14,131,629.8707389792779,31.814946728383646,94.801326831877,121.77483582499306,normal
14,132,630.4306395198661,29.93628396508361,94.4015831462817,118.08018331506739,normal
14,133,629.2987962139382,31.555172150718622,94.44913588880208,109.45695272810146,normal
14,134,627.5385518328878,29.8016838626716,93.15006379535978,109.68064219633142,normal
14,135,627.9791430235367,32.16103736093281,94.63889451623623,116.05690327322982,normal
14,136,630.7486848166338,29.335545090916447,95.08017642160027,113.9420510784059,normal
14,137,629.0981723764962,30.476516091596185,93.70206270957351,113.70254452142802,normal
14,138,632.5475739700034,31.900910104541463,93.97230722981992,105.2951398200936,normal
14,139,622.7537981489066,32.43609945185048,93.48491771186417,109.37243293502532,normal
14,140,631.9636333782328,29.58609854452101,95.89226450947507,108.7317977305375,normal
14,141,624.7542500542838,31.032649072851086,93.63740321859852,111.20409899452858,normal
14,142,626.4556026983366,29.448357789080955,94.09943746559101,101.21727473856731,normal
14,143,629.212959651965,30.252869667716677,93.79198719682792,107.91293902107168,normal
14,144,628.1626238248972,31.770430283001048,94.92028716571775,100.21033150134348,normal
14,145,628.8068073781259,28.270496202491874,94.44733330168253,103.49592934812578,normal
14,146,626.2496507095661,31.995719422296524,95.33269757718506,101.61991126200529,normal
14,147,626.5655565292748,31.925025262438712,92.78439333335365,99.69809314732231,normal
14,148,633.2672064849515,31.90217922981229,92.20053303605383,93.015041763603,normal
14,149,630.2862570779403,32.78239057591769,92.42237854137385,103.24856303748254,normal
14,150,633.9910305224691,33.88785898795864,94.33122275985987,102.53401297276237,normal
14,151,623.8004467171156,34.17975254799599,93.38450978690388,94.3326442078748,normal
14,152,629.6343815966811,33.671673414185435,96.12804604754355,98.62704339737923,normal
14,153,633.594252517811,32.283204048685505,92.84220452698182,104.38371835394145,normal
14,154,628.9336175589308,33.85553077337188,95.13854132976908,99.07018131978604,normal
14,155,636.486924268763,34.63234603318574,93.62475663703569,90.95602940791784,normal
14,156,625.6071904882306,34.72468225543026,93.32031799108155,99.67518428550869,normal
14,157,629.1762338974715,34.09826564091204,93.01988240818459,87.04140433191328,normal
14,158,630.9744807071388,32.10822429903836,94.27629978546122,91.74302536403738,normal
14,159,633.6831071836557,32.428978526914705,92.9748926289812,88.08219726051964,normal
14,160,638.134816394093,33.025170932226935,91.61623779054695,87.3989549327296,normal
14,161,632.4905980974277,34.72539968125038,94.5886987158899,84.39141081759043,normal
14,162,639.6550672607174,32.92883963519852,94.76632981107494,82.22495751300049,normal
14,163,625.4055107142474,31.631568509631638,90.2296665238043,97.56044663626454,normal
14,164,633.4435987566592,32.19535598155197,93.89262402998011,86.94667018090082,normal
14,165,634.8628001868419,34.40953140113627,93.11007884697499,80.60080346949506,normal
14,166,635.6833256431158,34.08233277788447,93.46073580812134,94.88777094340386,normal
14,167,632.086533631415,32.46014202836473,93.73809142750659,79.6253107154325,normal
14,168,635.0865495724347,32.60699174416056,92.87975771706812,91.45420210019583,normal
14,169,632.5832379297569,32.72114845598271,94.41067878870649,75.74479024856653,normal
14,170,631.9211703095588,34.17656112050899,94.1384114238733,86.10238195540538,normal
14,171,631.9583345033386,34.27600867298612,92.69389180045582,75.97172183244683,normal
14,172,638.0096383468768,33.21044560414041,93.39820459602099,78.7778973461532,normal
14,173,631.3877368709846,34.806092855356326,93.64028089367895,67.06854694064789,normal
14,174,635.632263333712,33.14702656583338,94.13707530641263,68.77300081609621,normal
14,175,633.9305690941113,34.362024550988465,93.05434029414188,78.81479128356986,normal
14,176,630.6447340419721,35.731914336867376,93.48514465878827,80.79859106500447,normal
14,177,638.0227205076997,34.14838988554495,91.63580178908884,70.18223409375649,normal
14,178,640.3686899985878,35.62543778165639,92.26040001989631,57.90847856898911,normal
14,179,635.1619307970846,34.03229711187088,92.59022738795962,73.642696009157,normal
14,180,638.6286377379649,35.390299547099524,93.24570914013536,60.99614649038682,normal
14,181,635.1764008019202,36.78408978354919,93.13421673480248,70.83909784221933,normal
14,182,637.4784578193215,34.97537962250599,90.33688781891408,66.80237841544465,normal
14,183,636.486321504616,35.921495399253416,92.7276728946223,58.767443066990296,normal
14,184,638.0902674685152,33.91617535175725,91.42321435891859,61.82920476641709,normal
14,185,638.6275126889935,36.05876123976007,93.08292994517758,68.16011611808511,normal
14,186,638.619135818514,34.98132717686047,93.25693063496276,51.9061226646529,normal
14,187,637.7332650539145,33.91507496537775,93.68290257254414,62.2642234739157,normal
14,188,637.6928442648035,33.5349281257462,93.49683088901286,65.13664060136905,normal
14,189,639.4708436470214,34.306977147831184,91.66636015506187,62.11799727222952,normal
14,190,635.9165047692559,35.63489296267734,90.23908739723328,57.562277217967036,normal
14,191,643.5902603962795,35.71948582799577,92.526793664531,68.92613267835678,normal
14,192,631.3921391435956,34.54468888521189,91.9188268282526,62.29175616502695,normal
14,193,641.2269690896848,34.57399329101737,93.27795432214255,54.983426163391464,normal
14,194,642.4349188769474,34.48735730187794,92.11668840093384,53.5491634231172,normal
14,195,642.1680911146972,35.07721878343383,92.15755147098825,57.53405698831524,normal
14,196,640.8357754490784,36.56695260747317,92.37112477684467,51.908755423600844,normal
14,197,638.3509037639237,35.78567231520762,92.36959247607439,52.264141760757816,normal
14,198,639.6576102628967,34.3227461394279,92.74735528445467,52.90556144444715,normal
14,199,642.8056112406232,35.92016050740709,90.30160242147821,49.20776905346663,normal
14,200,639.4002102306448,36.7429033054336,89.9297264554866,50.205897584744676,normal
14,201,641.74102564738,35.41851211471848,92.03462800981684,45.864817454250776,normal
14,202,638.2112812003388,35.75158014986869,91.209308007533,51.41809155968166,normal
14,203,638.3951443694939,35.33708999295207,93.64792866683953,51.803700059120175,normal
14,204,635.2154599180224,35.555231710147474,92.08246297172272,47.61877533615747,normal
14,205,636.5285214027894,37.558565492822325,92.62522441918162,47.409508160201696,normal
14,206,645.2701854721364,36.93228999257092,92.20858087925185,51.78839635911121,normal
14,207,644.703658742183,35.71849254108847,92.35319517867191,39.67866067520709,normal
14,208,643.1124636528508,37.116613507019814,90.29653268754402,41.390771943444825,normal
14,209,642.5957710707412,36.28370980900584,91.95470994239076,45.02948888500534,normal
14,210,641.9082208073078,37.024599476708254,92.98342407855597,42.36598291612613,normal
14,211,642.8024728690235,35.92192062035864,92.23102601138885,40.65074974695969,normal
14,212,646.2512183011042,37.00687854330332,89.703733499866,29.49939565585869,normal
14,213,644.8070422912792,36.469806402301856,91.9167677511105,37.57116322251178,normal
14,214,642.2994809969182,37.02363871441178,90.57461049495477,35.921111555501646,normal
14,215,641.2465197016168,36.8277434798743,91.07635095529085,33.866533650506405,normal
14,216,645.9665203695213,37.15020917079531,92.3837023365901,41.68927475663241,normal
14,217,645.9648339531684,37.89446853506851,91.64683220948352,37.326793545250354,normal
14,218,643.8680822157887,38.424569845957194,91.89410580528968,30.20079769609806,normal
14,219,646.4875526403084,37.61148000597757,91.13386799238768,28.619004198005065,normal
14,220,644.4980565436238,38.59646261541298,92.08894000559305,31.766968987294785,normal
14,221,645.9989309221752,38.951696791522565,91.01003370882914,23.42289998234897,normal
14,222,648.3033895565356,37.23022174796929,90.4296618766561,19.019011223327244,normal
14,223,646.3138491594929,36.218547375447784,90.32974119230826,29.941183972575296,normal
14,224,646.9657637572251,37.268295851781765,90.90584667300759,21.637027367969235,normal
14,225,643.3548096365664,38.266215260152904,90.49835332120354,23.778924799121654,normal
14,226,640.8058799551474,39.21295616480614,91.47006659317105,27.96452685918601,normal
14,227,649.2712759738506,37.33478712445429,90.56160551697198,13.525828162088946,normal
14,228,655.0212687303067,38.09041468468263,91.91872789991491,15.809194278322707,normal
14,229,648.789165276929,40.177590876649674,90.77971925097202,15.945592517051994,normal
14,230,645.5836107971634,36.17323847504278,90.76211329897815,24.10483569656498,normal
14,231,646.0927270668795,38.195860445311034,91.28756811611204,22.02012423474776,normal
14,232,641.4202833124845,38.64882296227879,93.15598512422925,11.32491877175988,normal
14,233,646.3437435015009,40.581746122051705,91.78417515654368,14.433016596119693,normal
14,234,647.4184061388678,38.71788832001518,89.89192819567833,15.628739462534588,normal
14,235,646.1601016015804,38.912748938076746,89.85161681930896,8.616908998776694,normal
14,236,647.0761576798229,40.59511821817878,90.6422029262628,12.342031105342274,normal
14,237,649.6622574151155,38.80168038740463,92.3880329249591,12.980437453524607,normal
14,238,649.7014911894745,38.28539561760673,90.98308925333667,13.375467384718771,normal
14,239,647.6304816260223,38.618242238830284,89.80196983434762,12.411763319898263,normal
14,240,649.8868173290895,39.07283720370587,90.6872679291208,9.810426609336153,normal
14,241,648.4955780747163,39.079555017322775,90.3779725793683,22.490202284087133,normal
14,242,649.3349028964222,40.00529695843104,90.75802360532809,6.685915883514703,normal
14,243,652.481967639875,39.148836229573654,91.33505454894255,5.3289650096677565,normal
14,244,645.9200824425678,39.885396208236195,89.13533164389789,8.678201125083046,normal
14,245,645.4175240317261,39.28099196952715,88.76827030347526,19.120835047013646,normal
14,246,644.2381213211511,39.68981374039641,91.30330427433002,9.181929542935126,normal
14,247,651.9540263665194,39.44277161177853,91.471088946337,7.566955454010913,normal
14,248,650.2368988529814,40.080580757726594,89.77607735238463,0.0,normal
14,249,653.511452926436,41.232207993601534,89.15589085897007,0.2310741742690412,normal
15,0,599.5697303506232,19.96734409625969,100.06429487858759,304.7343073082309,standard
15,1,597.9083480745397,19.213653008487338,101.20661974214298,296.6867762905935,standard
15,2,596.5108939392687,19.63487005790013,99.609947264756,305.7748136386288,standard
15,3,603.2244786371302,21.327520616632242,100.72997364234678,301.73121835807655,standard
15,4,598.535753620259,20.041397844646514,98.89008468697645,294.94755984731484,standard
15,5,602.8023149728042,20.43458328481225,101.16148081896029,289.2929210388639,standard
15,6,602.4007150520947,19.11169719813068,99.91417646917364,297.7016671127824,standard
15,7,600.4064922995273,20.971126604086958,98.83026766516707,284.6815501090181,standard
15,8,602.8710888674634,22.224010234075735,98.76395505983011,298.11097090053397,standard
15,9,601.4802702264493,19.204308478306924,98.59849469864784,291.0789238668032,standard
15,10,600.2866131362277,19.287087023241764,98.0059607187746,285.76640336036746,standard
15,11,602.2314270249933,20.653599247396862,99.16876204249992,290.00943597145744,standard
15,12,604.920080159588,21.114126510434147,99.51869132861042,292.64036003330347,standard
15,13,599.0704490933512,20.55508046044465,99.40891206439963,280.81523370778575,standard
15,14,600.8403775131469,18.765040319104695,101.49217804766295,281.31293105781845,standard
15,15,607.008342394264,20.93808450571949,100.11486413215596,282.55600100824535,standard
15,16,603.023789075885,21.610489639988437,100.18455241439418,287.8738669503718,standard
15,17,601.4450018698824,20.539640327508643,97.8958236747324,285.61609505588467,standard
15,18,605.9471361339704,22.695981679917928,99.7651726345805,278.1676011354572,standard
15,19,597.7587115701317,22.18166673308335,97.63372343322247,279.2969796112812,standard
15,20,602.3270795161691,21.13054486214898,99.43580260003584,280.69073778183787,standard
15,21,595.9039102137643,21.274655909870127,97.14042442588813,282.661090365455,standard
15,22,601.6346245325891,19.16296327477665,98.52579532261463,275.1496233040767,standard
15,23,607.0220988526651,21.576637741750243,99.65444494435059,282.906108171103,standard
15,24,603.3115671362266,22.194187961032405,99.963861113932,269.5676525321529,standard
15,25,608.1689507328895,20.079698219929305,100.16736664947784,267.41463481547186,standard
15,26,605.703710364455,23.421914878150172,99.0070213434498,272.7182217857343,standard
15,27,605.8813199979505,21.29060354403746,101.00827870374282,273.9609612472935,standard
15,28,603.2394914753379,21.139714472104316,98.22705152982698,268.86122506621257,standard
15,29,603.2979798190242,21.252360926501417,98.47182472586289,281.49420615176217,standard
15,30,601.4097147705315,21.946632587646175,99.69252100976087,273.15053997791864,standard
15,31,604.4741787726525,21.61929742815269,99.5215474912395,270.332608249891,standard
15,32,604.0231234956974,20.35812142827557,98.57207627766675,262.2672491814627,standard
15,33,602.948521349801,22.01322323851696,99.36873614399663,275.90226375646205,standard
15,34,603.4877808632885,22.81462563527515,99.28596002443784,272.47998835319896,standard
15,35,606.9786861587869,21.091518572713685,97.22695397070878,266.5563084983375,standard
15,36,603.8146470062989,21.179686254049404,97.65242229546692,264.80487748793576,standard
15,37,610.0731230979401,21.811327654293958,99.48027031107532,262.48866824891206,standard
15,38,601.8318537326899,23.01481134351042,97.76530795597263,262.1081331529678,standard
15,39,604.8254387549841,23.233077434565693,97.77184900752931,262.9543495390098,standard
15,40,603.4806077779539,21.888894787671212,95.1647997724599,270.46049285808954,standard
15,41,607.8016707984787,21.692652514061837,97.645344311667,256.5217562356033,standard
15,42,608.4506386044583,20.627915074415075,98.59841558070566,266.85320936231335,standard
15,43,603.0481609920967,22.660385038763653,100.91330981525775,260.16075814845385,standard
15,44,606.9777714614564,23.146636454909004,98.27913466499031,262.4981564265172,standard
15,45,605.5520099312994,20.74081839126402,98.25869689605955,250.16632735061648,standard
15,46,606.0564179634077,22.500915940919366,99.8174231998049,257.47646363332194,standard
15,47,607.8397964627261,22.817054588667403,97.53114199114201,242.0941238116716,standard
15,48,607.5394800341784,23.674641203573657,98.45166611675542,249.3257283860665,standard
15,49,608.7435064956427,22.856667799375654,100.21574419197397,257.16364171034144,standard
15,50,610.37852417107,23.757734114209903,97.20983258554854,253.314968510263,standard
15,51,608.7789778729397,23.666424728391164,98.96260948681305,251.26381293924032,standard
15,52,615.9025994086487,23.043814330048082,99.37633738082933,245.64505094868,standard
15,53,610.321924751663,24.119319890232454,98.77442607713535,255.3462347118825,standard
15,54,605.4471718909188,22.75277905833178,98.59238008602348,250.4040342674211,standard
15,55,608.7882885638847,24.585759036510566,97.68831012903368,239.29710755255724,standard
15,56,609.3243850096095,23.282819723886302,98.86286372035822,243.8629885456675,standard
15,57,607.5299406281296,23.34506242827628,98.31884889479319,241.47509350075836,standard
15,58,608.0906038610298,23.076406663013092,99.11666511986941,242.970105022529,standard
15,59,615.6202574165063,23.70070455127846,97.67914252967134,254.35337687431533,standard
15,60,610.240879133143,24.59012478689282,98.7921029832025,243.11505514648874,standard
15,61,610.7569621540574,22.557915435223936,98.53752904756142,232.3756934807488,standard
15,62,608.7769114907624,22.99438254343671,98.49747018584873,239.67063123669118,standard
15,63,610.8934376722956,24.06729657274909,97.5031746582136,235.6949825532416,standard
15,64,612.3611884837635,24.9078566772944,96.93321690137346,228.34536183743677,standard
15,65,607.5693318503859,24.94520758203225,99.26488403018303,230.37644059799413,standard
15,66,610.821928061209,25.79443133314009,98.43531147724033,241.10751642616546,standard
15,67,613.0461797102492,23.10980129377209,97.80001857650292,233.17377239145924,standard
15,68,610.512400164064,24.99632895343857,98.36868476227541,217.31899528110944,standard
15,69,606.4114791807218,21.952619085023958,98.10536524065535,232.20243824733882,standard
15,70,611.3496748758322,23.241071732285384,98.57414400511999,233.58131248234264,standard
15,71,606.8845527983844,22.79396179855113,97.86986831377307,237.9589113680668,standard
15,72,615.8992282265959,24.883404360448054,97.11000332841992,232.43421329744294,standard
15,73,609.5927272055729,23.61249296332619,95.66603316837801,227.51191099173826,standard
15,74,609.2103979525879,24.536430379528504,95.48064230376293,226.84913336291842,standard
15,75,603.9566365080851,25.587940253268552,98.27189123413508,223.60667614287706,standard
15,76,613.0881595802463,23.58192573733645,97.79237551561489,227.9738701923017,standard
15,77,602.2671322527258,24.172775640322477,97.66735586986363,222.01853191127117,standard
15,78,616.0713054786822,23.556098875077115,97.03884075655476,212.42065486845775,standard
15,79,616.3808599538195,24.493709857391202,97.19159111196329,220.73758658844642,standard
15,80,613.908707485291,25.147363403516124,100.24788421355709,222.26967944201888,standard
15,81,610.7542637124927,24.29864326247605,97.17724104758318,211.4908153768508,standard
15,82,612.4195926224747,25.70346810620892,96.92663639937678,213.96309971857943,standard
15,83,616.9978354388827,23.553516843378837,95.4421816235227,211.23549028176308,standard
15,84,607.9787018486271,25.426226064104583,97.11929549955043,214.9015647748808,standard
15,85,616.2088025309243,24.408665138837225,98.22508941174564,222.556613996016,standard
15,86,611.533012505959,25.897022855556315,97.17818208747101,218.62049064420395,standard
15,87,608.3355324372711,23.574487754874653,96.99873228509246,208.55537595470113,standard
15,88,611.6498726717103,25.06047341755286,98.08001353183626,209.96169710717032,standard
15,89,610.8784160681307,24.9884866232411,96.56085472019338,206.32997248968644,standard
15,90,608.660949559269,25.469478116221076,96.73129429340294,214.83139369617336,standard
15,91,609.3078117238232,24.917916444952123,99.08290722065874,204.30195241451077,standard
15,92,613.0904002437115,24.30415601717463,95.89157248721901,215.7365549154384,standard
15,93,614.4631184779115,25.713678838237623,95.51368376488377,208.7937069405415,standard
15,94,617.5722658379815,26.78947706082853,97.84833322960617,200.35257211202298,standard
15,95,615.189370251579,26.367584960476606,95.3555564149111,199.39360204259108,standard
15,96,617.0644719652303,26.636045776671928,95.5714169663786,207.97510729634587,standard
15,97,614.8359101974609,26.601008954607153,96.45547867656606,206.2259174824045,standard
15,98,617.2314863234569,25.52866506454429,97.07775254617329,198.75739185247673,standard
15,99,619.8049168460576,25.819728060674237,96.10797567482282,197.42087043062625,standard
15,100,615.3803118034264,26.75333117177821,95.66417315484948,209.23830001471225,standard
15,101,616.0760258821668,26.526455972969412,96.87281045617657,199.09629483675562,standard
15,102,614.8551505862177,27.137795969035963,96.93207141254663,201.83525109246355,standard
15,103,614.1484574299424,26.375640528312317,96.10607965576058,203.08264116274768,standard
15,104,613.0987582778426,25.915020555738675,96.56503958754526,194.23024306163117,standard
15,105,617.9174873083288,25.983342235263358,98.24392453054107,190.90762456934917,standard
15,106,616.4081324098281,25.5842140106874,97.24097278253146,193.92025136511614,standard
15,107,615.5848138659045,27.608474966503525,96.1356581289449,195.93257578809,standard
15,108,613.8931202619757,26.592685200160375,95.56442467177656,188.68741426846628,standard
15,109,616.1035708632814,28.35464916732308,96.83080387045977,199.27334157933353,standard
15,110,617.1609698750727,26.212915755525064,98.2393565226007,192.1850881103671,standard
15,111,614.7218352183519,27.130571459400297,96.3774052500924,179.0548290191435,standard
15,112,619.6079194777968,27.814934055641928,98.47794202999228,190.1107184609763,standard
15,113,616.2038297277525,27.614989427378585,97.4598203653189,195.1914059156821,standard
15,114,616.9661171308007,26.674421027432405,95.86445558024147,188.687310433626,standard
15,115,612.6052149953075,27.676087372862565,97.13783512186579,187.92535101229186,standard
15,116,617.8146757095055,28.492978247531084,97.39199346542686,180.96461404312151,standard
15,117,615.782462850907,26.140326186585362,97.04128333277558,177.99930539380023,standard
15,118,620.95017643075,28.40297330834554,95.58098373104954,181.07225732703574,standard
15,119,617.8998629440873,28.02398316046967,98.03934337560989,172.57253803565712,standard
15,120,617.0454578474199,26.933983304439653,94.99933014511346,177.5744499034797,standard
15,121,619.4333068330518,26.98132109716044,94.82537883139258,193.37041349004957,standard
15,122,619.0985335956125,27.431694130106674,95.24207363693296,179.30353080985637,standard
15,123,617.9573586478756,25.49147658728459,95.23974455998558,180.97463008836974,standard
15,124,624.4320529500013,27.807165405043044,97.38308327829337,175.22122345708394,standard
15,125,618.4903615179581,28.590979027619465,97.91277728917947,181.5054834673281,standard
15,126,615.7009107738455,27.493041109684754,96.49752468447629,172.70161018246236,standard
15,127,620.2135726302467,28.440576811668947,97.19280975195514,181.42935076110763,standard
15,128,618.2116766858255,26.315966835160687,96.51823459401444,181.419055155924,standard
15,129,617.9190724201378,28.426846977063718,96.82574579247265,171.95721023672306,standard
15,130,619.5207741631311,26.876570794278607,93.81833792757942,164.44074646667985,standard
15,131,618.4790875526649,28.957422687422707,95.96687193764862,166.40487140540927,standard
15,132,617.1270436741397,28.57680582850948,97.39835716643061,173.3171786093373,standard
15,133,621.7684490992755,26.50438725361706,95.65832575715623,176.73652114444837,standard
15,134,623.4658514757457,26.502496781765274,95.92440947680073,167.81549216330518,standard
15,135,617.9635246109214,25.790795978591152,96.04882404501643,161.0612087118978,standard
15,136,618.0484747827459,27.805319640069243,95.78632408534519,163.95458602952158,standard
15,137,617.8980303032339,27.999790470365923,94.13257662959724,164.5551953268404,standard
15,138,612.1311737599766,27.99050991956638,96.77918615367695,156.70329656362586,standard
15,139,622.9992906109723,29.49573271212089,92.5221000475026,160.24318548212128,standard
15,140,612.3726797171151,28.281791554429052,95.79282878901867,147.58728007044581,standard
15,141,626.9245150862396,28.746015807634627,94.92097656791796,166.32689713749258,standard
15,142,615.913160338073,27.290828966481687,93.4405444763301,167.00522598269666,standard
15,143,622.447039114416,29.239401789848493,96.01100123391846,159.86883880572293,standard
15,144,621.834233141688,28.910921342707443,95.78760343622295,152.9570409721536,standard
15,145,621.6101257043559,28.973594573261682,95.76054911955214,147.61113946123342,standard
15,146,617.8650399941747,29.84284143391639,95.3130059541166,156.9236267351797,standard
15,147,618.7736402708327,27.34685412335347,94.74640338746829,151.88717464614294,standard
15,148,620.2045791021468,30.173933523105717,95.73952330153746,161.24469309280929,standard
15,149,623.5632244622143,26.527449182080186,96.58604160645855,143.45224188765022,standard
15,150,623.191601001634,28.225315942336156,97.64271103446418,157.19798963715067,standard
15,151,620.4245380748947,28.932642331878892,95.71459806964921,153.31707035780806,standard
15,152,622.887455736975,28.095105100619133,94.72244136079995,147.97759101811604,standard
15,153,626.6533709362941,29.607837860536044,94.63658507338498,150.24186388854895,standard
15,154,621.9390454833656,30.130408005186844,97.9070104183286,144.20586814528224,standard
15,155,625.6548154791791,28.554606667962272,95.2377362328087,145.1478114343605,standard
15,156,622.8189490198669,31.823013688775024,95.0134069253216,146.93425769392434,standard
15,157,617.7597393920297,29.85199656336961,96.43205459235226,140.36201328710476,standard
15,158,616.1693335768788,29.441348231172675,95.27718385038553,145.62037525372153,standard
15,159,629.8827091062403,29.159946349399693,94.37371187633973,135.16541099314279,standard
15,160,624.5942358510948,30.079354258818505,94.65434460563742,143.89341372862896,standard
15,161,625.5461522304576,29.70323168964489,94.26758527925588,136.5906784225764,standard
15,162,617.0107341069523,29.95578706419803,95.16634128874743,138.94239495544744,standard
15,163,625.9629570466938,30.165821486432225,94.99961681935396,137.24334021581376,standard
15,164,620.3870507499115,29.256279354310575,95.13047105368346,132.3207321204382,standard
15,165,627.3304523876176,29.24136791904497,95.26630541124831,135.58282828407667,standard
15,166,627.1388327808312,30.860791174028304,95.71403261096793,123.46996899308434,standard
15,167,628.6324444440394,31.5473082241946,94.50787571567852,134.18323456336424,standard
15,168,622.5275049596077,28.131621493267847,94.22128473445761,129.29930480268195,standard
15,169,624.2854478059446,29.181085909994014,94.19657483318277,130.94496839185797,standard
15,170,623.1893190506696,30.74352433255003,95.58166065139744,141.90193873082245,standard
15,171,629.0270397963703,30.503103058328414,94.24973570333232,130.46873675837,standard
15,172,626.779787879749,29.80668691099434,95.62373139675289,121.00950992659062,standard
15,173,625.2168004933875,30.93585845931741,94.5224158524079,125.96622798285364,standard
15,174,625.6866424164232,29.604398759312254,95.95390093157421,120.90981164038593,standard
15,175,627.2044779822296,30.913647898282374,93.80137809879103,125.36552127190372,standard
15,176,623.6711034817658,31.95104247505595,93.58121706302379,120.73051452884017,standard
15,177,622.8773249749332,29.26230127313245,96.28121529088229,125.7138733695628,standard
15,178,627.1208802771017,30.023423036653078,95.56761181104676,117.87888780316274,standard
15,179,629.2309178829903,29.867488723394366,93.98549229812433,124.7914119305896,standard
15,180,629.5914820324673,31.39747293389676,93.5503258842432,117.76636567138586,standard
15,181,627.6206962235955,30.010719038089906,95.94096276012928,106.99026528024727,standard
15,182,624.9637814538925,30.41043349713017,91.69605633522822,111.01885434881905,standard
15,183,629.3258685376262,31.010283636552963,96.08313602204291,124.7261322294241,standard
15,184,628.8991391358119,31.35323824900071,94.5459311085789,102.72458991060255,standard
15,185,623.5663214600218,31.200675503098935,95.06602570874767,116.4483490606907,standard
15,186,625.222605096853,32.09740628246949,95.90244402875464,118.6899480014567,standard
15,187,631.0187979887713,30.660774202044788,95.4659341227008,113.72879319663829,standard
15,188,629.7346665855661,31.64543184282471,94.23851289455959,107.69998762438848,standard
15,189,628.1035900093378,32.32676161748282,93.8885241946871,115.46673631304073,standard
15,190,630.711212011853,31.101062602980168,95.68880010361957,108.22226664404647,standard
15,191,633.1786405878379,31.894126981540975,94.25413408154648,104.56099309831173,standard
15,192,628.5352193095948,31.316240486505578,92.9817036147491,106.91192288641166,standard
15,193,626.5385904597088,32.16599176897878,95.5162804757282,100.8654216185238,standard
15,194,634.2369231851007,31.51144896561487,93.20497861506149,109.78877390104091,standard
15,195,627.9106365652349,31.61826332396851,93.74572175578793,100.9163103406755,standard
15,196,631.5719910972057,31.473698597105813,92.68334820782076,106.75530062107967,standard
15,197,625.9332529469286,30.66673982732474,95.28260620497731,97.01830050394894,standard
15,198,622.7506654292175,32.5028614849615,93.75613657051888,100.91172439430942,standard
15,199,628.9064988199494,32.17166993901873,93.27728075809694,108.38057437282882,standard
15,200,625.5713085590718,32.44487491667712,94.64212100387658,96.20174119583311,standard
15,201,627.0787966641665,33.07717421417016,92.97913924598329,95.96668029624716,standard
15,202,632.9619268873791,32.15474123353902,92.1428563323709,106.73529572276757,standard
15,203,628.8599677236601,31.77724271009358,94.16578425232636,100.12538398502036,standard
15,204,636.4833128738744,30.579931850594306,94.70595220892594,99.71504847025038,standard
15,205,630.3385052673776,33.08727369481622,94.78427401763655,88.09018607506498,standard
15,206,636.1492995176425,30.801237746861858,92.68468371876122,92.69106163187952,standard
15,207,636.8248215395611,32.111743370246614,93.7580661099492,100.16039301952281,standard
15,208,630.2990455723036,31.301563287069328,93.34276516476169,98.85395916902888,standard
15,209,631.5625949911654,34.47065825905626,94.46793492626216,87.77595531803259,standard
15,210,631.6532289133952,31.746781881858123,93.03156696935123,112.39542125512878,standard
15,211,634.7058735301014,33.52109798900667,93.04681968469194,96.84792033140539,standard
15,212,635.0982468053787,34.60162128935777,95.47311414839845,80.6045535595124,standard
15,213,628.6204815321903,31.776212184536366,92.66605935666756,88.61726182130195,standard
15,214,630.3995896437126,34.912598540762524,95.48467988208164,85.9676920296048,standard
15,215,638.1159786484494,34.3881346272402,93.09929344082273,74.95392327987219,standard
15,216,631.7460948451178,32.31537786892153,93.72650562514583,84.44614143437374,standard
15,217,632.7390529766976,33.54368474137916,92.27747805291632,85.05680138784854,standard
15,218,631.3811515409491,33.27998219986369,94.4174098452322,75.87800113389486,standard
15,219,632.0061190419913,33.021465765971136,92.91573102842936,85.49914748066479,standard
15,220,630.8388349235986,32.64459960055766,92.69008086704794,85.460277057194,standard
15,221,631.6726676627633,33.720045390883556,95.34570510123008,78.62590789824708,standard
15,222,636.6361820400995,34.99135408409313,94.36719156004041,77.91599342011129,standard
15,223,635.3763232769959,32.09262140686465,92.52995684185005,73.9766240918404,standard
15,224,640.3218363605229,32.627415485744734,92.45252324873817,70.78039509875508,standard
15,225,635.4294352857922,33.642621392668886,94.33675897702656,78.35629833038678,standard
15,226,629.7588304598278,32.75272222998963,94.58532874827581,72.98350877711597,standard
15,227,637.612775454054,33.47031905208468,92.22234357171148,71.48369611166648,standard
15,228,631.2958506133509,33.114447237597574,93.36092570656524,74.5580254518451,standard
15,229,629.5794260302371,33.7226319924909,92.54338426444025,67.75792595520593,standard
15,230,634.8980538573992,33.24954812731079,94.48213799484667,75.9403093812553,standard
15,231,638.1954848818261,33.3650898045097,92.10750116508068,69.41014964694058,standard
15,232,634.3489549011412,33.31117683757664,91.86426555333304,67.79241015365965,standard
15,233,633.7377916492426,34.66834703703802,93.67510605152148,72.50399902711358,standard
15,234,631.3221133443599,34.44105830769363,92.25253429376633,59.89792894594458,standard
15,235,633.9641932891539,35.16870498013462,92.57768164642953,72.82727329979556,standard
15,236,637.046635546561,33.76590952101942,94.08004842890641,66.22698386057142,standard
15,237,632.7523218346598,36.078802635580516,93.14947882308648,63.09398095992746,standard
15,238,633.1334019902832,35.45953826760774,93.37727542736131,65.1461909014762,standard
15,239,634.3274059694227,35.174100571910074,93.7418135935708,57.65610880609439,standard
15,240,631.749029580957,34.98137305933892,91.22665305039426,60.7600788891889,standard
15,241,634.808264685638,35.67866521078892,92.37715610923279,64.53636486001902,standard
15,242,634.7573716669109,35.51999100505961,94.80034154383682,52.659764308168796,standard
15,243,637.3261071651928,37.32878241591006,92.77658882690292,57.30894135114824,standard
15,244,638.9654968420531,34.68108086409475,90.97277400542946,61.66143687419469,standard
15,245,630.7411547584044,34.28320834886166,93.85742574915665,53.21728785678607,standard
15,246,634.8189105226068,35.63926390516656,91.76888521316562,47.88887140204023,standard
15,247,637.8735419624797,34.63707670158741,91.34632688581117,56.18476269997435,standard
15,248,638.5934628167317,34.52024498339436,92.26866799387506,54.35196371004578,standard
15,249,640.9210842592562,34.65720678989067,93.18468849300814,53.826001085422995,standard
16,0,602.6379218781269,20.039309198743464,99.08767448593365,147.68750423400016,accelerated
16,1,601.3285603973449,21.938464378381592,99.45598037680372,153.02393721763698,accelerated
16,2,599.6158306479697,20.350468755886133,101.39539674926358,151.82146290710216,accelerated
16,3,597.1761021817771,19.787524976188408,101.07622134444135,147.70939021314248,accelerated
16,4,597.7534796411525,19.66104755502628,100.46349352271118,150.97205140608816,accelerated
16,5,601.5535659044465,23.075313800936105,100.52415236345564,143.7825946518355,accelerated
16,6,599.3528818557019,19.74511569536096,99.97542132048036,141.55611477543297,accelerated
16,7,607.1212312619502,22.30631180291786,100.21306654749722,137.1050191352155,accelerated
16,8,600.3833433823428,22.2156775257411,98.9569338002049,147.6107086695976,accelerated
16,9,604.1238117691043,21.131717884813185,98.75716718706455,140.52878078237623,accelerated
16,10,603.5689438646247,22.232538898301122,98.51426439936625,138.68591578736942,accelerated
16,11,603.4344693957968,21.982678357686165,98.43153566247723,132.41715103556393,accelerated
16,12,605.6218954551301,19.9220508850533,100.56497971476217,137.22036951258545,accelerated
16,13,599.2574067531766,21.079579780596504,99.59912363306924,134.3364945622251,accelerated
16,14,604.2600892464731,22.420078365705287,98.95780966461238,131.31471161766933,accelerated
16,15,603.6030480078845,23.214840136459262,100.78506434533318,124.90036913028862,accelerated
16,16,608.0730837275744,22.17014771603536,99.96398267912015,131.24755869866186,accelerated
16,17,599.7952094714956,22.62448878864746,98.03902273871729,126.05853784257573,accelerated
16,18,601.4447958525795,22.760913782415333,99.0594524660292,135.91233010937336,accelerated
16,19,607.7072257634892,21.859066435416235,98.78952642612255,128.4428123560873,accelerated
16,20,605.3690166814035,21.432745262018933,99.19048429387433,135.37560374490877,accelerated
16,21,603.8501609105369,23.80126964540134,98.85352149647794,130.20539488202905,accelerated
16,22,601.5017114411775,20.832737690434268,98.82411636277969,131.94866062316004,accelerated
16,23,604.8858586690651,24.43009390058309,99.35493597425432,122.45829374146007,accelerated
16,24,607.2925460011605,25.356929133723412,97.31743599720029,128.64134969457552,accelerated
16,25,606.53176634183,23.70689629091851,99.76727364631839,123.06881455644316,accelerated
16,26,611.1567368151215,25.34120339427196,98.50627473734423,127.92444343747093,accelerated
16,27,606.3286776893902,23.259259309031215,98.20332490729176,126.98467962829298,accelerated
16,28,612.0140278072707,23.25034515088254,99.85362284573291,129.65023720780815,accelerated
16,29,611.2405612295397,22.963973468278272,97.6481711832601,116.93809322654981,accelerated
16,30,611.8474982107144,22.388231792510638,98.87683765411101,114.59445326087943,accelerated
16,31,611.7706383595258,23.73721958273056,99.47363856185983,124.70727289160635,accelerated
16,32,613.9051962360063,25.30081871828911,98.2236308339882,112.20603466787698,accelerated
16,33,606.7424308350079,21.873151470684064,96.9363341665719,117.34411828852325,accelerated
16,34,608.5210374575246,23.899864395590146,98.4527154194614,114.4796737096712,accelerated
16,35,607.1345135987623,24.146766332436567,97.00150951322716,113.64606751510469,accelerated
16,36,614.8283308932689,24.049494695903824,99.61095755334775,121.15817993468985,accelerated
16,37,609.3620840742628,23.328876233584225,97.7274458380798,118.76663881698444,accelerated
16,38,609.9294272813139,25.46809029826214,98.92843998913608,108.12987174818697,accelerated
16,39,609.6718467351343,25.392662032127006,97.81184754964157,107.5696923672816,accelerated
16,40,610.9434586556413,24.729480447272582,96.03514557504454,113.82821553241348,accelerated
16,41,610.8639234331824,22.136283776201903,97.51612903169055,105.29214370553247,accelerated
16,42,617.6664665769081,24.45455497908003,96.38235663642139,110.53966334981008,accelerated
16,43,610.9186578959773,24.38054379874777,97.92950138282441,101.79766346055217,accelerated
16,44,608.8281790254017,27.005998002094337,97.93949873760064,104.67895357502817,accelerated
16,45,613.4895683708942,25.905864358116155,98.27333744961342,101.22012354342495,accelerated
16,46,614.898439577897,25.01329582378976,97.05101875548738,104.80346433732453,accelerated
16,47,614.079964280842,26.375566898302573,97.6670865591156,95.45915395313911,accelerated
16,48,610.3265303788037,25.390283315240705,98.94862526244182,97.74204083749198,accelerated
16,49,614.0753318711618,25.343653973043477,96.50595561591192,101.89119871952528,accelerated
16,50,619.2023318285869,26.45596839988059,96.19646903857291,113.76614755401603,accelerated
16,51,615.5357196628834,25.542779043617887,98.35209637467759,96.6546469102809,accelerated
16,52,620.5887409649623,25.369357209033335,98.31003038892136,99.00523832140847,accelerated
16,53,619.7731566981073,28.261765708701542,95.68739270947874,103.37885910379161,accelerated
16,54,611.9732882867238,25.432815644751773,95.95659054020757,98.51818318088931,accelerated
16,55,616.5990476308045,26.432863915837167,96.84623527902237,97.95644794646736,accelerated
16,56,618.804744371824,27.81416683561513,98.46003481276745,93.89318813779262,accelerated
16,57,615.5367331136073,27.45353612918519,95.43574518373538,89.60647933944195,accelerated
16,58,620.3981428391784,26.835871625182296,95.31180754164195,84.55098467317413,accelerated
16,59,617.8461500381815,28.221896536968007,97.58854577753118,91.55440251446419,accelerated
16,60,624.0267282572884,27.095179634059537,96.2614323766026,77.162820451305,accelerated
16,61,616.9579111525163,28.172015034908494,97.90396133685971,84.84882683166357,accelerated
16,62,619.9867569878792,28.486879032323287,96.2912081531959,76.58359771236385,accelerated
16,63,619.6418699987228,28.32143062406089,95.27257710498154,85.72922734562806,accelerated
16,64,615.7335118736138,25.10985245141965,97.18700441178765,85.98125733099074,accelerated
16,65,624.293024990115,28.65732219190618,95.74579023833455,84.58409669947795,accelerated
16,66,621.4985321723104,28.886883416755744,96.36267063074202,89.52796572644742,accelerated
16,67,619.2099937899766,27.042856453214313,95.91519074643887,84.02592445368091,accelerated
16,68,616.7953938157821,26.823277915853378,96.36738629647343,79.96821574314788,accelerated
16,69,620.202477283014,27.920307334299178,97.38060090176322,87.308805801975,accelerated
16,70,617.2879389298824,27.867206786919553,96.65000426796959,83.00968118551621,accelerated
16,71,621.1756261130106,27.382399795035766,95.05745995384645,76.41616216226855,accelerated
16,72,622.4309829933574,30.343727154697238,94.99311976521187,72.8698237622238,accelerated
16,73,621.5742405695162,29.791738980514058,94.17311703323931,84.26817075437474,accelerated
16,74,621.683905913653,28.145679997686628,93.95981071323784,79.53260386710313,accelerated
16,75,621.9864864142754,29.170705482754506,94.59918825898863,73.40451982874488,accelerated
16,76,621.3402562609357,29.019406894621792,94.77044767362419,66.3290951965639,accelerated
16,77,631.2854992358898,27.87659575266249,95.56145900694253,64.1398608578798,accelerated
16,78,617.4088576901461,29.457826491852266,95.4943675877683,78.30749495401191,accelerated
16,79,624.8986405230471,29.33018928125421,94.310399755935,78.49506034116774,accelerated
16,80,626.7865537381507,28.353670522251576,95.23796372821064,70.72026115763248,accelerated
16,81,623.263039030183,30.491850485806793,95.97173313834817,68.04757151097446,accelerated
16,82,623.757392262607,31.33895846266753,96.01283889236224,68.36180194954193,accelerated
16,83,620.0123728827598,30.304000106305036,95.71808346491767,53.22739185800813,accelerated
16,84,625.9556083449542,29.66330801320426,94.73914571987044,61.4630952361834,accelerated
16,85,625.0554321287891,31.591991576181336,94.4536015011845,69.82786779396592,accelerated
16,86,623.3810063433612,31.07875619265604,94.84165585562195,65.7601241439464,accelerated
16,87,626.1214597682925,31.081625232441205,92.21241488206624,55.90087343271215,accelerated
16,88,627.651241494026,28.516461646103767,94.1894196443528,61.72829579481675,accelerated
16,89,624.2155795871613,29.988438597306224,94.93158220015358,66.04647477889904,accelerated
16,90,624.1246518562356,30.22494180381263,93.86873902667296,47.8931012406136,accelerated
16,91,627.7251353709524,31.854717745828495,95.55664320731587,54.64616811779631,accelerated
16,92,623.8449058544396,31.061605547591682,95.30927368656647,58.77425224155192,accelerated
16,93,628.7679139076213,32.30183092773623,93.6808634407693,55.90014956663485,accelerated
16,94,633.1038165352836,31.083188876902373,93.09266303403342,52.65321951874853,accelerated
16,95,625.6854604463363,31.75716258570127,93.40405299641122,56.35517126430622,accelerated
16,96,626.591804344378,29.39662146160177,94.54661978698192,54.742318407734444,accelerated
16,97,630.6532734471266,30.967012780834743,93.40045552464063,55.00733429240773,accelerated
16,98,633.9570587175929,31.771168009506326,94.54458509604714,50.392061577871466,accelerated
16,99,625.069108434379,32.84742941915406,94.96841423908616,54.55387012587597,accelerated
16,100,629.4541636849727,32.59705609973854,94.89376179738782,58.10079342478353,accelerated
16,101,633.2655783139422,32.18382122503364,92.63174674457562,49.778291488358704,accelerated
16,102,631.3697321875479,32.94902977531831,95.23389185932342,47.524247439716106,accelerated
16,103,637.2029615694394,30.60071297995942,94.23934187246162,43.00739803907986,accelerated
16,104,625.4783340009336,32.27822562370085,92.30282730157904,45.19286050983592,accelerated
16,105,631.6043077442833,33.71854140933595,92.19241486523606,49.542225828228865,accelerated
16,106,632.0942413508393,33.74884915360959,93.20824882496888,37.33877706618277,accelerated
16,107,628.4475020213524,31.54819254633289,94.05781415292066,50.3846101110735,accelerated
16,108,630.7051454200343,33.58913529825779,91.99655794186438,42.9016062458865,accelerated
16,109,634.7056878490114,31.63187522472313,93.25611653102015,44.57958570242783,accelerated
16,110,624.1986880583115,34.535453061701745,93.75367937589105,43.583638238586715,accelerated
16,111,632.0618421624157,31.597277518434645,93.87406295631696,38.58704837291744,accelerated
16,112,633.696346366297,34.52760698519895,94.0420638738626,47.60618708544806,accelerated
16,113,634.3615626866205,32.86878756220889,93.03158315309128,39.07831686269303,accelerated
16,114,637.247569556979,32.212966048561285,93.16853761517916,44.047708285191845,accelerated
16,115,633.7793733869925,34.7310118548691,93.593117527216,39.7793030326249,accelerated
16,116,632.3707183752001,33.114598329934424,93.06027189212229,26.338891063798442,accelerated
16,117,634.290778180165,34.29287665751566,94.76463560694978,35.01359094634911,accelerated
16,118,637.2756854126193,35.32447584705,91.95534241110495,31.17458668814507,accelerated
16,119,642.9762377754117,34.200877777615496,93.9764307487822,35.81868938586554,accelerated
16,120,631.5656588568369,34.71047927700593,92.94674747220522,31.649793939202173,accelerated
16,121,634.0376625606268,33.40308048808784,92.26398999997915,28.511025014578987,accelerated
16,122,640.1549533428009,36.457310819725606,94.07659784622318,32.30092605390922,accelerated
16,123,633.8869792131012,34.351103825010505,92.829926052413,23.837804809619126,accelerated
16,124,638.9316169575839,35.60048610825428,93.09629006256547,31.125673022787907,accelerated
16,125,634.7862263588607,35.932828704092195,91.8043545498798,20.29532023678557,accelerated
16,126,639.396348402559,36.33587356219898,92.928013486376,24.10402011886272,accelerated
16,127,639.0304614783046,35.37642691806728,91.2540491038646,16.786899275275424,accelerated
16,128,638.1635223615796,35.439856835769305,92.33133237836773,25.380508068249565,accelerated
16,129,638.0535698515071,36.042979181904855,92.11541323267356,30.11679481018233,accelerated
16,130,639.2421411801794,37.94072261152568,92.55201159109086,18.931614147058923,accelerated
16,131,636.601656071221,34.27711142594231,91.14855771560384,14.601968454180051,accelerated
16,132,640.7844600612366,35.313834628939816,92.2669270525545,24.40989181188343,accelerated
16,133,639.6365749450954,38.039156698466805,90.8441890196608,16.24708225812536,accelerated
16,134,638.5820612291672,37.01650660605701,89.72020836963388,8.784423554110944,accelerated
16,135,640.1779595326472,37.7513777210095,92.12584183403732,8.242262728678831,accelerated
16,136,637.2085002219293,37.99298970284495,91.21886520120377,9.28518313775118,accelerated
16,137,645.5321176818926,37.45109700558699,93.0540596432668,8.249790598670916,accelerated
16,138,636.824683076957,36.69316648936271,92.05512613307366,13.823009018524159,accelerated
16,139,646.1345518069171,34.94623290999175,92.51969505129776,5.516874779263411,accelerated
16,140,644.5672059625825,36.32504329547862,90.78602820410948,6.950486465253989,accelerated
16,141,637.9631693976703,36.96042893983347,90.76732660933955,12.93149115450139,accelerated
16,142,644.5201682430987,38.728157052902795,91.84632748354107,10.603388835400368,accelerated
16,143,647.1002994354834,36.5323373039733,89.93174178717697,8.000470295641968,accelerated
16,144,638.9320995923568,39.73393867292539,92.81549829207894,16.819881666507904,accelerated
16,145,643.6873409299894,37.950573593701606,90.84052456804736,9.41462402793376,accelerated
16,146,640.1533703638468,34.976906810525215,90.44928938051143,0.0,accelerated
16,147,648.5337802084787,39.45567745508032,89.77707092758689,9.458578037606198,accelerated
16,148,647.2541549505023,36.19022331528113,90.72973246906838,0.0,accelerated
16,149,646.9439861958816,36.65122064909498,90.96112737434052,0.0,accelerated
16,150,646.4200235501554,37.78320796831207,90.46475429605961,0.0,accelerated
16,151,651.4081284985203,37.703100363880615,89.89899478171621,1.9171678457798262,accelerated
16,152,645.1694259917311,36.82476606913353,93.11149633520246,0.0,accelerated
16,153,644.7663916381159,38.5198353519081,92.55011676920883,0.0,accelerated
16,154,647.0279575482616,40.56727216179363,90.88872868073965,0.0,accelerated
16,155,644.644809441118,38.80688252975679,92.03080391563986,0.0,accelerated
16,156,649.2799553922972,37.28463117295311,89.19628163040494,0.0,accelerated
16,157,651.4140861656198,38.908874639513776,90.86981119556661,0.0,accelerated
16,158,650.7276239477602,38.34977930746215,91.20828510848823,0.0,accelerated
16,159,653.6498179677624,38.279608895703305,89.57761069692138,0.0,accelerated
16,160,648.2393652942969,39.526852406260936,90.62731379549233,0.0,accelerated
16,161,653.1400767872384,40.21354220588911,91.69894995126712,0.0,accelerated
16,162,649.8495706341455,39.63736846223469,91.40800262620151,0.0,accelerated
16,163,649.4791524088744,38.04204886815675,91.99966188708768,0.0,accelerated
16,164,647.3746888758266,40.086542138266694,88.64890645154748,0.0,accelerated
16,165,645.0863647671625,39.57916550796291,90.34445444960555,0.0,accelerated
16,166,650.119634029303,40.55496287361255,90.01183309155044,0.0,accelerated
16,167,650.356431751045,39.85094207914763,88.29342975691857,0.0,accelerated
16,168,651.1343245233351,39.91087899651128,89.7641909178181,0.0,accelerated
16,169,648.1092048218046,39.786900539023705,89.55316825561141,0.0,accelerated
16,170,652.1801350334091,40.219449709114265,88.77034474430758,0.0,accelerated
16,171,659.0923116221256,39.39018496973543,89.22137499873561,0.0,accelerated
16,172,652.682581828697,41.16086569256157,89.23728293046783,0.0,accelerated
16,173,652.0840309927225,40.447868632458714,89.86540974177134,0.0,accelerated
16,174,652.133399329694,40.86445284635642,90.62816103487599,0.0,accelerated
16,175,657.2518093228905,39.243769765520426,90.40511918316939,0.0,accelerated
16,176,650.1430428067401,41.37158791799885,90.491121747758,0.0,accelerated
16,177,654.4276872870685,42.11135367573102,88.3089804374685,0.0,accelerated
16,178,654.3029051299272,40.56386849445705,88.44084680090644,0.0,accelerated
16,179,656.1049191507111,42.12373400119211,88.39858727081366,0.0,accelerated
16,180,651.4921806715005,39.989830202006566,88.83285642895277,0.0,accelerated
16,181,656.267881656424,41.7184281926268,88.72329451640894,0.0,accelerated
16,182,654.9263547175824,40.771562514154176,88.7318926547987,0.0,accelerated
16,183,650.8467766246455,41.12155174910242,89.43050679148638,0.0,accelerated
16,184,654.2737146264199,41.16857256246203,90.53684982558923,0.0,accelerated
16,185,656.2547784217852,41.71213091192621,88.93627929263835,0.0,accelerated
16,186,651.6892302323763,42.31338375584651,90.03072864897985,0.0,accelerated
16,187,655.7099580802346,42.48168120721691,90.99133302860153,0.0,accelerated
16,188,654.5481462922343,41.94101654911388,89.67654946178726,0.0,accelerated
16,189,659.9631802540166,43.01429996375101,89.17772076402707,0.0,accelerated
16,190,655.1105255872608,44.261992830868316,88.35326271944652,0.0,accelerated
16,191,657.0595887963606,43.113022132717944,87.50917487328054,0.0,accelerated
16,192,655.7459037782819,43.885280304606844,87.59403743200012,0.0,accelerated
16,193,651.9987163112816,41.68961986532428,89.78153820284811,0.0,accelerated
16,194,659.7037472604217,43.81648772712133,88.41618391839232,0.0,accelerated
16,195,661.6335792894545,43.54599591431265,89.69909747926341,0.0,accelerated
16,196,656.9466111795568,43.02286597613006,87.51253519354572,0.0,accelerated
16,197,657.8848471411634,42.84152720320037,88.49977804112683,0.0,accelerated
16,198,660.2837055377255,45.64981390389385,89.03307080592886,0.0,accelerated
16,199,655.474729847382,43.38003750279136,88.7710461025453,0.0,accelerated
16,200,666.422910888991,44.014416562635546,88.04884839320948,0.0,accelerated
16,201,661.7902132703271,42.961998193477775,90.10489258910145,0.0,accelerated
16,202,663.5528893355912,42.84957099421018,88.08541327045775,0.0,accelerated
16,203,662.6793161980731,43.357890895366225,87.16990624469133,0.0,accelerated
16,204,659.3896864965342,46.00877883571031,85.83898686117675,0.0,accelerated
16,205,657.6230898752146,43.638748512548936,85.69026663313129,0.0,accelerated
16,206,666.3321949546176,44.984824242464775,86.4416384530009,0.0,accelerated
16,207,665.793912790706,44.94404648103909,89.61474915815259,0.0,accelerated
16,208,664.4479575218777,44.15662129283371,88.14739848562134,0.0,accelerated
16,209,664.2594870080131,44.39541438085867,87.588098884359,0.0,accelerated
16,210,656.5586037001019,46.198304568578386,85.89761101831049,0.0,accelerated
16,211,664.299006388347,45.64656301586305,87.05692092640176,0.0,accelerated
16,212,665.0129012093555,46.174964815751984,89.01344133938426,0.0,accelerated
16,213,664.0921465350531,44.65327103464991,87.65594632389933,0.0,accelerated
16,214,663.6230904471552,46.224612504184044,86.86748380645065,0.0,accelerated
16,215,667.2378069420893,46.69862786673048,87.21784432614129,0.0,accelerated
16,216,662.9642608420745,46.51515732388473,89.48881230574023,0.0,accelerated
16,217,666.4675130351644,45.483947442520595,86.0060329557509,0.0,accelerated
16,218,659.152584069892,47.513435062907746,84.68986974708538,0.0,accelerated
16,219,662.1656163139498,45.395619784637795,88.23652265973867,0.0,accelerated
16,220,663.1038115224549,45.810482867503495,86.03451877955791,0.0,accelerated
16,221,666.818675054363,48.415574773228556,84.82369923400229,0.0,accelerated
16,222,665.6532969223964,47.586548527716786,87.0348181181784,0.0,accelerated
16,223,667.9352585580452,45.82800887471646,87.83126549649302,0.0,accelerated
16,224,669.9465893751743,48.144050170507164,86.97767510065196,0.0,accelerated
16,225,668.6329187153599,46.78094141197539,86.49339608951664,0.0,accelerated
16,226,666.2418260337283,48.75188884837023,86.73629536550366,0.0,accelerated
16,227,669.2648227647793,50.21985451673714,85.24827581140033,0.0,accelerated
16,228,664.258286947659,47.127400761564516,86.56551844332735,0.0,accelerated
16,229,667.0808196055448,47.62240486662814,85.7578921751703,0.0,accelerated
16,230,672.3427030402278,48.277030469800806,87.08101334716521,0.0,accelerated
16,231,670.148484480356,47.5613589739569,85.3677469291168,0.0,accelerated
16,232,668.0289434019693,48.57167232662091,86.4267825545942,0.0,accelerated
16,233,666.4189894316995,49.391749484241075,85.59301962849324,0.0,accelerated
16,234,668.8823467055346,50.563765992587506,85.57228313350842,0.0,accelerated
16,235,669.9236859581109,48.051379616568546,85.11852393419875,0.0,accelerated
16,236,674.0267847245949,48.63428931547871,84.72883470110001,0.0,accelerated
16,237,669.4454177996952,48.4929394682348,87.11045167156232,0.0,accelerated
16,238,671.1355353933887,50.337644818819435,86.59620599167165,0.0,accelerated
16,239,677.5743948459053,49.16981125479402,83.67347285802248,0.0,accelerated
16,240,667.2239746286441,49.252005368582445,83.88625642587076,0.0,accelerated
16,241,671.2086464111703,48.14988089276825,85.19114800280879,0.0,accelerated
16,242,670.4581412635214,49.58514087951054,84.5143503603927,0.0,accelerated
16,243,673.8715177989824,48.16347158338144,84.10827956708931,0.0,accelerated
16,244,676.5692411980219,49.20093498051263,84.90268709344329,0.0,accelerated
16,245,673.6664397562961,49.642902540711255,82.77175489968629,0.0,accelerated
16,246,671.2643096836894,49.67086762851156,85.42587788362226,0.0,accelerated
16,247,674.8727452476313,48.33926492961267,86.62700461758507,0.0,accelerated
16,248,670.6254081299192,50.092705294374184,84.52457561475698,0.0,accelerated
16,249,677.8599308389256,52.01010426632096,85.81127770514261,0.0,accelerated
17,0,598.9805364950751,20.182134871011176,101.35977189332831,249.77645621620206,normal
17,1,597.5416620459571,18.46031013448337,100.47304786741024,250.2364406281387,normal
17,2,598.4622754802131,21.1860141257073,99.49822313561238,247.32677954087603,normal
17,3,600.5500076001061,19.88904725786191,100.11586506574956,252.757575729665,normal
17,4,597.3725543056447,20.80852013847401,100.01215866960645,246.76881914772352,normal
17,5,603.6155337096222,20.449297425217157,100.2802292619057,248.57932314785575,normal
17,6,599.6869043988582,20.779183460813798,99.50921239278938,243.33659110140053,normal
17,7,600.433815810565,21.031080404096887,99.80164470901825,244.97272017158338,normal
17,8,601.5474479113128,19.035878987529674,99.71136841609972,242.3176897757841,normal
17,9,602.5277878114604,20.126270806314256,98.44453028333449,244.12303322447138,normal
17,10,601.1791803303975,20.971244047684998,99.3185399201117,239.96969087113203,normal
17,11,600.8521439561927,19.91191641084617,100.03373166076867,235.9843995588694,normal
17,12,602.8918544426845,21.37046022190208,98.93318728439691,231.98057182813508,normal
17,13,609.8782568415592,20.512228124054573,100.10341715860116,246.69731774785063,normal
17,14,605.1697232405617,20.81955719117245,99.37288361246489,231.83696390130575,normal
17,15,605.6450892808732,21.766270708058688,98.88557418173826,229.78912596450778,normal
17,16,599.236298787009,22.2665140038042,99.48037312895556,235.07492268166376,normal
17,17,600.9311541224129,19.896496896695595,100.28261357471163,233.21019518498616,normal
17,18,606.3217039801729,21.054066873484437,99.04318215696314,235.56649088310317,normal
17,19,605.9970442389515,22.317565622685954,98.9447987468973,234.07273618825434,normal
17,20,607.3272983964301,21.49522798831847,98.68651163622594,236.71373801658382,normal
17,21,602.2366627993462,22.309476497114478,99.10157768948014,219.7921719175772,normal
17,22,607.7857822024357,19.002146370452635,97.1358719332424,230.63665039740337,normal
17,23,606.1812135960344,21.202420142122463,99.22782209030325,214.34284977110997,normal
17,24,606.9209263934117,22.169725487053597,98.99435714666622,226.10420741068887,normal
17,25,606.479762528579,21.97109847650214,97.12594449726878,235.9816611726126,normal
17,26,608.8024024582854,20.79505533804517,98.6148627695234,222.8198290492198,normal
17,27,608.6365486995269,20.00073106468023,98.42099173557021,214.19681778331247,normal
17,28,604.744713452515,21.767499106915096,98.95969406738271,218.97562800495407,normal
17,29,603.5469298258283,22.939656691763147,99.29467274094259,223.7569917138912,normal
17,30,605.4692997285275,21.828261417774808,98.68114751797923,222.50581035034227,normal
17,31,599.6696608970846,22.87411193037086,99.0691381873348,219.31075453042862,normal
17,32,605.952059734385,19.99388061406759,98.2801467368996,226.94719355538686,normal
17,33,606.6387038867049,22.33271016132528,98.69690619559012,218.77386434314005,normal
17,34,608.7764607340683,22.491119836842056,99.06491960239369,224.3832540138068,normal
17,35,610.0187523982981,25.140300215856982,97.94322964164827,223.38094753751008,normal
17,36,604.8279790802322,23.23356614674046,99.2924765292381,211.44611404047762,normal
17,37,607.6638928324228,23.87046110245184,97.80972910168809,221.34691729773823,normal
17,38,603.446210125818,24.979691442728384,99.4813261347996,211.55137211836112,normal
17,39,606.5919953662898,22.612971737208976,98.30420435974298,210.75752069225587,normal
17,40,611.7656787399037,25.168654100384583,98.59937992065402,205.77185756005298,normal
17,41,606.5628218780914,23.096909215388717,97.32987789470323,203.1052929894631,normal
17,42,614.6913816371191,23.662613525946252,97.48686686631964,212.08301785178855,normal
17,43,605.0649616255795,22.34398795212895,97.47695759893575,215.27256640432518,normal
17,44,608.0413598026648,21.078293013097515,99.4500659331756,204.4680931791882,normal
17,45,603.4517759823648,23.283316512036592,98.72100389660491,207.02024583266484,normal
17,46,614.5952449374945,22.82723213743007,98.20672012026498,200.50215360710789,normal
17,47,604.7734213174383,24.645527372305956,98.58326956914752,204.41839224849426,normal
17,48,610.8803705797759,23.15452714731158,97.07430491268181,202.1882368608468,normal
17,49,613.2836342072347,25.52807713545355,98.83543270680744,201.14587213384047,normal
17,50,610.8093517881998,24.011593859325373,96.97405666030058,200.12323689105273,normal
17,51,606.1955195472345,23.955922773896962,99.59610511059631,203.11429611391677,normal
17,52,607.6306424472904,24.087570930357717,97.08562368824526,197.68743115911394,normal
17,53,613.7233234495737,24.893007938309907,100.36414408074533,202.96238701253785,normal
17,54,611.412001143233,24.997149974133293,97.63755682581667,190.36247876456753,normal
17,55,614.9173297348625,25.408991476931647,97.55894578540604,196.3696786846567,normal
17,56,614.9228175621545,25.32635142620602,96.29689874875031,195.21810010744912,normal
17,57,610.8971054235349,25.673000699138683,98.75104273878266,199.59303914089023,normal
17,58,608.2463169838394,23.85588846594376,98.79408243613544,189.04177092328777,normal
17,59,607.2357010572571,25.252596487614063,97.09278155973402,199.948953851542,normal
17,60,612.8885536619654,24.960259286641666,97.23075610838424,197.95417666963485,normal
17,61,613.2756633796695,24.471500481843798,96.76591629339455,188.63263472717892,normal
17,62,609.4670594885356,25.988877441678945,95.71165794597576,187.30242985833465,normal
17,63,614.4304006352638,25.382119420109657,96.76271702698433,190.30129353353274,normal
17,64,610.1418818348423,25.09761534350319,98.09184157198035,188.31456389746558,normal
17,65,610.9748829657416,26.39749451656436,97.48669457148554,188.71497705469577,normal
17,66,617.7873030200197,26.397520548774608,98.48012940633105,184.96339964924735,normal
17,67,615.7818053627315,25.573596574564316,96.11067553222158,184.51371896252522,normal
17,68,614.3690829512154,26.02372936152182,97.15200302478661,178.19272221618075,normal
17,69,615.7695182495256,24.206727712747753,98.69881913585647,179.84290969397503,normal
17,70,614.7365845161685,26.158558153281575,97.79068804484419,172.9550785002413,normal
17,71,616.6722597416328,25.983153828376274,96.5247386154414,175.25166524527043,normal
17,72,613.3978407538294,24.46125831338951,98.84226739098703,185.43075662571673,normal
17,73,615.9551006029278,25.61660158365791,96.8828920120626,180.79032853086983,normal
17,74,620.0734806985058,25.34960326040326,95.92241395737668,183.73820386797635,normal
17,75,609.6385842372466,24.991469191747353,96.75314210748915,167.19783266097485,normal
17,76,618.5364471884199,26.9369052705051,96.38520677278467,180.39807059588873,normal
17,77,619.7478772852114,26.04682935170994,96.469331822432,184.29801013871239,normal
17,78,617.7634854662525,26.496324652968855,98.24354594663961,173.5096531750151,normal
17,79,614.2831382422424,26.400159760487554,97.87865428731973,161.03907216825394,normal
17,80,615.1359077816824,27.783057398581605,96.28813159890647,177.73054280215706,normal
17,81,620.4442314580795,26.41447088451105,96.191460695111,167.56320562925183,normal
17,82,624.3938434760042,28.434424446933246,96.84539097180674,164.95923224189795,normal
17,83,616.9511231067438,26.883826926616766,95.43664126239065,167.4002063460763,normal
17,84,620.7672129744351,24.920643318783526,97.46658396513725,172.8739898502739,normal
17,85,615.3183279647169,28.49417575819106,95.90966293755164,167.20541330930203,normal
17,86,616.2796819460092,26.573003642837396,95.94270093024195,167.4928774043101,normal
17,87,619.9464163731943,26.895577800422814,95.16003178632772,165.01585083317195,normal
17,88,618.8660430782321,26.823284988613572,98.34723128718082,154.18035367549672,normal
17,89,611.1481488692392,26.38916510030233,97.15042453409144,155.7207768128308,normal
17,90,615.0570872444217,28.151021336178154,96.86254792279776,161.885304548142,normal
17,91,620.5442867583967,26.854807046727117,95.9810159259418,163.0488963628071,normal
17,92,614.3653396576564,25.217280153601454,95.88671582637214,162.65436644532846,normal
17,93,619.3666790969604,28.297291504123017,94.26370568957684,158.57748404161745,normal
17,94,620.7615935139271,26.169202577389314,97.10205759054654,155.44240551747103,normal
17,95,628.214010104818,25.422763931103265,97.56911436767476,153.02920951736962,normal
17,96,614.34854485668,27.15304485643501,96.43747924133746,159.18733334782522,normal
17,97,624.5658928643965,29.181893088704346,95.15461797929551,158.6508234613306,normal
17,98,620.7738548713627,27.18539697907101,95.86808940652251,148.45078670277638,normal
17,99,619.9112770258093,27.19034211770588,95.01200592678256,153.39559563891385,normal
17,100,621.8861916447789,27.81240299990839,97.36765130393597,148.69784706752444,normal
17,101,619.2916763646234,28.7404889823457,95.82757441505666,149.42398864513072,normal
17,102,612.8386845881428,28.176707384737977,94.09280406252874,141.89524714500564,normal
17,103,616.5940323837335,27.197416846466176,95.33114614036774,144.56753692227258,normal
17,104,622.7928256127714,28.5423878141347,93.93892557118201,146.41647318773403,normal
17,105,621.9547657397503,28.07143348374704,95.7391140230933,145.9515506269853,normal
17,106,623.4937987929068,26.90512001253727,95.51568296136035,151.54168049028866,normal
17,107,625.6499839248938,29.410936927775783,96.25682468395567,151.27317374201044,normal
17,108,627.35354400482,28.510920011953147,94.71056755671168,140.64853841187752,normal
17,109,631.0900865413162,27.150643657274806,95.16946086047058,133.93654423753685,normal
17,110,622.3742915886321,27.597308971105132,95.49124897716638,130.2495241999062,normal
17,111,624.052861995254,30.102345256467977,95.17605637793655,138.3243499646215,normal
17,112,621.909778307806,29.140910675225026,95.48183041303356,141.84058476215347,normal
17,113,626.2991174003529,28.225928777507818,95.1706715072257,141.5080972446237,normal
17,114,618.5349928558229,27.14927871815443,95.66631595289847,138.48173205535247,normal
17,115,620.8330994361393,28.621348945879546,94.6398076782591,130.66537380327782,normal
17,116,625.2804874618139,28.099501513002362,95.09447713856665,129.47331916242572,normal
17,117,619.0341330722963,30.23017817474677,94.80017477782646,133.9422004021038,normal
17,118,619.0757723605969,28.698060546243525,96.036087880695,144.93635727922654,normal
17,119,617.871351806829,29.318892204710576,95.65228059814349,127.91949923380358,normal
17,120,626.5485659609824,28.73326732933969,95.35384766021664,127.3896404775082,normal
17,121,627.8582932488644,29.003635496964392,94.80812620371348,133.7284451874858,normal
17,122,621.3158840227214,29.828750056763575,93.2974656563134,122.56033270685462,normal
17,123,625.7463938276725,28.84930249046377,94.5354270681762,129.46543201023968,normal
17,124,623.0624415765592,30.74284207321636,95.25566278748606,128.17841555962252,normal
17,125,628.7228967962157,30.319823062614066,96.53884729046935,129.55631141518913,normal
17,126,623.6296427104967,31.373148075021273,95.22386602090293,122.02660145669748,normal
17,127,626.2351570859627,31.272326824390266,95.37504509424222,132.11196416275698,normal
17,128,628.8595916736965,30.763160033402166,93.85393191725883,121.1013374299494,normal
17,129,626.0149924192525,31.01663150121775,95.4773330412722,121.84770205109143,normal
17,130,626.3610497461315,31.120456895076067,93.94141377437,128.4775790962493,normal
17,131,620.0584993445096,31.935409482172034,94.71481447157484,124.01289907135796,normal
17,132,627.4915213028778,30.906034410910806,95.27425447602651,122.04527144543889,normal
17,133,625.6135075202383,31.674799130526235,93.59552937642123,116.97334713336937,normal
17,134,629.3079097728167,31.71501757961589,95.1007888482614,114.03303781022132,normal
17,135,629.6901233351061,30.130633760881246,96.35140907374891,114.57664551250168,normal
17,136,622.5811229173821,29.68531653198345,94.6036436368796,114.69912635663026,normal
17,137,633.3089700548533,29.921500662385775,94.55946219930392,107.70289296458972,normal
17,138,626.1220354403598,32.72397203006933,93.34366377684401,114.93521212033917,normal
17,139,628.9787220770431,31.095828573641793,94.95943662319173,105.19989809028355,normal
17,140,632.9689675234107,33.12484549512352,94.44710469775931,122.11553065306776,normal
17,141,627.0029162053503,31.68043199385628,95.79188906377452,106.70497769888546,normal
17,142,624.2553528233617,29.748282934381145,96.38082656390266,105.35487674680611,normal
17,143,628.0427897097445,30.327235921678948,95.22833927932919,103.09220070387707,normal
17,144,627.3262109170159,31.819520419416165,93.17595407275442,105.10708865242887,normal
17,145,633.2066287685099,32.02825439751687,94.33054229242836,106.07432354731932,normal
17,146,628.0325947120704,33.67615231975493,93.34784286946594,105.05463080981966,normal
17,147,629.7450766990283,32.76876250713314,95.22317393879365,102.83990597756464,normal
17,148,630.4719994793392,32.16853475391395,91.80785834442939,94.05505198761112,normal
17,149,627.984808927834,31.358401323623134,92.84071757803586,104.74791285686815,normal
17,150,630.0063552630525,31.785305452613162,92.74384472549261,99.77727567877606,normal
17,151,622.3199457320042,31.917043689194156,94.02318366880775,100.2095749216075,normal
17,152,625.7076947095621,32.38481673669148,92.87856873013546,93.93765083853833,normal
17,153,632.7537941574681,34.254113723359744,93.93135875880267,92.91452270679883,normal
17,154,631.36601134253,33.25902915749914,94.46099756587274,109.71556436231873,normal
17,155,628.853987292716,32.652231479919294,95.3489179534182,102.43079618509266,normal
17,156,625.3497662204269,32.476642379960026,95.2445207658487,108.45321495199569,normal
17,157,633.5113876512524,32.19213670630352,92.7107968475626,104.09371678765424,normal
17,158,633.7862247593973,31.791933073114585,93.47684363366622,93.55093258414352,normal
17,159,633.4314199616643,31.82038134245421,93.02580958187451,82.7353271881352,normal
17,160,635.1192868688144,32.458381533229684,94.06632164918328,97.11129254288163,normal
17,161,632.8596104271219,32.76702952405093,93.75392147688393,89.31596801925113,normal
17,162,636.1384949936338,33.27083839753879,92.97559898042108,93.23924528444876,normal
17,163,636.291453069075,31.701669373179534,95.01278388476811,88.82355886604243,normal
17,164,633.6498098504397,34.12662463159652,92.87302360899572,90.77082257095462,normal
17,165,631.8696735907864,31.725049320289664,92.40224372089307,87.83510916451613,normal
17,166,630.363594980016,34.89007612318965,94.54928345343964,90.66719583016483,normal
17,167,633.7743357390323,33.617861617294956,92.12628814575572,87.97891755078746,normal
17,168,634.7395003651113,34.00730562529226,94.96831181145288,78.97018508026245,normal
17,169,633.421575350368,33.84667092154217,92.30456459454129,80.0620058936158,normal
17,170,635.4788494314009,33.27457872862717,94.50898940972911,72.44537719091502,normal
17,171,637.5683137207001,34.341185474816,92.5911714124434,74.37795715885001,normal
17,172,628.1591521482726,32.96482498758616,94.167176655003,77.71957136860662,normal
17,173,638.0889426411755,33.22012892937545,93.78710616010656,73.41250698957789,normal
17,174,631.9032749813705,33.812872782829324,92.37503348867999,68.28588925481394,normal
17,175,634.453055897849,34.10643541643129,94.26835861149607,79.6840283856653,normal
17,176,638.8598295976985,34.80035749839351,93.29261275894997,67.85527546764054,normal
17,177,635.8496165938058,34.75679377733081,94.37743794937043,76.43144270865906,normal
17,178,639.3211503038162,33.208002108634766,92.5535823738519,74.14675356830635,normal
17,179,639.2828580722277,34.17477135416108,92.75755404085085,74.4357015300149,normal
17,180,632.6223875185647,36.00740454982343,91.92086390689231,60.40705288220349,normal
17,181,636.2302010255678,36.17845870237557,93.34645313033361,72.75545271501817,normal
17,182,636.5241572869213,34.40762250272883,91.17509063040688,56.70306871047907,normal
17,183,637.1888170153226,35.95254919434023,93.02413370482807,70.11799763526007,normal
17,184,641.5511526369186,35.04876685144106,92.51734489969238,61.90737597174967,normal
17,185,643.0666376889162,35.32654777915368,91.65639828408067,59.14416166099382,normal
17,186,640.9591911807868,33.84255830359168,94.41383415750222,50.217686014546445,normal
17,187,641.6677855933699,35.44689481116197,92.63859442305687,62.122707824791185,normal
17,188,643.2721895457821,35.7470588584012,91.57679639110455,53.405450219855595,normal
17,189,638.3318916394419,35.11892886646259,90.9201319626245,60.72303237258832,normal
17,190,636.2781961007774,35.2092900683067,93.1259236116484,67.46304973732018,normal
17,191,640.9266671091079,34.55855925016979,92.7289151288292,59.31553560746012,normal
17,192,634.4036131361073,35.758232784692275,94.17667233791771,58.16213302093502,normal
17,193,633.8174519608239,35.47026867110862,91.06628780102675,61.31802753443144,normal
17,194,640.3745949751753,35.34908994652526,91.90883573414418,54.938828491922266,normal
17,195,639.0248234830269,34.82776497865846,90.81224691899857,60.69349473347324,normal
17,196,638.0437970705092,35.847043104169146,92.44528195116749,55.61010239827607,normal
17,197,635.8785460087047,34.084159835448155,91.53130747530801,54.97855766208477,normal
17,198,637.4161503975771,35.48507864630077,94.20729741374957,42.772880575977325,normal
17,199,637.5348980122685,37.81660406857393,91.99540132800477,47.47007417250545,normal
17,200,643.5063067510333,36.05523043648111,91.651691604956,50.96184463518755,normal
17,201,638.2256735718518,35.06250893711192,91.84640307236525,43.94501519961997,normal
17,202,640.4320799353894,36.514406567474346,92.77306045605161,53.63962492758414,normal
17,203,639.3827904951032,36.73941460793907,92.37252344620636,48.63909357907992,normal
17,204,639.3616217671486,35.2919321875359,92.34200188906657,37.46568718903475,normal
17,205,640.196481702295,33.84636898435141,90.46359757664173,40.61433030776288,normal
17,206,644.4901726228879,37.168108024404276,91.20606531615776,47.64684897564875,normal
17,207,644.0628688901412,36.39933515162528,90.33562185578631,41.960438449669425,normal
17,208,641.3063227844837,35.40754560916977,92.04704679292998,43.399059271511774,normal
17,209,643.1351280996826,36.99892309716744,92.36984303511498,40.10335986063484,normal
17,210,642.6053553221128,36.40225971575447,91.01550078437805,46.69124815381038,normal
17,211,636.0686938954206,37.75675998915427,90.93945912455435,35.249809111784394,normal
17,212,643.1847324521962,35.470390387649005,90.70397692805379,33.75430176743504,normal
17,213,641.9358052254447,36.23586231183932,93.08111868563927,45.98508258248977,normal
17,214,636.7340194317558,37.66432270476574,92.29866343907757,38.71492601195553,normal
17,215,641.025659520725,36.95590443784146,90.6517253452223,32.89867984420586,normal
17,216,639.5701049139985,37.16521117836545,89.85719828869493,32.999327228859315,normal
17,217,639.6542549327007,37.5668163617914,90.6405804390571,34.452901739372685,normal
17,218,646.8447421850943,39.029446936104705,88.7519954109795,27.829029530631086,normal
17,219,642.8907417686639,37.98032781838149,89.58964549584546,26.08953796599892,normal
17,220,644.3910716079713,37.68488824152667,91.5776184064201,32.21837863444058,normal
17,221,645.2157832993477,37.8736553166315,91.21573977332636,32.323815448621815,normal
17,222,637.6820320003073,39.30433348697124,88.91551794911967,22.60419091547754,normal
17,223,643.9197176100496,38.512612891089844,88.08473310920039,26.859378380290828,normal
17,224,647.1771851182472,38.91451811602848,90.34267034150254,24.49582356522484,normal
17,225,643.1515556133221,37.607325346473914,89.96817344927156,20.553739187645412,normal
17,226,646.5031307660852,38.21161537327274,91.45158650759046,25.070071948504186,normal
17,227,647.5130158034427,39.038213998155,89.17828338013389,18.728451747928187,normal
17,228,644.90587212753,38.21732247451266,90.20990942618197,26.56011835494153,normal
17,229,651.7398451048717,38.50616195558174,90.92434103219821,25.247281275521654,normal
17,230,640.4024807343897,38.428468940438414,91.77903582546752,16.784230013994442,normal
17,231,642.5203182602942,38.29419438990023,90.69931456679808,14.456738590422708,normal
17,232,652.6884838281528,38.08130361899206,89.56634064857343,17.531893404646944,normal
17,233,649.3235819131135,38.65741424899823,91.165593920044,12.642447028334214,normal
17,234,651.2630653392105,39.28171102791844,91.68770156887761,17.82580316237585,normal
17,235,649.4746521131864,37.92694744032277,90.10858958331043,21.73240297778015,normal
17,236,651.879225841852,37.732934400280925,90.80973606786381,11.845280997573862,normal
17,237,645.3089055919054,39.24483969535546,91.66096293236541,15.25831236642097,normal
17,238,646.6414626502429,39.554861179935166,90.1200238264191,14.060571503653009,normal
17,239,651.9893971013671,37.04284034069918,91.23725229854003,3.304725392147658,normal
17,240,651.6849831316334,38.562974390127145,89.18232862239353,13.476346135443737,normal
17,241,649.2925101894273,38.28081309703834,89.1070002428316,8.062592562543589,normal
17,242,644.7877391494864,38.298527027076375,90.43562079042142,3.1706418287245164,normal
17,243,649.8796178700796,40.93014359588347,90.13144458509942,7.650755309927923,normal
17,244,654.8542901985064,38.332398882622655,91.43123519518073,11.354287989562412,normal
17,245,651.5629520175213,40.891747850732635,90.48057496595862,2.085352522003663,normal
17,246,652.4837198736617,40.812842211712905,91.26531390149329,4.222510411596183,normal
17,247,647.25141645916,39.951362254111615,91.06223001756784,8.121758949299828,normal
17,248,648.3109716187762,40.155372896127396,88.77122169551404,6.924750515029255,normal
17,249,647.4500737298248,40.70525535957155,88.89069542260982,6.157079532170039,normal
18,0,600.9655055700683,19.218642304383053,100.69135638108052,297.04819154097333,standard
18,1,602.3986651123354,19.785888524619278,98.24895287437033,294.0879187975953,standard
18,2,599.0087558739381,21.48818902374858,100.84114363052922,306.1193070616107,standard
18,3,605.4109056480896,19.645249195409086,99.72151314024117,294.9436003783473,standard
18,4,598.5854681840968,18.39850529066354,99.86525228198315,289.57217203144444,standard
18,5,600.6474843553971,22.415770809562986,99.34065490366929,295.9738700281403,standard
18,6,603.6199451574279,20.640291291965905,100.11248418794229,292.1879878315596,standard
18,7,600.3543660748163,19.459989477812172,100.63604500888941,284.2925417169295,standard
18,8,604.1132650151467,19.076301615254756,100.72260727407665,290.2309123689391,standard
18,9,597.6543939356008,21.119298645079635,100.65876753507578,288.80960675948234,standard
18,10,603.6618316460368,18.314915505330653,98.3794037102534,296.46204465234365,standard
18,11,600.9789921774062,18.79778667355115,98.971133819558,284.3829976373746,standard
18,12,601.3021148055811,20.349249016192353,99.81893172893817,287.65266974193713,standard
18,13,606.0292177651111,21.20454859971967,100.06767161119359,292.8257856194726,standard
18,14,600.9336937487112,19.578122556641514,100.78697032463225,286.67920874054056,standard
18,15,602.6680536236968,20.26667007846976,98.93314466689642,289.23361169385424,standard
18,16,605.3539673944128,21.74382340574666,100.31296160544547,286.8451476862988,standard
18,17,602.9445681902345,20.84462031567902,100.70032384994155,281.13139564754783,standard
18,18,603.8099376416423,20.275987002045753,98.80070096314954,280.81922716071387,standard
18,19,600.4381848698185,21.9378518254783,98.08196574845498,281.4961481169054,standard
18,20,603.3975242905266,19.389200421680318,98.9589761794764,281.2784976902407,standard
18,21,604.4361839798822,21.055692791399835,100.04688820448072,278.4534187138198,standard
18,22,603.3409587362252,21.571653868986555,100.26699962873417,274.62140998792233,standard
18,23,601.9895343824452,20.711103508270785,98.97780228385807,284.1311712903988,standard
18,24,605.3181759579895,20.308910254831158,98.67955303441133,277.863836121382,standard
18,25,601.0304766572017,20.774659959185243,100.59495966617415,271.9331218576341,standard
18,26,606.7640004480882,22.815323189530936,98.48653790883104,269.5501872172143,standard
18,27,603.2216037405565,20.531372279326376,99.31103387850274,271.9717404407331,standard
18,28,605.2817400476589,23.076943456232822,99.97748498077031,274.44619887706176,standard
18,29,598.4518547610962,22.183375982102373,100.85262766070454,255.9473874184324,standard
18,30,606.5681476289269,21.640641425243537,98.25020499697705,274.00564291955976,standard
18,31,609.779117701822,22.635230728837755,98.69880804873847,264.2826508779592,standard
18,32,605.2338829013686,22.79316929238159,98.65294697376628,266.548085041746,standard
18,33,613.4160007495152,23.058651945959728,100.16012867839363,259.69857046970594,standard
18,34,602.9784339621197,22.11468163945424,97.97886244211486,274.0019864944465,standard
18,35,609.4809369197719,21.566454662615946,100.73391860660749,264.9787395164003,standard
18,36,613.1681691521671,22.304686130525038,99.49619275032842,270.9995172058478,standard
18,37,609.3829000494234,22.730732066135893,98.74885968055617,265.5706634999656,standard
18,38,603.2514474843717,22.432133718864115,97.750692467502,253.09559179959848,standard
18,39,606.0012802924183,23.602277890671672,99.75580464159606,260.59043852137194,standard
18,40,611.2409690945265,21.830938609153424,96.88216733820198,249.08949352899518,standard
18,41,602.6064271782128,23.27662474326223,98.13519731653261,261.3047932092865,standard
18,42,611.2388501507519,21.419903037422195,99.21849973179589,260.6948153632786,standard
18,43,603.8677860345807,23.934210925245083,98.42229294445052,255.08123509543495,standard
18,44,612.934839655254,23.16276674236672,99.6052905496855,262.7744646576092,standard
18,45,604.7985780016223,23.94982109705368,98.14810588500234,252.27688305330852,standard
18,46,606.0840000830756,22.137935165055044,99.44215643265717,255.33605327572528,standard
18,47,605.5763267561487,23.494505033154823,98.31481756261365,251.3596481481766,standard
18,48,607.3460516547046,23.343460355666217,98.94984764937742,250.18375408873584,standard
18,49,609.8913336223183,22.717605848920346,97.87501551139128,243.65989175616323,standard
18,50,610.4495354429971,23.01239007619401,98.71087235851051,255.22901457849758,standard
18,51,606.2177813052066,21.68560075152587,98.53978070221521,250.5398077604015,standard
18,52,607.0114528015189,24.59373757807617,95.95383343227864,253.60028318949892,standard
18,53,610.3234609510927,23.63677077770046,95.0740984505309,253.41944391635136,standard
18,54,605.0206976680923,22.732308021616614,98.20940733520993,248.03709017325988,standard
18,55,610.1682841265776,24.192840554319297,99.1658535100785,246.26463602106563,standard
18,56,609.6477679771727,22.269246284177754,97.56897319318097,248.47730111837416,standard
18,57,611.061628460186,24.143799416444423,97.77558323834347,247.5524606597185,standard
18,58,605.2162666425589,24.557359809862273,97.99912919875412,250.42085203170316,standard
18,59,604.2856737238036,25.30340404591852,97.86853567083654,239.10260371994127,standard
18,60,609.5845164569567,22.902921087199303,98.1276709986977,236.31186867364573,standard
18,61,607.0468094070624,24.14688595030057,97.26843450469649,235.15902882497258,standard
18,62,605.1816262507607,23.21606932003866,99.45160202972393,233.77033179948515,standard
18,63,607.2551002044383,23.973921946481536,97.73920356620047,248.14077216674826,standard
18,64,609.1124161059713,24.17521834621737,99.02376878479932,240.62288932931426,standard
18,65,610.4498627446721,23.738872513313996,100.07402853637926,234.50119862342868,standard
18,66,608.5749296867145,23.31415101170598,96.29319679729323,238.10807876118582,standard
18,67,603.0057948086975,24.01427715909508,97.78513936572861,244.19982596115725,standard
18,68,604.7050463138592,23.178896713015643,97.82390354131834,231.01235331265417,standard
18,69,608.7013662275699,24.059012090597832,96.67043727113027,232.78596439497468,standard
18,70,603.5355439737673,24.17423064412274,97.29964330573644,235.08143971378317,standard
18,71,615.9159332118999,23.928947831249644,99.26072592914143,227.41941859684795,standard
18,72,607.9016204306126,26.06590363218562,98.36077644473401,228.02219261304907,standard
18,73,613.011532425296,24.654215035130168,97.74078059205848,220.36782586346,standard
18,74,610.2883897885163,25.063255423458475,97.6572285743132,230.51162880565192,standard
18,75,612.4009650716004,23.621863681914594,96.43082804216787,224.21410750034917,standard
18,76,609.8273146556862,24.89632180962169,97.00186234123727,220.9230383712256,standard
18,77,614.7092091527846,24.7682029686279,96.9872729345727,223.0882090436751,standard
18,78,615.8367337290051,24.97378668827472,98.25295080942513,218.2388273173628,standard
18,79,614.9292581314038,27.058102260463805,96.83853235748714,215.09053012814005,standard
18,80,612.5266267315054,25.67550504984441,97.50861032794974,214.7339680197867,standard
18,81,611.8242475146589,25.458092272777453,97.16296817305394,222.0362750887746,standard
18,82,615.7941323557197,25.16023062577045,97.51205222872171,222.14671962613141,standard
18,83,609.8816975176884,24.025290166307077,97.24342771507102,214.54060272592767,standard
18,84,610.1899740741286,26.870468474998773,99.6519932094943,214.2314747887221,standard
18,85,613.0251568492451,24.91215717993621,98.55749924011816,221.52822780920025,standard
18,86,607.568208603931,25.636010800065627,96.11317865883885,222.7913607893764,standard
18,87,614.3707440906311,24.396650461637364,97.14867861206214,211.5551137086692,standard
18,88,614.7753388286575,26.32191260417748,96.21179270802828,221.19377250456057,standard
18,89,618.1670703234626,24.464676432408954,97.4028017943623,219.55404272057157,standard
18,90,617.1987557600324,25.063256969952104,98.11433981456787,224.9859914585957,standard
18,91,613.9654799455536,24.82735174855998,97.44241985209139,210.23276047748658,standard
18,92,612.2263897829996,25.961625067814218,95.9855989402725,204.6723306649566,standard
18,93,616.2247343284645,23.825129148457748,98.11316759199477,196.9400931714715,standard
18,94,608.9060262633711,25.141021256944114,97.46686384281935,212.62631801563694,standard
18,95,614.4228682894787,25.45344639242401,97.72958124798481,200.6455058976603,standard
18,96,614.8182454780392,24.56055374204464,97.20259051687542,203.350818370753,standard
18,97,612.1371962356517,25.98504063653774,97.24854965315964,208.87727006169567,standard
18,98,609.8830997908117,25.803951092302956,96.29973760029652,206.34881029088146,standard
18,99,617.1117361955764,26.447879845068623,96.32616674193054,205.42735291470046,standard
18,100,610.40960721377,24.26468929640723,95.72412900009807,199.83262594836546,standard
18,101,617.1754932029648,23.083967525990474,98.29274283187979,199.65556098089218,standard
18,102,610.5966829572307,26.22094697028958,98.03252541467842,200.9972050765313,standard
18,103,618.7472191876619,24.81375337060289,96.49599476486159,192.37653884738234,standard
18,104,620.752740615133,26.879362843486632,99.72700958895764,193.66195233291387,standard
18,105,613.5759773649531,26.15717336140485,98.22835722142254,193.16940155312327,standard
18,106,616.2733127937208,26.456690702886817,96.85949676120218,190.7380076976876,standard
18,107,615.6381267962688,26.239897398648644,96.78243534032536,197.71758409076355,standard
18,108,621.4818841038735,25.639565237330295,96.36800637521229,187.87494050796906,standard
18,109,616.9113046116669,26.001650542489024,96.969796833742,196.51813455222393,standard
18,110,608.9225049425862,27.09177988960069,96.23981295110212,192.30211133992194,standard
18,111,613.9605916867494,27.856260988306875,97.58328061804029,191.8417607427132,standard
18,112,619.1796771534302,25.974379532827825,96.02037624531071,191.7621810040874,standard
18,113,614.6468125716942,28.225635046658088,96.28640892871897,189.5094719493031,standard
18,114,623.3977485577653,26.133776645931924,96.64876175084478,191.27091582318653,standard
18,115,620.1038321666296,26.57218468976064,96.03326956247814,183.83432033727473,standard
18,116,621.7435732984541,26.680894143640053,96.59811569248346,181.86606764538288,standard
18,117,619.666645694388,27.175525037583657,95.48656618924177,178.15587942982503,standard
18,118,611.7041833003335,26.24867859087438,97.25394580363216,188.61880269006133,standard
18,119,619.9066750896516,27.694632200640683,96.30347395047136,184.87457277456994,standard
18,120,618.8588346692457,29.004448971987124,96.30155468582326,186.71504041868064,standard
18,121,620.7723422454535,27.995443286204157,94.35850867453819,183.64594780773857,standard
18,122,617.9174760632725,26.87607350556511,94.8570869588221,177.97206433015907,standard
18,123,618.5506547904548,26.076998078185195,94.83671982710631,179.43309740064055,standard
18,124,621.2151153931842,27.63028290992242,97.43083464968436,175.56807507824252,standard
18,125,618.5869461767994,26.58297197125921,94.68975802244628,184.27331066929793,standard
18,126,622.2938971507492,26.16748743286152,96.37575190783127,173.49976844448167,standard
18,127,618.2280225805108,27.21098215218506,96.57126914696798,177.09087762735737,standard
18,128,620.4071735070846,27.559481625620805,96.00277328310888,176.68407158461332,standard
18,129,620.7403348143482,27.812689463035433,96.09409870239989,172.72635254806144,standard
18,130,618.0949539343217,28.62153881730821,95.02414143816213,167.9427174511676,standard
18,131,621.4833182863381,26.727117186645728,94.49699145735049,169.3153883771462,standard
18,132,614.7106255366606,26.62119644594814,96.79659411850643,166.9760737119713,standard
18,133,623.806460849127,26.775185659062544,95.91604763436771,168.99792276603878,standard
18,134,616.5884552096132,29.071761904499624,96.49067888316604,157.95356456656282,standard
18,135,620.1367746113742,28.485956736258633,95.35994332647195,157.60067547245592,standard
18,136,621.2353763683423,30.37124295028256,95.53301590084232,171.84620590642353,standard
18,137,618.2931335347156,28.43554563500995,96.66152253087613,162.95793167014318,standard
18,138,619.8067930533564,29.006127521350376,97.75145511526922,163.50293462319564,standard
18,139,619.301819470409,28.150248442740317,98.34970764564537,161.67453558169063,standard
18,140,619.216758904266,27.25493208351746,93.97409890588739,161.81792136923096,standard
18,141,623.1139259784735,28.063303820034793,95.75502958196904,153.1476914535569,standard
18,142,621.6987853944825,29.001495320567127,95.20483573283235,166.4522633479292,standard
18,143,618.9386810197593,28.86347660401898,96.5583172197046,156.61355249925307,standard
18,144,621.0345695433166,27.21113384955034,97.03734149571629,155.15053399166203,standard
18,145,623.3620962748045,29.372720487860143,95.02170150798226,154.01235697854392,standard
18,146,625.9034470522305,27.642802334259553,97.74791807475727,150.27563607361864,standard
18,147,618.5114476300785,28.952309020688535,97.79834826433988,143.44517032203896,standard
18,148,621.776952844531,29.356265017256558,95.59364995853554,153.90960835001505,standard
18,149,620.1959007534832,28.340278154068617,95.38157735284081,145.35055956048623,standard
18,150,622.3659407956794,28.6112547063285,95.02995481484513,151.6025320629932,standard
18,151,617.1880215204021,28.83090989661685,97.78735376561485,143.56945156837187,standard
18,152,626.6565014894531,29.1746561209127,94.83704219111858,141.39679170235098,standard
18,153,623.3690458958557,30.633397105814677,95.02078885480323,146.59519287631613,standard
18,154,626.1311125505711,29.580870791346282,93.80772422027542,146.4944360792759,standard
18,155,627.7867047319968,29.263058813532503,92.60851057052261,146.94107495795535,standard
18,156,622.8046306813678,27.53090558607878,93.6407919099462,148.87553571644403,standard
18,157,621.3528517632147,28.51250361926401,95.25436143906833,139.7789850084003,standard
18,158,624.0001458833333,29.27727997056333,94.06000441990636,139.44401100719307,standard
18,159,625.1782599639273,29.581918040238623,95.14805751760817,150.6869212058969,standard
18,160,626.1931125761566,30.452441264821346,95.03403159220508,141.10072595175637,standard
18,161,622.8567000314229,30.43754976552413,95.05960009590096,140.1118887446528,standard
18,162,624.7818339064654,29.701833118594543,98.07818806715576,134.6669036125264,standard
18,163,622.422865409524,30.474096746811757,94.51483100092481,135.54296819325555,standard
18,164,621.3407671399332,30.331557919402588,95.58425724448415,134.42403970038276,standard
18,165,626.8944500654402,28.041874986266407,94.34314659848566,134.15010406894535,standard
18,166,621.3831525092911,28.21128696258128,94.71210403496156,137.47010043530372,standard
18,167,628.8963251742795,29.47271211679463,95.7232158376216,136.18271019037834,standard
18,168,628.8558245230035,29.729808969645998,93.16149950481532,132.3509292621137,standard
18,169,622.3086187770908,29.416494890937994,94.62878085594683,129.30536184325427,standard
18,170,625.9246778006874,30.90315631641962,94.53226441672403,131.97848753304,standard
18,171,625.6944480297915,31.195494395878445,94.6814081488937,128.60536662112722,standard
18,172,624.6767986560033,30.157751460041506,94.05651187165412,123.58701356928243,standard
18,173,628.2772961558483,29.2967983168154,94.4908819103021,132.076713931355,standard
18,174,625.0418976149892,31.268740453685574,94.18895427927316,120.74418196824902,standard
18,175,621.4655224352975,31.81272406927266,93.61312881836558,128.73593295062545,standard
18,176,623.4001589196198,31.877383917939824,96.9267827246151,115.56734970154832,standard
18,177,623.2957306975235,31.393131863803227,95.20304292336581,126.88460927380096,standard
18,178,624.9787333487869,32.66753416102337,94.77804946668977,115.9151871157824,standard
18,179,626.0905544998711,29.53643310377117,96.2209413585541,117.69834368599942,standard
18,180,628.4774504542339,30.329326855017822,93.98461269023748,110.44872909359475,standard
18,181,628.9445238089717,32.15918125262918,93.65403241863484,111.27385442500665,standard
18,182,629.7099481282135,29.27375865089375,95.75953293594826,113.4780243852269,standard
18,183,624.1401217715262,31.22846242113129,93.47186071498857,113.46444459353395,standard
18,184,628.661945798013,28.610887662833353,96.12241924592833,116.21820066232868,standard
18,185,623.8711019627895,30.08275463071316,95.4416463782608,118.00526467537051,standard
18,186,632.0603419718556,30.477257155195765,94.71658383715081,116.13283955891839,standard
18,187,630.1358025007567,32.34728112343207,93.67273609415565,112.4291486611976,standard
18,188,626.3695507632596,31.227388126643625,95.05843278206298,103.72982249869649,standard
18,189,631.6781147083778,30.20081787573625,94.02262968030277,117.21970962483063,standard
18,190,629.4840291539502,31.73952994826366,93.11937395470488,104.7795703208808,standard
18,191,631.4737691900067,30.87085645451561,93.77508812670014,113.81975625527356,standard
18,192,625.6502593638913,31.789235132886258,94.28290732616769,107.98657137068379,standard
18,193,627.3946931043675,31.00014481853667,93.13163583620513,109.41332513020653,standard
18,194,627.0955524254498,32.608744621167254,93.95544495840936,100.70774755289482,standard
18,195,628.5365583535547,31.28914280086353,95.15910341172805,103.15499905374234,standard
18,196,628.571368856399,33.17154670549243,94.62826732146335,112.31353008001749,standard
18,197,633.3271350121917,30.932837411637145,95.07995085440011,110.62651646037295,standard
18,198,634.2984393969703,32.86809598357669,95.02752299490918,100.48669478162225,standard
18,199,627.3378537469513,31.587782681102542,92.36521099856724,107.71397657710853,standard
18,200,629.1501211217469,33.29133072906496,92.7685004227784,105.41312460501105,standard
18,201,628.6653580254621,30.775630591690827,95.59711805215976,104.53655834670387,standard
18,202,630.9353772605573,32.15393788513496,94.37951001881912,98.97314288958705,standard
18,203,628.0731721374856,31.767947730215077,95.8707178320387,110.36078371314007,standard
18,204,635.288005515692,32.71822394016262,93.54225096729806,92.00907053051517,standard
18,205,628.5531527687094,31.746732341313237,96.00116404142577,104.031411481913,standard
18,206,633.1388351698062,31.39938682358717,94.71305592671104,92.80691485744697,standard
18,207,624.5909716840675,32.70710063740126,92.94808695916595,88.95973285454981,standard
18,208,630.448776019296,31.98167702705759,93.725743180896,91.58834724991398,standard
18,209,625.7225727214571,34.06027798888283,92.74662327705133,86.23800807434763,standard
18,210,630.5143402446291,32.49166515263071,95.15897981683185,91.3471172602745,standard
18,211,633.3493964523286,32.93453618758328,93.90146158249877,90.54864751543505,standard
18,212,626.0017975722932,32.47008151516047,94.80226111057115,107.71165505403343,standard
18,213,628.3370732023815,33.20307996032435,93.03895342212566,97.23825951948425,standard
18,214,628.0386517176256,33.464939490315885,92.1727889004958,84.40716665969583,standard
18,215,632.1470600077506,33.969691681739604,92.47283317384147,88.31691524423692,standard
18,216,632.4563331701638,33.232793386285984,94.47833271468514,77.58721653497356,standard
18,217,634.9817849194458,32.451095146910575,94.58587345497682,84.6727881726894,standard
18,218,632.0714148554489,32.489974030909174,94.28329499435534,88.30475842740464,standard
18,219,631.2514453774195,32.0069934342186,94.12421104294523,73.7573452898315,standard
18,220,629.0834626872511,32.1372997244721,92.98454951696125,73.31834055392278,standard
18,221,627.3336002718553,32.12455580566287,94.01247444657263,72.64227963936617,standard
18,222,632.2791909661374,35.26669846236556,93.2908258699729,79.71265494864797,standard
18,223,630.6118799452454,35.54347485370014,92.76870551086158,75.85947657774241,standard
18,224,637.5511760339022,33.258265755146375,93.32788878267522,74.59155839605435,standard
18,225,632.9255028658283,33.87050201082809,93.8029431891981,71.78375784393717,standard
18,226,631.6017586315592,32.95086391114244,91.81874598580023,66.04784870740352,standard
18,227,634.9415014416746,34.55859580317511,94.06104529314521,61.09004363431671,standard
18,228,633.4648047388703,32.577908044407444,93.30373743782086,69.91088240595309,standard
18,229,636.1257357187338,33.72084690959866,91.23399810508211,66.1645706360023,standard
18,230,634.5173553444799,33.890110429231086,91.694323192296,62.31770148226939,standard
18,231,634.8187360127196,32.45633269394947,91.40137057349921,66.7742974368433,standard
18,232,633.334661725984,33.041599522660704,92.33626304327504,68.06917861611197,standard
18,233,632.7895112889606,34.05069702166484,92.62953146388267,67.83825077693328,standard
18,234,637.73461669631,34.879247845390594,94.26821047106608,70.1907344844858,standard
18,235,635.9656725946254,33.666568362359854,92.56223907718378,60.61111346782095,standard
18,236,635.4135878731546,34.85738747871193,92.19433239711698,63.81391070668113,standard
18,237,633.5179133138347,34.429354330187614,92.34061661605006,59.30244714352974,standard
18,238,633.660099915204,34.78332877384557,92.76325059466964,59.85789134999982,standard
18,239,636.6342135076417,33.92548378253235,93.9565178936857,56.130669231533716,standard
18,240,635.4390854615482,32.995234778333,92.4531256081099,51.60182251146685,standard
18,241,638.3889495676774,35.22650376700558,93.55417017372447,59.14436240087234,standard
18,242,633.6603887858697,33.71965936796405,94.27017205522051,65.17838551899898,standard
18,243,636.8176654708524,34.06436596591967,94.07862342269851,53.52748419307595,standard
18,244,637.2865476242878,35.99195730539846,91.84366150033537,60.14611792818556,standard
18,245,638.3116823875316,34.66048345776844,91.6565664008669,51.37780119948362,standard
18,246,637.768353218552,33.33666320511861,92.75074385901826,56.70525492030831,standard
18,247,640.0056605184272,33.42164292553978,93.90624729716127,61.476817470899675,standard
18,248,638.4304547031409,33.841951418575334,92.23189071163976,51.762013774407464,standard
18,249,638.1613905261917,34.9619815526436,92.81116514289462,50.546266213304385,standard
19,0,600.7953212835367,19.539476578838688,99.66181328301754,147.11987414761666,accelerated
19,1,606.0517786035122,21.583900786174326,100.49529419001361,155.6265449863387,accelerated
19,2,602.9953840169337,20.421271159514053,98.3744286589803,146.6891803993743,accelerated
19,3,599.8948863239449,19.226924826907844,98.33383772539338,149.46359673283513,accelerated
19,4,602.1735129671125,19.31260301993239,99.01412149356382,151.80611136577082,accelerated
19,5,598.8669104594503,20.770798903933805,99.51022170043203,147.53181735531032,accelerated
19,6,599.2316770420307,20.810083477540108,99.80872257734588,145.1509040311461,accelerated
19,7,602.3372215738879,21.18460932059411,101.7717703320508,155.80648888385554,accelerated
19,8,600.4823515776399,18.641757019647503,100.11549530072197,142.93126229950633,accelerated
19,9,605.8831255775508,21.364885899715315,99.51860393952572,146.64453297938613,accelerated
19,10,606.8063417652415,19.813439941219002,98.58339381286042,139.4720352035566,accelerated
19,11,603.5953128717737,21.09401679664775,99.77420717786188,143.9805239465855,accelerated
19,12,608.7681291321622,22.0189130237729,98.4276663215469,137.2631188740109,accelerated
19,13,603.6739432762213,22.074640239981157,99.60816803343394,147.25198325555755,accelerated
19,14,602.8154605942353,22.0647505337668,101.5147113977441,133.073965515482,accelerated
19,15,604.9354460885111,20.855119498875986,99.18208689962742,131.09891425931178,accelerated
19,16,607.940402710474,22.067318859031396,98.10460274001771,138.20283848895835,accelerated
19,17,605.6389981166147,22.992818777223455,97.83233737205225,134.8441220612433,accelerated
19,18,607.720025083934,21.736622509764263,97.66099727303185,131.79196252314804,accelerated
19,19,609.3843458813428,23.405930330634057,98.43157156524443,124.58457281811779,accelerated
19,20,604.7064608389513,21.931522349268086,99.24644678330478,129.4749924854794,accelerated
19,21,604.0402073647886,23.624263067260667,98.88042586744483,131.1770782636547,accelerated
19,22,601.4250436976063,20.215735129302715,97.2424542185556,125.59728287196612,accelerated
19,23,608.6290680528414,20.4177531295927,100.21285206437199,127.85283013385063,accelerated
19,24,611.2808849788498,21.99402991752587,99.0638599341725,126.42597964985394,accelerated
19,25,609.9530589391636,22.766208632400282,98.97321520900759,130.51097659385601,accelerated
19,26,605.8464711183246,23.36224423248965,96.55213776277765,127.51251509531679,accelerated
19,27,613.9639876303875,21.995563952251306,98.28861873957206,127.40240650457056,accelerated
19,28,608.4942524203997,23.525099551493224,97.92900055847636,119.85923873456042,accelerated
19,29,608.4399175392439,23.521671422139356,97.0785587384227,120.66989007026986,accelerated
19,30,613.705601816128,23.180866206411096,96.96274501712537,119.24291966006787,accelerated
19,31,607.156161563627,22.38165817467806,98.27916846173262,115.44858981424461,accelerated
19,32,607.7258574994402,23.993427380385388,96.54682540463766,109.29215174874437,accelerated
19,33,611.9126165835057,22.02916639927592,97.04332230469264,108.00080232305781,accelerated
19,34,608.7415905994535,24.508058747651162,98.07233794873237,127.95936694728643,accelerated
19,35,613.760746853367,23.268842149843397,96.7029449951736,128.5334397048775,accelerated
19,36,613.9877160172,24.90936960726957,97.91485181221562,115.36760783737509,accelerated
19,37,606.6537801735527,24.59703917019677,97.85123139745902,108.4793057844926,accelerated
19,38,609.7844206392946,26.07517639344356,97.59482507970513,122.35585651266555,accelerated
19,39,606.4779616905379,24.15786981377425,96.11272144875308,104.95288773054082,accelerated
19,40,609.5153828830221,25.115309626770593,97.86682617108038,106.60354840186197,accelerated
19,41,605.6166013279902,26.397692873032156,97.25423528396365,103.41854914849431,accelerated
19,42,613.4247923432102,25.244445170523175,97.15732353500003,108.74265507820752,accelerated
19,43,609.4349104787759,25.919912843176483,96.42313290524314,103.97215172348284,accelerated
19,44,615.1464054484547,26.483958965010235,98.94577456804633,111.27899119233285,accelerated
19,45,612.5277834485946,23.858966930899534,98.70505558560289,111.85347994452488,accelerated
19,46,611.7840715399394,26.44118903782456,96.90782220606926,111.50638441755865,accelerated
19,47,612.5554060127887,27.618651287548502,97.96612054759825,111.98772422342994,accelerated
19,48,613.0086081910504,26.16502960444419,96.15072080165564,106.21994626059599,accelerated
19,49,617.3971245985114,28.277023918201184,97.54203979721966,104.62047101253047,accelerated
19,50,613.5875088704887,26.541379372635237,96.62010879131242,100.57930379421,accelerated
19,51,615.8235469846373,25.767695126650832,97.00294509654199,97.1235241514329,accelerated
19,52,614.4608066248985,27.316664651502272,97.0554136418264,99.73533136100139,accelerated
19,53,611.5280856930434,26.78345833183039,97.35042346397523,95.00830688655624,accelerated
19,54,622.4550890287821,24.190772735815933,97.54436713577056,99.56402402477431,accelerated
19,55,618.1247487959982,26.776212705638624,97.25067932262505,99.34087739777947,accelerated
19,56,614.622337248504,27.01919562218009,96.4566831579767,88.53115799887246,accelerated
19,57,619.2515099238399,26.275639575315967,95.08214132522053,90.30444669649175,accelerated
19,58,615.0033033057206,27.98847900919011,96.67319314055807,98.9119137284497,accelerated
19,59,615.7003313063009,27.954169871896497,99.29962291480791,92.7801623356357,accelerated
19,60,620.5849465869694,27.893517664225406,94.97792467257418,92.92908648733726,accelerated
19,61,619.2193689619487,27.06025261660169,95.45596362579512,92.46991620163519,accelerated
19,62,615.6827887811681,29.573645604681893,96.39416908348812,81.88346476106749,accelerated
19,63,617.358011165015,27.28186566171018,98.63237665392384,82.57705526595252,accelerated
19,64,618.8513482102459,27.14217163013498,96.65925848558166,83.39058293147478,accelerated
19,65,616.0828300015809,27.604705420203803,95.80060615666775,82.03877811187994,accelerated
19,66,618.1835689233086,29.104695797881003,95.72025978573251,78.32936168760784,accelerated
19,67,618.7136521086004,28.094335659465393,94.64373036344865,91.12988980003199,accelerated
19,68,623.0027384325188,29.59017274361878,96.31212812548769,71.5315127493495,accelerated
19,69,625.3060011499156,27.41643164029011,95.0778132559979,81.78162571977722,accelerated
19,70,625.1346895400104,29.453287133952397,96.70628112017602,78.44086473562723,accelerated
19,71,620.3171774217236,28.86594366798007,95.60992915871647,83.44658953664677,accelerated
19,72,624.0903529934857,29.231341321172707,93.15403871823062,78.63994181838632,accelerated
19,73,621.5734383578018,28.92802560175953,94.8656753614536,70.37607044800387,accelerated
19,74,623.5894154399251,28.52369868226794,96.1346929937076,72.64542811157614,accelerated
19,75,626.747731921478,30.001064842570763,95.79682710854588,73.93355793307026,accelerated
19,76,625.3572266333946,29.512547815237408,95.6785841879306,79.21432704779804,accelerated
19,77,627.3796084632199,27.987588815514457,94.3296158926502,69.09869637260601,accelerated
19,78,618.8927262070694,29.297251474430848,95.9201164552445,71.89290852523831,accelerated
19,79,622.0976350751614,30.60645775712916,95.40055640320675,72.7149148368316,accelerated
19,80,627.4627044146993,29.476758061148868,97.26021407262468,67.76092498064116,accelerated
19,81,630.2938446135387,28.745264818087577,95.65748490288044,65.78733915596881,accelerated
19,82,627.9586983509433,29.361767392141573,95.37087119064408,64.74729001979215,accelerated
19,83,627.7116755209998,29.30424873936086,96.70341484474267,62.02001446519305,accelerated
19,84,621.1631162450157,31.031552078079084,94.36835635973647,65.96381343275232,accelerated
19,85,624.5332765384928,28.887391732847313,94.82300633586166,71.32457947486151,accelerated
19,86,628.8094110099166,30.551792762625926,95.9522682930351,58.70240707652912,accelerated
19,87,625.123637013285,30.835804940730206,94.64958517318289,61.76588334761721,accelerated
19,88,622.7980688030367,28.47865861135729,95.53786642494964,63.216107866261126,accelerated
19,89,629.4059951346303,30.242764057841626,93.94722211517241,61.03273983318317,accelerated
19,90,629.5625989458384,30.568547785012345,95.40178518432847,54.968459972034566,accelerated
19,91,626.8156586004903,30.849885855921972,95.76638994392191,60.03813699007954,accelerated
19,92,632.8382325548826,29.692315200052516,94.60991890441129,58.89699019590223,accelerated
19,93,629.7602795927605,30.34664006355111,96.10444633941084,57.064819707358794,accelerated
19,94,624.9387974611952,31.26397500958638,94.04683847711989,69.91617571123665,accelerated
19,95,631.6498307985751,31.449661355708216,94.18808331480079,59.755284312407326,accelerated
19,96,631.7965864809846,28.60845008067935,94.88299315473333,54.139832719893136,accelerated
19,97,625.166568534639,32.52021413962418,96.42618801355827,55.7839797341389,accelerated
19,98,632.7012853267705,33.5641190919644,93.28973784927996,42.712142774165414,accelerated
19,99,631.6705981899286,31.632388463558552,92.68582654762847,50.60915031932103,accelerated
19,100,632.1826421213718,31.85102833523564,93.21317236926497,48.882464698517445,accelerated
19,101,630.241570604096,30.190517737373916,93.79722504682931,42.27829763927554,accelerated
19,102,632.5770778560633,30.678957424413223,94.89269220455093,45.954174653930295,accelerated
19,103,629.271072879684,32.65445459730197,92.9539655547766,48.39372877065032,accelerated
19,104,629.0036736759349,31.923265487675234,94.16535416932913,40.30709633132808,accelerated
19,105,627.706988094713,32.84822550741034,93.67310014751062,45.84346372404696,accelerated
19,106,632.7829177101643,32.77737555380698,94.24809262396707,44.487181434893294,accelerated
19,107,626.0780883009741,31.09211540533815,95.50794918024208,43.00035933529431,accelerated
19,108,635.2507249551512,32.614296094372925,93.46198490560606,39.73317672864578,accelerated
19,109,640.0977819943841,33.333242422364144,92.92514209449381,32.74230143284905,accelerated
19,110,638.9212003282075,33.0367216147717,94.1442291195616,44.27998645153273,accelerated
19,111,631.9115084297089,33.992452775386155,92.73586171324838,34.04786818980292,accelerated
19,112,637.0933940775367,33.2818106201778,93.79851283360266,40.05460496940886,accelerated
19,113,635.8137958801658,32.00346306579838,92.63470946868362,35.37762421251787,accelerated
19,114,631.7055639812955,34.109006848016385,94.3468930775959,42.72592327673149,accelerated
19,115,633.4823857043704,34.091965862457904,93.54564350449009,38.10628047101765,accelerated
19,116,632.165594780782,35.74058026826497,93.96652018434645,38.763246718462206,accelerated
19,117,638.7103801707012,34.57413594226598,91.95268657694903,32.305136342224465,accelerated
19,118,630.4468398148142,34.57507250969908,92.75078634183446,31.79738808236534,accelerated
19,119,639.312003390257,33.82300596144354,92.60787684122792,31.10986647981608,accelerated
19,120,630.4800232517591,34.133936344237995,90.31420508771382,27.072392190521303,accelerated
19,121,638.8655671601784,34.96726655825106,92.14517968954591,29.20399109111906,accelerated
19,122,633.3750312986089,34.63765659685048,95.61032028549252,37.22900660185966,accelerated
19,123,637.0578663900518,34.92014416491537,91.64043468536545,22.991054460244747,accelerated
19,124,638.2865529663142,34.35510743436351,93.46414959485159,33.848428404888786,accelerated
19,125,638.4978623543432,35.101737205839925,90.81922037508934,28.73805122636025,accelerated
19,126,634.3689860953828,34.701990871366576,93.39957589238513,29.148790821545163,accelerated
19,127,636.7004774179496,34.83108446508002,91.68068112674332,17.010731273370446,accelerated
19,128,636.4956135536872,33.74686998108531,93.00306258150826,23.97261802580938,accelerated
19,129,640.3815878546116,34.525595949424854,91.06492943648495,21.2675713715678,accelerated
19,130,639.1923076948507,35.45273017248706,91.91051673081215,28.553878888471935,accelerated
19,131,640.5780750353789,37.69067839146649,93.40896502543163,27.516354630086724,accelerated
19,132,636.376611700932,36.433170990998036,91.64823451100662,9.683066443202335,accelerated
19,133,644.3880095086665,35.66630747429437,90.9648983697333,14.927180683756532,accelerated
19,134,637.8113276316786,35.386302032383334,91.73839660981736,24.654075965223715,accelerated
19,135,638.5010483503661,37.859270664219196,92.74883679597953,16.98135781793043,accelerated
19,136,643.0443600967556,36.333655663837455,93.12605010386343,16.834901316335504,accelerated
19,137,636.1060020449235,36.73625193188996,92.56397314299262,11.554993906993914,accelerated
19,138,641.7787676181417,35.947142005325595,90.34237434393644,4.2481156453438,accelerated
19,139,637.0887960387935,37.34904474247053,89.16971829162367,7.667600365182595,accelerated
19,140,639.7030401442639,36.51784046401253,89.74356845006379,12.019440473703092,accelerated
19,141,638.4805158175203,38.05240554070927,90.91823431241117,8.521934882940398,accelerated
19,142,642.6113215696656,37.28424105286058,91.51701437749615,5.864447256336841,accelerated
19,143,643.9291455920821,37.62614713049495,90.65486533289038,9.131839094867786,accelerated
19,144,646.7751609072052,37.98589419610455,92.29237524164719,6.859604244537227,accelerated
19,145,640.6915486617754,36.59035554029636,91.61988796785441,9.71381862576155,accelerated
19,146,652.1577357419822,38.501821944438596,90.0695642425025,0.1636371382000883,accelerated
19,147,650.935551947868,37.42561106802322,91.22751463476129,0.0,accelerated
19,148,649.0953102167227,38.26033320732063,90.3453986521147,0.0,accelerated
19,149,645.6216118376936,37.924206174880446,91.89211021722113,3.734842365635999,accelerated
19,150,644.2065589536942,37.45619840453863,90.84005785170116,0.0,accelerated
19,151,644.9094134015857,38.136440928619386,90.04206910661993,2.1533993104894016,accelerated
19,152,644.488716856591,37.39811564971466,90.52839257171813,0.0,accelerated
19,153,646.1491145994399,38.78211811490446,91.71834612507553,3.5247010200401654,accelerated
19,154,647.0564584880642,37.410597612764505,90.4908891974697,0.0,accelerated
19,155,651.5905622211368,40.58740088252716,91.35031119749634,0.0,accelerated
19,156,647.55282957971,39.08605591546079,89.04254578167088,0.0,accelerated
19,157,644.4565408129613,39.121356537538375,90.52039015461146,2.734109811730571,accelerated
19,158,650.1498830661685,39.244511982521644,90.25306031286037,0.38010729379964836,accelerated
19,159,647.6101360616204,39.41167396163527,90.50224960442684,0.0,accelerated
19,160,648.1095186671565,37.23803314932169,88.85229359875882,0.0,accelerated
19,161,653.0045990715824,39.668221104144166,89.61963114510336,0.0,accelerated
19,162,650.9535817814269,38.8728048489849,90.92323541855257,0.0,accelerated
19,163,650.334901176764,39.59360170735356,90.60364438496964,0.0,accelerated
19,164,647.2940803968954,38.71650093948395,87.77499120202901,0.0,accelerated
19,165,654.0581345488558,40.530080092537595,90.32770911847595,0.0,accelerated
19,166,652.7920176772772,39.80069068819698,91.61493431378905,0.0,accelerated
19,167,647.850091416082,39.19273005578038,88.497881629566,0.0,accelerated
19,168,650.7096487792977,39.44779897514937,86.06362467075941,0.0,accelerated
19,169,645.6477188119578,40.86922828488664,89.89121458966956,0.0,accelerated
19,170,653.9908724445679,39.89539540451503,89.09793643764469,0.0,accelerated
19,171,646.8723867086957,40.710879935918705,89.60887953675032,0.0,accelerated
19,172,652.6605419533453,40.829559860508674,90.13740074279175,0.0,accelerated
19,173,653.1530442150518,40.8533651929316,88.96057311278369,0.0,accelerated
19,174,650.056840320888,40.09962339526915,89.22384999728224,0.0,accelerated
19,175,652.6056759190434,41.91637882736333,89.00153591745915,0.0,accelerated
19,176,653.1540831418314,40.511371712533936,89.51374078620654,0.0,accelerated
19,177,653.6595186506502,41.46658392902731,88.67467166905733,0.0,accelerated
19,178,651.4549308890324,39.692216539452524,90.18018412021807,0.0,accelerated
19,179,652.7908745371589,40.93444621958848,91.13171462431585,0.0,accelerated
19,180,655.6492536649353,41.76261562358227,89.4700496134452,0.0,accelerated
19,181,653.5474360163169,40.26306245447927,90.00805465422778,0.0,accelerated
19,182,654.9239394386551,42.310753241547786,88.70925577970583,0.0,accelerated
19,183,654.5048992384202,41.36851174292909,90.209172783105,0.0,accelerated
19,184,662.282646515439,42.95736220920647,87.18202446529766,0.0,accelerated
19,185,654.9943622522893,42.59188662894211,87.91062172926028,0.0,accelerated
19,186,655.436641805632,41.582381637426565,87.96324776852877,0.0,accelerated
19,187,651.0102523798722,42.91787893609605,89.57751030687812,0.0,accelerated
19,188,656.557118519175,43.72349499969739,88.01514848927594,0.0,accelerated
19,189,655.2135489567021,43.84532559922328,89.9522937468847,0.0,accelerated
19,190,660.0187222419349,43.61890830634728,90.15359481044982,0.0,accelerated
19,191,657.1672196391643,44.06521668657166,89.23890379150176,0.0,accelerated
19,192,660.4761235348855,43.193547976423915,87.30589561962384,0.0,accelerated
19,193,653.592135065916,42.94493796393913,89.34606759323285,0.0,accelerated
19,194,661.2651758062802,43.617573733439016,87.95690771024599,0.0,accelerated
19,195,659.9162900731653,43.53922339846362,88.45068422885191,0.0,accelerated
19,196,657.5010712042733,45.77846079615464,89.46846649042354,0.0,accelerated
19,197,651.9990931274809,43.716192421448724,89.073472894426,0.0,accelerated
19,198,662.4649761845938,43.81965456500709,87.95693872027303,0.0,accelerated
19,199,658.1043726212932,43.59329367819634,88.73016726213046,0.0,accelerated
19,200,665.7263288201332,44.69382541285602,88.62881382833277,0.0,accelerated
19,201,662.9242640301288,43.79739222719836,88.22237775119952,0.0,accelerated
19,202,663.7183241766918,44.530604697261786,89.86251306369788,0.0,accelerated
19,203,663.1899583542994,44.4284253112079,86.87393548787442,0.0,accelerated
19,204,661.8308536916858,45.01803483915447,89.48978738745625,0.0,accelerated
19,205,658.727087494556,44.36357406162932,88.52120114975183,0.0,accelerated
19,206,659.1129344649127,45.47655290070248,86.43878718110673,0.0,accelerated
19,207,661.7536280484325,44.286568754024785,88.46985948865094,0.0,accelerated
19,208,667.6966835328817,44.71281463464559,87.39779784895926,0.0,accelerated
19,209,662.4272375906287,46.57400524770755,88.0008282103845,0.0,accelerated
19,210,666.5327112424484,46.112726813119814,88.35133260611055,0.0,accelerated
19,211,661.3110301161868,44.73129516644323,86.49887863243961,0.0,accelerated
19,212,663.5646964865291,45.403439057370825,87.83200831031579,0.0,accelerated
19,213,653.8953218681224,44.91364246285064,85.80721142220872,0.0,accelerated
19,214,663.3333227569979,45.695387564501274,85.08148025110947,0.0,accelerated
19,215,667.8453907554984,47.20944948310216,87.81886341954069,0.0,accelerated
19,216,668.5782054089764,46.64400225500002,86.92281096593545,0.0,accelerated
19,217,667.9607848519876,45.44783367001662,87.32616582105479,0.0,accelerated
19,218,670.0151849533148,46.03463301400249,86.90488640991406,0.0,accelerated
19,219,663.7253332687495,47.09432285140778,86.66138427712154,0.0,accelerated
19,220,666.0034829601626,47.09170511360799,88.15370983997651,0.0,accelerated
19,221,665.4157077773234,45.532750767967784,86.42126110042251,0.0,accelerated
19,222,665.9478414017505,46.29833471638024,87.40749020415677,0.0,accelerated
19,223,664.6991761617401,46.034481695558085,87.80712725240804,0.0,accelerated
19,224,667.879972078947,46.75187158558022,87.60304252683639,0.0,accelerated
19,225,667.8637311954611,46.445333125411935,84.64765749689012,0.0,accelerated
19,226,669.3914693955895,45.54513238752535,85.20630583567144,0.0,accelerated
19,227,669.1174250586237,46.24935268990794,85.80593528643196,0.0,accelerated
19,228,672.5317917114397,46.06012559263155,86.86225939124854,0.0,accelerated
19,229,672.5687808588743,46.68774590722525,86.32125271034037,0.0,accelerated
19,230,663.1844194891808,48.196333583865474,84.4149741609303,0.0,accelerated
19,231,672.3338863439187,48.46668485609468,85.4754145120514,0.0,accelerated
19,232,671.1284845849666,49.182256782860186,85.41776192133437,0.0,accelerated
19,233,668.325294111393,48.531608710807106,87.24851760641491,0.0,accelerated
19,234,665.7051545720261,50.419996321932445,85.78267721210996,0.0,accelerated
19,235,668.4242074781471,48.68996230945272,86.86006087470153,0.0,accelerated
19,236,676.0225742310432,47.99325541005891,85.57711752696463,0.0,accelerated
19,237,672.4948849365184,48.667947262062604,84.49558497304491,0.0,accelerated
19,238,670.2774792455897,47.979022985925354,85.75248205475324,0.0,accelerated
19,239,668.2938260283804,46.064531039996155,87.4072373285099,0.0,accelerated
19,240,671.6497076360811,48.13277676311335,82.72396771795357,0.0,accelerated
19,241,674.4475990114922,49.86217430359387,86.1822919936033,0.0,accelerated
19,242,676.5116224377941,48.71146277791146,86.56518891613436,0.0,accelerated
19,243,670.2565760733667,48.154287019577474,84.35550357882705,0.0,accelerated
19,244,670.9717632867088,48.24697115496506,86.07373521966136,0.0,accelerated
19,245,676.3877759485374,49.9125995112728,84.54688841980268,0.0,accelerated
19,246,674.175398972309,48.60084134152599,84.135375025906,0.0,accelerated
19,247,680.2097470700163,49.22725590577845,86.41286679138672,0.0,accelerated
19,248,677.06651645862,50.662491655557844,86.07259050795204,0.0,accelerated
19,249,678.8320997363435,50.25835396935273,86.77352972934028,0.0,accelerated
20,0,601.0448587430004,20.283323592535666,99.06348015419451,252.89792110881868,normal
20,1,595.7297519732701,19.42581567423967,97.96091218710218,256.7931325848141,normal
20,2,599.7053515181641,22.326884034816313,100.72294992651949,250.2404910667551,normal
20,3,598.841316917157,19.193649964312577,100.40297157389693,246.6424299536351,normal
20,4,596.782189053544,18.80314158349168,98.88129627085642,255.10483612633115,normal
20,5,607.6398337540339,20.60498914730891,99.94894279624128,243.3183981408524,normal
20,6,598.3965439550716,21.855179057607245,101.63357639389714,239.53290457080357,normal
20,7,601.1514848647262,20.110133699289833,99.29976092513502,248.9295412771493,normal
20,8,597.6641153639016,21.106469690936308,100.40823810730588,241.2892441319909,normal
20,9,604.4792034809602,20.867651840537448,100.85712992115612,233.38897347537073,normal
20,10,600.9536742169794,20.728186857148966,96.92779261552865,234.57023633210733,normal
20,11,599.7592022369237,21.82820599482335,98.8531566536854,234.9096050634701,normal
20,12,604.8524573419686,19.342089354209946,97.44875593255642,236.19203849965328,normal
20,13,598.256879695765,19.63032070534035,100.05343379168798,241.3798691895629,normal
20,14,605.1665926475563,22.228776660307233,100.6811343200148,225.35704895586534,normal
20,15,604.3512358797884,20.67039180043044,98.65257575400958,237.80207316104352,normal
20,16,598.0091135603128,19.52889139412768,99.99357274408172,236.4389300875545,normal
20,17,603.8101979676145,20.480086595276862,100.06382963458212,236.40151446030237,normal
20,18,603.8559135451424,20.26267895873023,98.8547516542705,236.1891683876222,normal
20,19,607.7815736684054,21.19346339662367,98.99032703219173,230.19155445987468,normal
20,20,604.824679026733,21.018932699939977,96.30581494242841,235.9638450082355,normal
20,21,609.5840668414877,21.067600140394287,98.09334663108122,228.3144973880489,normal
20,22,603.8374883488136,22.75551857716296,99.17463944164504,224.0368858481441,normal
20,23,600.6447716483259,22.705634184819672,99.67951124116425,232.30279939045909,normal
20,24,601.8954397478367,23.75843689952833,97.29630549294276,229.54800510700738,normal
20,25,599.2712516984093,21.20966861830153,100.56102293044796,229.15682127237994,normal
20,26,603.5613387535385,21.56116295717831,99.06062211083544,226.5707049538036,normal
20,27,609.1547381480481,21.703765995391507,97.3082149365128,223.7848431352438,normal
20,28,604.2277074874748,20.939366295251556,99.1776689153128,220.93443122953605,normal
20,29,606.7195366194094,21.42555579981282,99.3267105303255,214.4145090162251,normal
20,30,603.5168058309102,22.157085768912722,100.5418184149597,223.92412684274248,normal
20,31,609.4315775128034,23.897077033343145,102.36283213581088,219.20794533779218,normal
20,32,610.6612027693895,23.572635254401945,99.71603250330753,226.8711980902009,normal
20,33,605.3420609070466,22.141314976063622,98.99976551348186,216.08650114039057,normal
20,34,607.7555025589945,24.28274878505301,98.16185327729372,214.47660518703134,normal
20,35,607.5229330105798,22.571681573974832,96.68599417198651,212.0993617865053,normal
20,36,609.2621197267125,24.317546750932646,97.40538143246228,208.2035880038458,normal
20,37,607.490701408152,20.884404935122163,98.07502979701287,204.31978970224304,normal
20,38,611.7071838995274,22.270668845649595,100.13283418633902,217.5676067672917,normal
20,39,605.8610481069077,22.048040363153923,98.24645425083241,210.476766878709,normal
20,40,609.0384408318572,22.42345671046982,99.14639487352221,211.3266402749995,normal
20,41,607.1788145298525,22.56795934458198,98.17511501690132,204.91549374086216,normal
20,42,608.5753160846507,23.44543868521991,98.58170728347633,216.83121204835928,normal
20,43,608.2026658409013,24.444597867124482,98.5095873969757,205.80877849050773,normal
20,44,608.4425221901463,23.46117359083195,98.5197677077282,201.20339617390516,normal
20,45,604.603978849665,24.25429739347428,99.09812383258127,208.72817916401402,normal
20,46,609.6649160556694,24.447224627453288,98.87342902601713,207.93814679477478,normal
20,47,606.8213775359736,22.66304820284537,97.73143075324774,202.91307945228672,normal
20,48,608.8742366186032,21.963309668662124,99.80169261213514,200.62977005557133,normal
20,49,610.3181132497308,25.16454899076306,95.6950277304788,198.44153064044144,normal
20,50,608.8386481792605,23.663689954549355,97.82651340928605,207.23567399222424,normal
20,51,612.2203766271817,25.038035268628832,98.00712027181092,192.0031347692725,normal
20,52,604.160908894562,22.63059227676837,98.27976570416602,198.15884856348816,normal
20,53,609.969509057332,23.871423093259864,99.89172157544274,192.88548204511764,normal
20,54,613.5834583683481,24.321912936020993,97.779060488214,201.8831877430837,normal
20,55,615.3875911480743,24.16045054311516,98.59920271924214,196.81945681075027,normal
20,56,611.2223114164298,24.684254942657027,97.07199118515517,192.46950303334458,normal
20,57,609.6580941607418,25.461376716428923,97.62479888445894,186.5114298769248,normal
20,58,609.4296883305108,21.440735354787822,97.18550739811786,192.18822532548575,normal
20,59,611.3915924533991,26.700154351531392,98.21490604091504,193.65225926544576,normal
20,60,607.0701928962892,24.435357945882867,97.1133371926763,186.06959400595997,normal
20,61,609.80035800346,23.07187704605838,96.28414679531868,193.37046701382474,normal
20,62,611.9712559240204,24.453597581725667,97.51458866534729,193.83695339350575,normal
20,63,612.6126315626274,25.580374130931038,96.63339515761174,183.9068502462664,normal
20,64,613.861930655191,27.012653708337115,98.86977485951488,188.9141403472807,normal
20,65,613.4543012804821,26.60106935562717,98.19467832304512,173.5316898881467,normal
20,66,610.0382074564344,25.61814032535793,95.57303243444903,179.5120549762157,normal
20,67,611.3005551690261,25.103834093754166,97.03256979177378,181.55439786416588,normal
20,68,616.075922551721,25.174776134549468,96.89536986792876,175.25413947928243,normal
20,69,616.8730386059574,24.848502486052514,96.15296967199872,182.06545287434486,normal
20,70,611.6991762128508,25.074047260205706,97.45846017431907,178.36758688110223,normal
20,71,621.134828125902,25.6051714566808,97.77783821887922,169.29152976253528,normal
20,72,611.8180526042557,24.673086305083288,96.16562027669738,180.077689969185,normal
20,73,617.7066952033323,26.184630504634512,96.85335537643368,173.84572480643791,normal
20,74,618.1407992535595,27.991255454154864,97.1750557047837,180.69681532035787,normal
20,75,616.0301110493864,26.75550490646559,95.83545322188988,172.55931859928938,normal
20,76,616.3864083201368,27.29249094408198,96.14186577836232,163.83350444479936,normal
20,77,613.9052067206762,27.17013071434825,95.33610440891215,167.1154005393421,normal
20,78,616.0677557581533,26.124028747238537,97.47446648155322,165.8563661977721,normal
20,79,614.825064217494,27.515185402403098,95.64710380636322,178.38456148155134,normal
20,80,612.797749042334,27.24938157737761,96.42704148978687,164.27545871180513,normal
20,81,614.7093028585423,27.024929188178994,96.75314600509851,174.59234705721673,normal
20,82,620.7072201828046,25.37696933468215,95.46373085508965,161.47603113189578,normal
20,83,613.902411711856,27.744214520819746,97.24036195066674,164.27486213538785,normal
20,84,616.7666922281314,28.12430550516594,98.54801085097913,167.296921667214,normal
20,85,609.0221564478578,27.097287094759974,97.53474812954134,166.12316157928038,normal
20,86,619.3795447562044,27.237065374460382,95.32535458251813,159.5688078331827,normal
20,87,616.4365434386095,28.025414778238353,95.75411593167938,165.27951316583824,normal
20,88,618.5110777817636,28.626197265079128,96.43832022187058,153.2262079086187,normal
20,89,619.7406113946903,29.258055211634005,97.15238334486645,157.06169204094797,normal
20,90,614.7541623624631,26.247031166492594,98.40331188038205,158.36336279739282,normal
20,91,616.2120698185159,27.121563355872766,96.0430929513943,166.8382517989375,normal
20,92,615.356567526951,28.540643231660447,96.44209209645108,164.03513256713842,normal
20,93,623.3478571312022,27.524797633913096,95.96493639040084,157.3308941593255,normal
20,94,618.5156879839845,25.86303354426127,97.79248037378507,157.22892508690595,normal
20,95,615.5107024448469,25.532476679801594,93.87240076706965,158.8524021834375,normal
20,96,617.3430672947787,27.225099331894867,96.64815426453882,151.4197592194911,normal
20,97,621.0395732481605,27.855264064376716,96.03587041685077,145.13624797154256,normal
20,98,617.1408059306834,28.442535365586867,95.39797818513594,158.02684777892244,normal
20,99,626.8392039719802,28.576385300841324,97.53283189136516,154.60363619148035,normal
20,100,618.3972139319834,28.200151664807425,98.01332094609744,147.38223128686275,normal
20,101,617.0820181033658,26.945805576884734,95.74247061616644,143.98263955678468,normal
20,102,625.4220582823117,28.37635653459129,96.8917263097605,146.50667304710151,normal
20,103,617.1794084067317,26.930606054566724,94.97200825782187,148.73762747013356,normal
20,104,622.3596487953038,28.923196073058683,94.35132731621815,145.99795407050865,normal
20,105,617.9218145073228,28.801465967584527,96.27907705549745,139.1391347648678,normal
20,106,624.1040888215891,30.81882294152825,96.59483573758467,143.18582980224448,normal
20,107,620.4503628903708,28.350936018327495,94.95926615322298,144.26199103326024,normal
20,108,618.1846122265371,26.7503022134021,95.89960168181355,142.10616532887911,normal
20,109,620.0864899506884,27.437303377389632,95.92974402691404,136.04912480714773,normal
20,110,621.583166947404,30.564971854126444,96.25118976957538,133.15433668809152,normal
20,111,618.3754452869631,29.03181909274376,94.18467931794098,128.99137259382857,normal
20,112,623.9971160338902,29.28093575432087,95.97059833127913,139.31517590908953,normal
20,113,622.4040678649828,28.37781145232334,95.99613496608795,144.64941744202577,normal
20,114,621.2963129776696,28.099259789791702,94.30488058058876,131.66634883333143,normal
20,115,623.6077955734282,27.060372436446443,95.83917042443233,138.21956505148077,normal
20,116,617.8057649201714,28.300819563722403,95.43968097984542,133.282651348478,normal
20,117,624.9589124048058,29.218863178483634,96.58476952677496,131.3941530047816,normal
20,118,620.6509010398407,28.376558133738246,96.01546850928169,132.14810570978457,normal
20,119,625.7011477021755,30.133122499229188,93.22015014723615,125.29958699488279,normal
20,120,620.9381248784886,28.78393581150824,94.77964467342348,134.99574797308594,normal
20,121,627.7954470571517,29.387109169797004,94.90871913867525,125.47283137971357,normal
20,122,624.6675630917156,29.962520882733937,95.92647555500227,131.99219362991278,normal
20,123,617.6936458467928,29.687455052362886,96.46410003089011,124.80942536347541,normal
20,124,628.2177254550899,29.613548199988813,95.21492346744195,120.31554653800426,normal
20,125,621.7022543273005,30.725491572263014,95.88181828020066,125.13214453100247,normal
20,126,621.5174272720849,30.123804556607215,96.21723496067428,132.71433235025881,normal
20,127,624.4498762030222,28.500132149742214,95.76036359955478,121.620184517725,normal
20,128,628.4291219246832,30.521072225017623,93.99655589423814,122.2912218032969,normal
20,129,629.725015101163,30.170846011032758,93.80519483655462,113.05677915701672,normal
20,130,623.683505939406,29.989863738229015,95.61999913591725,114.39575366094189,normal
20,131,630.861255657189,29.14284778915881,97.09148609255683,127.62759278377236,normal
20,132,626.823498748164,28.91230646523041,94.66457593801758,116.06579521006748,normal
20,133,622.7771383308473,30.93100962724744,93.85635687014437,113.42547076475209,normal
20,134,626.1889640962829,30.145091171294297,96.71815661711003,113.32142683500226,normal
20,135,628.3226430341834,30.94552249221036,94.95275022525887,117.14544201805467,normal
20,136,629.8440844598184,31.146446075618645,94.78489579488632,114.2923853423407,normal
20,137,626.98474644298,30.048202118339322,94.45913162257979,114.20633687632767,normal
20,138,628.8064936697184,31.220284772990237,94.24704498655147,111.71460048402051,normal
20,139,626.1390605463475,31.433223991006564,94.21887177208588,111.90280469098735,normal
20,140,631.0024091301476,30.490641090357585,94.9966953809105,110.16605089942686,normal
20,141,634.2635807987423,31.06369967153649,95.05516458315107,109.07676725877988,normal
20,142,624.2350864750595,30.839310904480854,95.20047110542839,105.83652769695864,normal
20,143,621.9392310554812,31.408596983075498,93.187663702049,107.65908866298359,normal
20,144,633.453441244194,32.28945731080291,95.77665582873998,103.19243989277754,normal
20,145,628.5705009990934,30.55556380319222,93.51595655495991,100.3655758385691,normal
20,146,625.2798310923641,33.04585662533134,92.06803970497357,110.85069452402279,normal
20,147,633.1381767747607,32.259792675479,93.00549273190593,95.08912444278397,normal
20,148,627.9547889562093,32.465120456339925,94.08306363744067,96.78250252452621,normal
20,149,633.2446143539694,33.60438332818154,93.81340083598539,101.54668451798673,normal
20,150,625.4734539491116,31.585613283890964,94.51043997800099,101.77428270128888,normal
20,151,628.6769964523709,31.805756491523553,93.51278926345545,97.60767643140808,normal
20,152,631.6697044075544,30.19246291463088,93.84565048519208,99.74987767812844,normal
20,153,628.8885459430768,31.76066695603512,93.42960555918455,94.6047501323142,normal
20,154,630.8176513335511,32.44900275801378,91.7394856837662,99.26440185736143,normal
20,155,630.1300033469591,34.332963175468535,92.6083514611013,90.66342745622835,normal
20,156,630.5912730642502,32.89322544968604,91.8092326726285,89.85449973941947,normal
20,157,633.1739604817215,31.61187605356746,95.09002637637623,90.73058200575464,normal
20,158,628.9018803959743,33.25024425778952,95.28761738682445,94.08198129371948,normal
20,159,635.5812881976698,34.39663534063696,92.71814132007242,95.69195667029793,normal
20,160,627.4295884720893,33.224902531786384,93.52868210948517,96.21475101521031,normal
20,161,635.7167545389545,33.4497833505344,93.85842789948282,91.54184338360976,normal
20,162,632.5853126141296,32.8988042588921,94.96257817225244,95.81444909839088,normal
20,163,632.1750224068934,33.277636403010746,93.56165522477278,78.94150779031402,normal
20,164,631.790693267164,34.71970420104811,92.69022412496818,96.57271731150651,normal
20,165,636.5163789287682,33.60149815054621,93.96084328597642,80.41396651832487,normal
20,166,632.4043137433259,34.72139911032176,92.74547066082647,89.305658784744,normal
20,167,629.2688794316888,32.16184158752499,95.22138466558631,82.94081426879838,normal
20,168,631.984500339017,34.80274082699896,94.5258215549635,86.60377282628619,normal
20,169,632.0903062417636,33.233082424062324,93.55162882372473,84.47199671073619,normal
20,170,632.4745492779443,33.7707371106207,93.4673913007974,86.43384878187626,normal
20,171,636.4633974868054,32.17319835516471,92.9463696915146,74.35608315008292,normal
20,172,636.104262261835,34.683153350505044,93.22155598561025,76.65936484686075,normal
20,173,634.807509379108,34.04891927347776,92.43990034828309,70.90644449615317,normal
20,174,628.6495828723339,35.187182131738886,93.53636624363496,77.81255505672087,normal
20,175,638.7955966638589,32.744531990307586,91.26436912414498,76.92115958259545,normal
20,176,636.0798141263303,32.348693190327246,93.31952106214047,71.99888523800216,normal
20,177,632.9787358207873,33.826576291717586,90.47847142908154,70.04312888304031,normal
20,178,633.4871162915474,34.797102446936144,92.72176986348911,75.19434436839441,normal
20,179,628.1513819657899,33.480901777428954,93.39599705157144,69.45567684713423,normal
20,180,638.5363815989231,32.595397090610774,93.53111083968948,66.8043039110748,normal
20,181,633.991408746852,35.47104704692745,93.92190112995651,74.17349848043641,normal
20,182,642.5159257751448,35.826803608443335,91.9245634162677,68.70819064067825,normal
20,183,635.5194062745452,36.66908985994907,93.78486995469872,66.05559931643272,normal
20,184,639.433729393259,33.48780153368689,92.89026173764547,61.31038753698458,normal
20,185,631.9342233981178,35.58453623752983,93.50859109518754,67.28606318105993,normal
20,186,636.6510988783006,33.613641345153596,91.39865312928275,59.15360010130601,normal
20,187,636.6989801248252,36.03617873360491,93.58040421107864,54.75716200193561,normal
20,188,635.5202999898491,34.31983898042816,89.94841687149876,64.83060473474954,normal
20,189,637.0615205270444,35.00685746336903,93.78587105837563,61.44154506642179,normal
20,190,636.707808605102,35.77207762100495,93.45887184657556,61.48233783024613,normal
20,191,640.2675687960945,35.134432350257114,92.27814225364034,59.56510355149414,normal
20,192,636.140637148702,34.791938385630395,93.69787964181846,68.0397804793116,normal
20,193,643.3765937421146,34.11674264323145,90.86014246541502,51.0464528402742,normal
20,194,639.2031623256383,32.71127540764234,91.6511984333805,63.03549644580556,normal
20,195,641.9473164921867,35.09090534942649,91.76664455882937,57.83620853403452,normal
20,196,642.0058062657326,35.14686273226024,91.92563397828056,51.16995135739988,normal
20,197,635.4059516758743,35.54025625197819,91.82407245979124,46.69677942005672,normal
20,198,641.5382428129133,36.32332067862589,92.77571970084507,48.15964822267816,normal
20,199,633.849272965656,36.38733112964565,91.37588728537028,46.546659333771494,normal
20,200,636.2288407760697,35.72467747191285,93.57732729705047,47.47275239322243,normal
20,201,636.9305908674993,36.73193340103003,92.13281227977127,38.40349316155896,normal
20,202,642.3870389592598,38.288467768501604,89.31946407257098,41.82146987988938,normal
20,203,632.0544187340452,36.16469557925917,92.87038623661135,47.527503748981395,normal
20,204,644.9759870943379,37.150550290330145,93.54214732350218,51.801053840535474,normal
20,205,639.7911707941715,36.466726456234845,90.93132308451902,43.846719155659756,normal
20,206,641.3854950160544,36.39509267646465,93.10225352630361,42.34915968746584,normal
20,207,638.6037407593279,35.690388965096815,92.37510027162253,35.984307959555004,normal
20,208,640.9964414895472,37.96750024545542,91.97259844574084,41.62697305440623,normal
20,209,641.6922687890847,35.690435407772824,90.78286528956546,40.02409163542711,normal
20,210,642.8138190903279,37.74815001180211,91.69256061717142,46.76387087877124,normal
20,211,647.0155940456286,37.675267212482204,92.78498140805588,34.046432393059526,normal
20,212,638.9524031959357,37.47797337629017,90.17879018813295,36.54814077992033,normal
20,213,644.9135757159893,38.45337292468521,91.22578434971194,33.750278523461546,normal
20,214,643.7613848645346,36.046456556476116,91.26672135170656,35.95999975861859,normal
20,215,642.9160480219876,37.28850347381788,90.56548514442787,31.365035036907916,normal
20,216,640.9586512169022,35.659905660804945,91.7018303218461,38.473287258460026,normal
20,217,645.7889302485606,37.09750313953924,90.50899476053611,36.72157321181345,normal
20,218,645.5167690671237,37.65742064243629,93.02431125242327,31.867872393164685,normal
20,219,643.0293300482252,37.1201826689254,89.67912229351919,34.306699820711465,normal
20,220,643.6835438985266,38.1099312413568,93.04187800209124,28.046241150476913,normal
20,221,637.1859738496254,38.16107036951078,91.32685938989268,25.3377306201434,normal
20,222,645.5917990068644,38.54609632010438,90.17339008978846,26.49334069298309,normal
20,223,649.0302611895468,37.11837780877064,91.14666975541378,13.877944169780577,normal
20,224,640.3544634967561,38.0775174973328,92.26798780958559,19.189851589994994,normal
20,225,645.2236921861814,37.62428209094628,91.95308805499249,18.910983473387073,normal
20,226,646.4902329451025,37.42630931300374,91.18303802482647,24.344655261542364,normal
20,227,644.6446627775721,38.637811846269386,90.96365273430297,22.335968489616526,normal
20,228,644.5307503979318,38.31759838974534,91.10204354814607,17.054289599596895,normal
20,229,644.7515862862479,37.26481405536884,90.80015457721922,18.03833897572986,normal
20,230,648.3123494439437,39.072726977756695,89.87725143643563,19.988463273007625,normal
20,231,648.1155497377451,38.304691679835976,90.03178247519446,13.537982359776022,normal
20,232,648.962802684735,39.46271314828497,90.51205240112596,21.830687922633388,normal
20,233,637.704368410344,39.96755465070924,90.52305519472283,17.708882803997447,normal
20,234,645.838446829002,40.1157074818675,89.57926837604447,23.372301633034176,normal
20,235,648.1888127628354,39.422664215918154,90.27079543667108,8.458904010518147,normal
20,236,649.9915322966084,39.19140835118933,91.92162345830882,13.031118398921508,normal
20,237,646.1423058633032,40.34808823664031,92.43189416449744,13.04673588182865,normal
20,238,645.3417275094287,39.85053076278955,90.22597943382932,14.996314127003991,normal
20,239,647.0221720768637,40.68401401821182,89.7405104949493,13.4026483126098,normal
20,240,646.5338940893037,38.91849343857923,89.98794434523943,13.693040330467078,normal
20,241,650.9550893448016,39.83773882893237,90.25201653325473,9.700900155007965,normal
20,242,651.0931647053783,40.28931158720761,87.62972436864646,6.638889141136521,normal
20,243,647.9272236256816,40.10925256412616,90.21322918228925,10.595916904746437,normal
20,244,645.5640176869083,39.78005451546078,91.1402056534505,0.0,normal
20,245,656.5409304046267,40.79088593286652,90.20135330246565,0.857959463806159,normal
20,246,648.674744549179,39.76380235961135,90.60066255681204,11.503304247300154,normal
20,247,647.9717045916715,40.32270983757257,88.82757083739989,0.931996428373663,normal
20,248,650.7301505436081,40.53126249100881,89.32676752333538,0.0,normal
20,249,654.1816699067506,41.081908619628045,90.24845721705236,0.0,normal
21,0,607.53339764307,19.980068438342755,99.68743294197867,297.3882003707294,standard
21,1,601.2791011115974,20.44658258917093,100.9206278731265,294.36968917825493,standard
21,2,599.3625153655762,22.150545723224205,100.16459063324999,297.13737813336627,standard
21,3,597.6251467032489,20.68593430582075,100.94101821704244,301.37293822904905,standard
21,4,599.8235974091733,20.601252283363536,101.5516594366486,301.35441146085736,standard
21,5,598.3975117734201,17.753994935378532,100.14677250708424,298.99284063374216,standard
21,6,597.6323265243802,20.35121047787722,99.55630093412691,294.521431611161,standard
21,7,599.4159111386408,21.710510997627996,99.93796888063277,288.6049155691762,standard
21,8,603.9523864607812,19.215812404008297,101.04449437753514,296.95529712111284,standard
21,9,605.5193258859624,20.381753627558382,99.23388602021663,291.42010880466546,standard
21,10,601.2466896409334,19.947263714436488,99.14637668587436,288.1681357636677,standard
21,11,598.1399889406804,21.337963289599333,99.617702862429,287.45810765383175,standard
21,12,598.4689375171749,19.559627022332535,101.57591405072242,284.8637126856922,standard
21,13,603.7815851826281,20.942634469900177,96.8348115388919,295.962254115693,standard
21,14,604.1522519363284,20.07232984569519,99.5516334955704,280.25408316298166,standard
21,15,607.7286614353834,19.992342291758533,99.02691600330533,281.352194609262,standard
21,16,602.6411382006274,22.330316500139315,101.30937444909516,282.00501927888854,standard
21,17,603.6847769469538,21.101905412604072,98.50839073555593,295.11277787297973,standard
21,18,606.7882786868888,21.26911584971103,101.04187609349898,288.06053356358905,standard
21,19,603.0955840232452,21.465963605327993,100.94212614237667,276.2692320943516,standard
21,20,608.021072091964,20.974887439314884,100.92467674284757,279.9738670126859,standard
21,21,604.162818667419,21.225691643427542,98.83815637718878,277.6497255092784,standard
21,22,607.4373342095057,19.005836017327532,98.10103405519517,274.3726414532095,standard
21,23,600.214965622692,22.889979610415487,100.56767697785321,279.9601590469731,standard
21,24,601.6865877975674,22.775051866794136,97.69187007400446,286.70991320073966,standard
21,25,601.6961106084674,21.237964778158563,98.82065614950528,269.63446292950664,standard
21,26,609.6753393718108,22.348894630784486,100.43547054207978,267.88165363969614,standard
21,27,604.592813481012,22.141028689331403,99.46075652354985,267.19813274466003,standard
21,28,607.4265000633919,21.801550082785155,98.205035964357,262.7237473022367,standard
21,29,606.1699995404697,24.1904557341315,98.11474572665371,271.8522352520648,standard
21,30,607.8314918372747,20.5303477338987,98.62004323091497,265.699206103693,standard
21,31,607.6040300844736,23.18552256935406,99.22903626473173,264.7913296550295,standard
21,32,603.4716271862164,21.28950148575325,98.062731138377,267.48980899590765,standard
21,33,606.6744794533856,22.47025744442852,99.0017676354305,267.28526918412683,standard
21,34,604.8553476147307,20.742788460833726,99.14013489698287,263.08187207272675,standard
21,35,601.2079703425217,22.470705567115584,98.33826996358145,266.1387696062942,standard
21,36,607.9429134452082,21.209761278854767,99.01212128207297,254.94788559134818,standard
21,37,610.1475992718277,20.860933503111216,98.37518033760263,269.6918995188198,standard
21,38,604.9964312217571,21.082602313699702,99.57307323228653,265.4526623107559,standard
21,39,603.9504409819043,21.8150734792196,98.39459102938191,259.9648801965698,standard
21,40,600.3210867692346,22.2185761388819,100.58391419818315,255.52015016381648,standard
21,41,604.3995192195907,21.276382336803604,99.38216192639536,265.0159867907119,standard
21,42,609.8409535175329,21.27198941110634,99.23979173049696,265.16875017107117,standard
21,43,607.9789893231305,23.058409683343775,98.23835742136484,258.10054911896833,standard
21,44,610.3089545391192,22.968208968428765,97.43172524397028,253.71979162857014,standard
21,45,610.377838616667,23.024743320351096,98.76906207824308,252.2299223337665,standard
21,46,610.4657975416033,24.422412597822255,99.88318912301804,261.2129581072269,standard
21,47,605.9738812777015,22.319830902626098,98.43365482650081,253.19286620988126,standard
21,48,611.4930593403758,24.045886739468415,99.0984693872545,244.84406617076556,standard
21,49,602.2859344662094,23.180462744801705,99.41026320560071,250.6021647550693,standard
21,50,613.2447135149353,21.917558956219565,97.2916480505044,246.6785951276284,standard
21,51,605.5431083604262,23.586285868681976,98.0482881481565,241.2607976936067,standard
21,52,610.4747353700853,21.36004807392787,97.3687817769893,239.88646714628067,standard
21,53,608.5713638312127,23.36604771215121,100.32645432101636,251.56913328072775,standard
21,54,612.4249385500266,23.528609651298495,97.40306817890944,246.64053800996749,standard
21,55,610.027263022162,24.003807382251576,97.87758785589165,247.443932368912,standard
21,56,605.6009160874762,22.316722405889283,97.2042152886145,244.12312994278398,standard
21,57,605.016490934771,22.995255610128993,99.19291655141396,237.85435160960847,standard
21,58,607.187063899487,23.55163127677617,98.50688690153227,239.5035470459722,standard
21,59,611.2105802062055,24.130452300784725,99.3698566043617,240.5919903782647,standard
21,60,607.461543571631,22.91736797798788,98.50702751792936,238.11422108594363,standard
21,61,607.4424906669576,23.211712735754677,97.48630951487576,239.99510556381367,standard
21,62,605.0622504523677,24.02301629247496,98.81654876040295,235.09560430911353,standard
21,63,615.2161108188197,23.797621310976854,96.54865701690011,235.59378546831664,standard
21,64,609.7879684348075,24.288967555570213,97.82256947588915,230.94214862147805,standard
21,65,606.4650581456632,23.24640071481833,97.49222463748123,229.32512917550372,standard
21,66,607.7015605166889,24.619458524439356,99.66841260769448,237.77730856935483,standard
21,67,613.9675832585604,24.994118468233697,98.82313032839834,231.31101868471336,standard
21,68,610.6227326351609,23.659380657543977,97.74089283766637,232.34083550193293,standard
21,69,612.4906984547371,24.563323381515126,97.76817073698565,231.27769370445833,standard
21,70,611.8003910225806,24.867394438057833,96.3810048367428,224.6130551805053,standard
21,71,613.971931601818,24.199130430068944,97.44592340663303,227.68250263536981,standard
21,72,610.0088840832703,24.877937781524373,96.73198360601924,228.1238887324838,standard
21,73,611.6883531883512,24.7762679165655,98.0328639962103,229.57953115157014,standard
21,74,609.3819115468251,23.498197267675046,100.23700444325051,224.4936765771288,standard
21,75,610.6966365880363,25.177840097717883,99.34608929219424,222.27735941532652,standard
21,76,608.4035541954314,23.31784664920839,99.31310622150292,218.80946506769482,standard
21,77,611.4673321904532,23.642715167957032,96.24164408204169,221.53812323453158,standard
21,78,608.8866400009765,23.988371574576686,99.6661050974174,224.12448052086202,standard
21,79,614.644408558662,25.564659562849254,97.52913907692097,218.8014082031119,standard
21,80,612.7468038355834,24.968450769932495,97.03119458283469,220.6492391523343,standard
21,81,610.0310108799112,24.68854206935916,97.23471652548265,212.65563703697111,standard
21,82,605.2465253606634,23.9809367500603,99.34410466458631,216.45159108981636,standard
21,83,614.7779044826892,22.855554856906643,96.50171393203567,210.22755191318825,standard
21,84,611.9930999697386,27.46195548053524,97.94023894322793,224.47806266639043,standard
21,85,611.986689816943,26.464869373855073,99.5232567066829,214.4531546679477,standard
21,86,611.2822058663179,23.842189063009847,97.11093974142304,214.40948337600395,standard
21,87,619.1428608520474,23.92502602590391,97.44966189369698,203.92845939305192,standard
21,88,611.9197115134843,25.59139535741202,97.87258315268856,214.94511539820962,standard
21,89,614.5422120986606,25.92042194009624,97.37573912900267,205.76066847005515,standard
21,90,607.9450291089598,24.853312178262783,97.16538456693677,216.2696589858774,standard
21,91,613.3481949745315,25.263430965783307,97.65552712684178,207.64994006274398,standard
21,92,616.2316259968408,27.49933361838388,99.4307855142107,208.48520313622245,standard
21,93,614.9606770940863,27.158856120373482,97.06003797710372,210.3959607096209,standard
21,94,610.6945196109425,25.329160851725003,98.33611461664532,202.4090218310619,standard
21,95,613.865846463811,24.12579035439788,99.15576829450964,211.31514034908452,standard
21,96,614.9642986984583,26.267512872082325,97.51589810694337,210.92155876515392,standard
21,97,612.9935998728859,26.552267619928234,98.16741649885218,209.0766298523823,standard
21,98,607.9218873485049,25.280725521734855,96.04082937869809,202.74794142785342,standard
21,99,608.8019093414572,23.8943771090544,99.20009499187626,204.0884469413167,standard
21,100,615.3630277295964,26.363672647838982,97.14634092374918,204.98675328275763,standard
21,101,613.252667423808,26.246614826073568,97.19742126793771,193.7657102077083,standard
21,102,619.1309491771891,25.674323260098593,97.9574216698089,198.5745636318574,standard
21,103,620.3507544972272,25.138620911478476,95.82524119848955,192.47152204497846,standard
21,104,615.9998866515432,27.78146839577821,98.47309361816525,184.4501569978078,standard
21,105,616.4991214836676,23.08704638948498,97.64503179378502,200.59084707447605,standard
21,106,615.7792671759235,26.443981577494753,96.89363889294023,190.07779040629376,standard
21,107,617.3451173559644,26.188591998346745,97.72029170928963,192.43186532740384,standard
21,108,613.6169306805352,24.94413532913449,94.8959351749443,198.56254671977217,standard
21,109,614.976631941423,26.878574190081647,98.51322989174453,188.18597834351056,standard
21,110,614.6175675468565,26.46783824764468,96.72943270041999,199.43775675127924,standard
21,111,621.3474617822823,27.28087541590675,98.11941376899686,188.10890493716073,standard
21,112,617.6974937015653,26.418486355461305,95.34963161742036,194.01937370896798,standard
21,113,618.5450962019696,26.798073473423663,96.60753215068783,179.46892564546746,standard
21,114,614.1675740005419,27.176153170114024,96.0508873327255,184.91143479391255,standard
21,115,616.9360318056627,26.21753123098289,95.58208167997594,176.93821184537313,standard
21,116,616.9604451629654,27.578608547610283,94.87636585778004,183.87976087450087,standard
21,117,618.3934297580746,26.030419596270853,97.91214181154808,181.07142315480797,standard
21,118,617.3962209346305,26.91873049940202,94.68922557740893,187.04376035842023,standard
21,119,614.9834436947423,26.903479484594264,97.027661001278,188.30451713072267,standard
21,120,614.7602031543095,26.75351641440557,97.78241863000716,182.31856939637723,standard
21,121,620.1635140771548,26.20886826422383,95.99079047007345,178.16082283809786,standard
21,122,615.726315727971,25.645430374326093,95.8295014412364,184.77144099792216,standard
21,123,618.6275203966816,28.754290913573374,96.48902091422953,173.1764613520602,standard
21,124,622.4328570396951,27.652326140667896,97.2418388324274,170.65835914439714,standard
21,125,621.8662688688435,28.568889275544198,96.53976714435653,170.9653895709511,standard
21,126,618.7619735138621,28.171291147238243,96.45457001993653,177.00541369053883,standard
21,127,622.0867377229587,26.97155334662808,95.03492437903986,172.81230599313878,standard
21,128,618.2107705233905,28.46584641315615,95.08550161034118,177.1019093708884,standard
21,129,623.4108363286404,27.74030496426229,96.1907361255813,167.16226749384924,standard
21,130,617.8720173030778,27.39166331935432,97.54294006783792,169.64064607094613,standard
21,131,615.6834811300799,28.115354342112003,96.89629012462227,168.87294315339201,standard
21,132,624.2076403191809,28.6975086672659,94.99087127011215,165.242835938018,standard
21,133,620.6286788442738,26.313810761973393,96.34635673747061,158.19208786372675,standard
21,134,623.1703003666936,28.947273684791707,96.48478136091508,162.62060817823846,standard
21,135,620.7606084738406,27.586622512485352,94.91918472254994,163.30628494114293,standard
21,136,622.4947966094762,28.20381419283176,97.37070992413443,167.82890269740136,standard
21,137,622.5260724417168,26.611073450554393,95.60484146984473,157.67813794782901,standard
21,138,620.1509913611284,27.586723876076846,95.48239504694206,167.30581366186925,standard
21,139,622.2757497870175,29.347114428981634,94.22931689098401,161.2898734830783,standard
21,140,623.9001149441898,29.906295914887153,94.2519116103075,158.24258181919416,standard
21,141,624.2526800220143,28.267721687188555,94.85958232583027,151.25000410751997,standard
21,142,618.4538953960105,26.831098331436273,95.79846045683402,162.4815509288933,standard
21,143,617.6670757232743,28.83772974121105,96.55527102944586,156.98645836575824,standard
21,144,616.7679171152483,29.026211554662503,95.62535305523554,155.21747675699572,standard
21,145,620.1094882627186,28.786787426274046,96.15981790844697,166.95324067167925,standard
21,146,622.2369962051616,30.27114116001267,95.97775508342689,153.50235836176122,standard
21,147,622.4956425831339,27.598263630307493,95.89586027075204,143.03967467589314,standard
21,148,619.6120009263344,28.989843093133814,96.75398227317885,159.15312198499197,standard
21,149,621.6403602610773,29.09571731953044,96.51436246958203,144.35253213903542,standard
21,150,623.7142425159465,28.172107132634192,95.32817495532328,147.7048837475284,standard
21,151,623.9560743811444,29.610303674009092,96.3610786773974,150.74099414232225,standard
21,152,623.3149613099066,30.9740238004386,93.91564092980282,156.4780493006462,standard
21,153,622.0805342733948,29.750891586368304,95.0843403194064,143.48729185224187,standard
21,154,624.5537315783827,30.282128308614446,95.8530079549674,143.2894210665856,standard
21,155,634.084050188447,30.498573670866254,96.28334230420725,143.235178846289,standard
21,156,621.5245026351329,29.08016092415706,96.40140654439247,139.04697831462087,standard
21,157,620.345388505637,29.959547533361018,95.60919644464212,139.14843231054553,standard
21,158,620.4263892647543,30.917896993368434,95.61700442529957,135.18232068135984,standard
21,159,619.9691233917531,29.17848802754953,95.96284180699763,143.9750440105414,standard
21,160,627.3950356110037,28.109650192539203,95.42384668977967,147.1295516616068,standard
21,161,628.1484051914283,30.018909981412687,97.51801850865388,142.0464255820793,standard
21,162,627.428239898524,29.764447918775506,94.35902470715571,133.62395399610628,standard
21,163,624.9948456443833,29.568497993149794,93.34141433008652,131.8710320753713,standard
21,164,623.6447892778377,30.567279375937158,95.06392611383792,135.63967894749743,standard
21,165,621.78926211899,29.923166080062096,96.36910102744598,135.77787556379278,standard
21,166,620.3780592555544,28.70847720569547,95.60878887722315,132.8784226238869,standard
21,167,624.8262593096894,29.407265824985245,95.49341221219991,131.49541143377326,standard
21,168,624.6401603348143,29.228776608336872,95.88169129814277,130.89433604191788,standard
21,169,627.1736409993593,28.94640843596598,96.66388313837861,137.3868701925661,standard
21,170,619.7706069910232,29.39806252493629,95.37763439100989,123.40135671925498,standard
21,171,625.25521775351,30.686631785976793,94.68527408802052,131.69419351768548,standard
21,172,623.7200102861943,28.07581845783188,95.82211531216507,132.87907326801266,standard
21,173,633.460909926865,28.17281348206569,95.56083210934682,117.15658930958307,standard
21,174,631.369479845026,30.927866833696008,93.82807115232374,129.90111237300718,standard
21,175,624.5908649768492,30.80041609955127,94.95596071620908,133.72084068073647,standard
21,176,631.8447777302595,29.962734626726498,95.77810561799603,125.77420077785149,standard
21,177,622.3119537989792,29.92377161962782,97.02614609959963,124.78927200552327,standard
21,178,629.6993387385526,30.467955687633008,94.12005808528066,122.13632253817238,standard
21,179,626.0516878342613,29.246747068968403,93.62667454254597,124.53942257206116,standard
21,180,625.8579279326927,30.825704882027907,94.83492305049721,121.5652502440936,standard
21,181,630.5897371839461,29.76130418493147,95.14025272354361,122.77513896759824,standard
21,182,630.2575553370044,29.50708240058513,94.79481921834699,126.5803797319926,standard
21,183,627.1526384425301,31.46349470196429,95.29039559458519,111.8726507780087,standard
21,184,633.1014741869999,31.539500796968902,94.99950281419343,107.68986310994732,standard
21,185,630.1336343946399,31.60641034137914,96.07419132772206,113.44367392847823,standard
21,186,624.9370250112047,30.477761005225666,93.9150217649927,108.40576740934313,standard
21,187,631.9204800712979,32.54769786293166,94.19420829885995,111.03620038957904,standard
21,188,622.7535542600422,31.975961255303606,96.01344010882585,108.81402641370222,standard
21,189,627.9996464226708,31.77429146131573,96.0544183606099,111.99888110917547,standard
21,190,629.0862897480796,31.5793185011598,92.87496749309632,102.76604673085068,standard
21,191,626.2260144926554,32.47289057403737,93.934642929454,106.35197975598854,standard
21,192,627.1584761875687,31.382343121527324,95.94210793410164,107.24401307151439,standard
21,193,626.5911077838755,31.60524562908163,95.96508360576154,104.48587640532192,standard
21,194,625.5569849747072,31.139008730269584,94.30876373634844,109.4412047541267,standard
21,195,632.2706507360467,30.654282726037675,93.19915466554093,103.38368870306255,standard
21,196,631.4534790740906,30.499992102347743,93.51267308958231,101.03628135294026,standard
21,197,632.3752465660931,32.34826076066444,94.99371836104993,109.69338987116527,standard
21,198,628.7830497147328,30.69259384514632,92.87903638215298,92.8094621747058,standard
21,199,628.4736995110014,31.55577738516826,94.81755340680505,101.08457108588301,standard
21,200,628.5290146669722,31.884001273839413,92.96102651628523,105.12703285375643,standard
21,201,627.7922533115715,30.920068728064106,94.78788196670747,101.87082104181926,standard
21,202,625.1289438643229,32.97500163471022,93.19840736090595,96.1294773621804,standard
21,203,631.0110603230819,32.766624882616824,94.35547917468752,96.75090834547,standard
21,204,629.3260700132523,32.65222069356545,93.76161216265577,105.02677229562963,standard
21,205,632.5092270299097,31.376584375009642,93.37240004862635,95.24096088629915,standard
21,206,634.7982936452113,33.771105009112134,93.42386527963443,89.33182891705279,standard
21,207,627.8655070763814,32.67242875721578,96.0937843092175,95.69547052127551,standard
21,208,626.4182624199481,31.753995896754002,93.1360857981551,87.88998739942546,standard
21,209,630.1863185251974,32.90939486101994,94.41198116932264,96.45881745458323,standard
21,210,633.0726077191415,30.64584975967116,92.64269541246868,89.20952981570404,standard
21,211,632.0918395673024,33.52141835987625,93.71318417621677,89.25353626931837,standard
21,212,632.5133920894172,32.464978261218796,93.72688513987781,93.62916089505876,standard
21,213,631.698267303648,32.749787273215716,93.5764145952328,93.48886906895585,standard
21,214,628.7758400195117,34.6158468947912,92.40361814548449,82.7288986933612,standard
21,215,634.484214809146,33.93031669547367,92.14650098300152,79.53649068376457,standard
21,216,633.2335284284155,35.304419387763794,94.76626278099867,82.75951475184095,standard
21,217,625.2926125857726,33.101642734421155,93.85229680364655,81.08652429458598,standard
21,218,630.1478280283602,33.239165260321386,92.51773880610605,91.36224330404362,standard
21,219,637.4002343926014,33.79791263159276,93.51971056911933,77.6991795669322,standard
21,220,632.9376384483273,34.83929713520728,94.26865405843664,81.01846139238229,standard
21,221,635.9219230025028,33.805610663380826,93.76627753988687,83.90281629495767,standard
21,222,634.8510829344742,34.17855147010338,93.50138704963452,76.72937088404949,standard
21,223,631.8055113631796,32.712690394529034,91.70482955755847,72.44030026594167,standard
21,224,630.7774394112535,32.93265480401596,94.8422442106383,75.21219022223111,standard
21,225,634.4753006696529,33.77331964451193,94.83758091284237,72.12207273077354,standard
21,226,633.2324337592258,33.45380062822582,94.35653485577477,80.72052846877227,standard
21,227,635.4737514590818,34.85290937406188,93.36766099646898,72.13698376191589,standard
21,228,637.7361722597569,34.1676176752338,92.42446933409242,76.98710469062175,standard
21,229,633.7245221069392,33.4091764772758,94.02300436819971,70.55583929577543,standard
21,230,635.6668756081209,34.4619395840708,92.31705692072761,71.92425282341101,standard
21,231,638.6984193157848,32.90353285626039,93.51990888883122,64.85266132709856,standard
21,232,637.8641930515212,34.931905583749774,92.68567765975091,79.0481432609543,standard
21,233,638.2698759274119,34.68692898513616,93.66061089610614,71.91963454603112,standard
21,234,632.1130727782676,34.234607598461025,93.36319038537734,63.9993196834872,standard
21,235,636.6443858083319,35.33169430043401,92.5282309122341,64.72787849814347,standard
21,236,632.9382441124382,32.3730109901892,93.69893218052052,63.87133102580376,standard
21,237,635.6927382514583,33.23322638182647,92.7044964709638,68.48296894591061,standard
21,238,635.7024640103384,34.30918375805541,93.06752827786342,55.81808935796772,standard
21,239,637.7247613923071,33.084801885084175,91.89038441872097,55.75392615496418,standard
21,240,635.4743251001083,34.04754729646214,92.79877496169175,55.47371920111778,standard
21,241,639.1664859609191,35.294027568726335,92.59618648710827,56.60816641706031,standard
21,242,634.5619275199643,34.209855004989315,91.33975477124882,53.201963438940794,standard
21,243,639.0303611759549,34.881812486075866,94.34427448597654,55.504024249153396,standard
21,244,635.5154603186794,34.232101075456356,92.36083551678183,52.70022993426701,standard
21,245,637.5629646440616,34.72910406714841,92.14008549816174,61.25574456509451,standard
21,246,642.5897487674589,35.9265772055734,93.1781240130834,57.80884863131887,standard
21,247,642.619246553479,35.580319315759425,92.00481414740072,54.96136263325274,standard
21,248,639.07873279819,33.885282725964075,92.27506918135683,57.50195912027733,standard
21,249,631.8795217948513,33.689571454959406,92.35359294637168,52.76839797752852,standard
22,0,595.9271026651533,19.87321074833406,101.15376853908856,150.3432572853714,accelerated
22,1,603.1172668308933,19.527885878664996,99.13008314321081,153.24436915142525,accelerated
22,2,601.7077966039686,19.054403992225538,99.07915908383721,155.82290620528707,accelerated
22,3,598.126334341592,21.294328746726,99.3418133027663,146.98412071616434,accelerated
22,4,602.0837778628302,18.379018789500403,98.2972826645727,146.4316650939358,accelerated
22,5,599.3270773086483,21.596581295274625,98.09387911913188,147.82627528128992,accelerated
22,6,597.671336338787,20.36789500585557,98.57562223576204,153.512149402356,accelerated
22,7,598.0815235110899,20.717940304630975,97.85316385197984,150.99785061035294,accelerated
22,8,603.6038472485316,21.09697308959867,100.99431293929172,142.73711220711306,accelerated
22,9,603.3587140684233,21.21172528806515,100.02363432544311,138.5377930803937,accelerated
22,10,602.35713807791,22.010334628457446,99.67737295155789,139.42878042948936,accelerated
22,11,599.0984328269078,22.818050284536596,98.67854589004924,143.93618619209627,accelerated
22,12,604.1272609550642,20.14654947727013,100.53227547753062,139.2727032319977,accelerated
22,13,607.9060360702111,21.37759129926408,99.92405122996705,128.18736444327493,accelerated
22,14,602.6993524092188,20.407006667768727,98.7852161499616,138.3590586975307,accelerated
22,15,602.6862597370375,22.66384209363878,98.24338735644999,139.42618306824988,accelerated
22,16,608.7292714976221,22.933526135090986,98.69581094817023,123.3727320102793,accelerated
22,17,606.8465009902121,21.914765285284695,98.00160705987265,130.21860467564795,accelerated
22,18,609.7032759493344,21.022659799389846,99.38830917562122,133.08979087818702,accelerated
22,19,604.6278370060104,22.924532687313047,100.49224525889886,129.520142480569,accelerated
22,20,605.2704571557687,23.0220649049902,99.718242821435,129.3614639642568,accelerated
22,21,605.383878791719,20.30235347928024,97.96199108763344,123.30344163966225,accelerated
22,22,608.6538749889357,22.39609705139916,98.39697839446107,127.9547186818851,accelerated
22,23,604.2894705896238,24.313247186688752,99.91819391169662,135.09053391523844,accelerated
22,24,609.2502516937167,22.85052188497806,100.17472930300688,122.5951658204351,accelerated
22,25,604.8863730629009,22.39848848523014,99.0228712669143,121.18947403306164,accelerated
22,26,607.3338810353459,21.518144706115226,98.92109766542825,116.41448316408446,accelerated
22,27,605.3035168354039,24.457167134896647,99.56031831698611,124.8715654477325,accelerated
22,28,609.2269907452056,22.82904035284574,97.5470963362578,120.1887915112131,accelerated
22,29,604.1590374766131,23.732448554953663,98.30883112480842,116.33289366644867,accelerated
22,30,613.7060457565241,24.20691371028705,98.89184180400886,117.56330036980417,accelerated
22,31,609.296009765921,24.347372670187422,98.29278236710023,127.00950392384937,accelerated
22,32,608.9886372917498,23.33543946776389,98.71425287647142,111.67676363856744,accelerated
22,33,612.6728907969243,22.659288199408017,98.65858466605854,113.75863222913668,accelerated
22,34,611.6297524409503,24.987342946061016,98.11342119550392,110.0018952417966,accelerated
22,35,607.8096742664785,23.47134085896622,96.00499310640222,120.63738929365965,accelerated
22,36,611.1303227572689,23.184481954811005,99.29567485745837,110.49335949930918,accelerated
22,37,611.8517174672246,23.6147294548038,95.76173984667098,106.1777972057437,accelerated
22,38,610.0545287074007,25.45829687120605,98.06653314681924,112.70102563085622,accelerated
22,39,605.6699171317654,25.950086147680096,97.88367969649555,110.4029116505392,accelerated
22,40,615.3972693299667,26.047496723568273,98.75459024760919,108.76456751648357,accelerated
22,41,609.2895703176474,25.908922917142075,96.17494555692959,118.73628369332141,accelerated
22,42,612.6839986355837,23.979115744300415,96.2481314458434,101.61197587971971,accelerated
22,43,613.3210887201625,25.15360767994021,96.1840778264908,105.2177210672205,accelerated
22,44,609.0961938417261,25.869301805944175,97.30540673388728,104.10798747041277,accelerated
22,45,609.6356678097974,25.099844399777233,96.88527211865367,106.58863350604798,accelerated
22,46,614.3010539343509,26.312060102079343,96.75542345649494,94.69794248901752,accelerated
22,47,617.0732786297941,24.70396748695182,96.07308294698475,102.78441727443123,accelerated
22,48,615.3068115388635,25.229163594285314,96.58130731853188,100.04486841117223,accelerated
22,49,618.9496210529795,25.877321912441868,96.09203716053821,96.21108321548516,accelerated
22,50,614.2473474612528,26.237857934028007,97.48398016196619,100.62079301923607,accelerated
22,51,612.7743799472487,25.696058700439217,97.67390788186462,93.26954019773453,accelerated
22,52,614.2027398207676,26.837462857881356,97.75528142663518,97.03542314454309,accelerated
22,53,614.6663795682875,25.03788205855626,97.34563992272709,103.59389842573394,accelerated
22,54,623.8954621757991,26.866446183518047,96.70912034835602,91.40094693424547,accelerated
22,55,610.8634292587706,26.776959249739836,99.0503391201543,101.35406114828456,accelerated
22,56,620.1496928073414,26.965602817057913,96.99952316028032,81.88126340861011,accelerated
22,57,619.387531742292,26.260659430424184,95.87827265340411,91.38371523475696,accelerated
22,58,616.3289865316469,26.242364408028337,96.53387207217597,89.20861201895974,accelerated
22,59,618.0009688672685,25.592822185449965,96.24594222936797,85.51852205156874,accelerated
22,60,616.0756520445065,27.34339884303353,94.79600238524505,85.88796311363932,accelerated
22,61,620.0068931545089,25.9068221581342,98.1178671402788,95.02203978065323,accelerated
22,62,617.1164187466431,26.652790312214933,96.48193990333549,80.7626887148642,accelerated
22,63,612.8935718255027,27.100664875947434,96.08595123349781,87.47213612176765,accelerated
22,64,617.3557781516464,28.953946729474946,94.66486034151612,80.3086893252095,accelerated
22,65,620.9599078684345,26.63835261436286,94.89967954780268,85.61677396103582,accelerated
22,66,616.6394321390519,27.786915572079316,95.34014344034225,79.6916814831363,accelerated
22,67,613.7930838259653,28.179563152821338,94.73281000788708,82.1587889823474,accelerated
22,68,618.8636853049543,27.95349194130012,95.77032462598675,82.96814125459132,accelerated
22,69,618.5167220955257,29.52269647927337,94.01259993914442,79.86704440736385,accelerated
22,70,623.5086929292326,28.876772553002603,94.8251644234714,75.95877253505988,accelerated
22,71,618.2796223220201,29.119227630664394,95.00007627148449,80.27561544061724,accelerated
22,72,622.3929042422279,31.008393468235372,95.99325125980171,73.94427992624769,accelerated
22,73,617.5195492138008,28.48414728536225,95.50091415757268,65.94650236304722,accelerated
22,74,620.058437519121,29.177352542827556,95.02764432973383,80.84311892852918,accelerated
22,75,617.8249306658385,29.676882820153217,96.41388974152595,79.78248237920768,accelerated
22,76,618.1024308460368,29.434552795857385,94.77124588147848,66.96928779008549,accelerated
22,77,621.8583968250789,28.33502200809919,96.30075046816387,75.56531671506785,accelerated
22,78,619.9426665956734,28.635778686169072,94.93930257438338,71.63797426341051,accelerated
22,79,626.7191348244114,30.170782326480634,95.31139196897485,69.69675575052538,accelerated
22,80,618.6799378961775,30.89199762612606,94.75290340213435,77.77420120213128,accelerated
22,81,624.8883278763955,31.74528420862144,95.74632153336631,61.8399018438956,accelerated
22,82,622.7567535592163,29.670865039328035,94.20621711289168,66.11469591408978,accelerated
22,83,620.7991825242536,29.965721281099125,95.25741194901093,61.97945296396941,accelerated
22,84,631.0207628804458,30.143513261280457,94.14325913387708,57.85230350017392,accelerated
22,85,625.6798286681915,29.93951146718665,95.68304090728645,64.28314867514015,accelerated
22,86,622.2188436531937,31.990718296177583,95.27562487950719,62.72945644200821,accelerated
22,87,626.5939155943493,30.914041956561658,93.35114338610657,63.78847109981405,accelerated
22,88,625.0496295801183,31.067299985629752,93.97981807539372,58.97649072451459,accelerated
22,89,631.6886132956922,31.910912090882135,91.36443882003269,66.78380991232156,accelerated
22,90,626.7790439212267,30.091817937100988,93.59282526429234,55.25441185860006,accelerated
22,91,625.2601921657247,29.79286741631816,93.18540033892735,53.79809924578045,accelerated
22,92,628.5701815651971,31.090090148570795,95.03585645155187,57.66815080394973,accelerated
22,93,623.9799620080656,31.654440923493606,93.41531072112508,60.23307150994467,accelerated
22,94,624.7022399911292,30.592523373596475,93.99860835943208,59.37202400528474,accelerated
22,95,629.0279917563822,31.420001322150924,96.1856687850553,45.81508419387427,accelerated
22,96,625.6848670718983,30.438811521961007,92.46934769007773,50.40240243556986,accelerated
22,97,631.1633074913901,31.04835260148425,93.8469970280137,44.38722586059859,accelerated
22,98,627.010423274519,31.298301284412414,94.76240042254712,43.62541801040889,accelerated
22,99,628.3349737628366,32.96681803006889,93.61491671437673,40.422192929406606,accelerated
22,100,633.8375273320446,32.734896942538334,94.86939717507879,41.28108176627303,accelerated
22,101,634.8373671775416,31.3467239148888,93.43056105577976,45.48611417003998,accelerated
22,102,633.4408115458657,32.06020164749471,94.36174103258762,48.37950511442184,accelerated
22,103,630.6148739889212,31.413215936253803,95.63214058730776,39.68303185747386,accelerated
22,104,632.4367619221041,32.856656592107285,94.91435628615243,52.94045016189639,accelerated
22,105,631.0878342017497,33.13039430592475,95.46487371045251,44.67411616538874,accelerated
22,106,628.6006995748045,32.335531887300576,92.33535400138554,45.859084054973614,accelerated
22,107,635.2933686244219,32.71895850793246,91.95903995054636,48.10825417528839,accelerated
22,108,627.0711031153027,31.41404522207696,93.34166161250528,43.2589262283775,accelerated
22,109,633.9667424962751,33.013860447953526,95.22004376513486,41.32584170541601,accelerated
22,110,636.1040043052589,33.9869545640947,92.10712626779548,39.15134756357239,accelerated
22,111,639.669961539843,32.81564914605974,92.6653794756433,39.852877907385114,accelerated
22,112,632.1944402122199,32.64629542049776,92.79671660570241,45.16004835684313,accelerated
22,113,633.4901439255673,32.23192496724529,91.70825346191184,48.03402466027235,accelerated
22,114,633.5299968916977,34.114578500965415,92.38862277366039,37.60492984635708,accelerated
22,115,638.8779889548046,33.14773681625624,93.55858677994858,27.97126862054806,accelerated
22,116,640.8685983551003,34.188535930244576,92.62720615564771,32.51062938356918,accelerated
22,117,633.569885476457,33.581094835876506,90.53250485765034,32.51017133951622,accelerated
22,118,634.9803639581828,34.64866153726047,92.39685625355848,28.144818429294887,accelerated
22,119,635.6766751666411,32.667631881909514,93.00342318753458,21.690903702391395,accelerated
22,120,639.3624559464923,35.08426995566077,91.87381412357598,33.30569006669018,accelerated
22,121,636.6345426727617,33.51098976891514,90.7171238427709,30.582178417132262,accelerated
22,122,634.2171544585949,35.73496956969608,92.69403373388185,24.502086517513415,accelerated
22,123,642.2935161992714,35.336446492603,88.9649134848959,24.568041156045666,accelerated
22,124,633.0477330239628,34.08020206227969,92.41526760108147,27.77024254293773,accelerated
22,125,638.2840972263407,36.0778730765648,93.13659837750866,27.873734645627525,accelerated
22,126,638.4044769693998,36.4067988527259,92.12372345680907,22.548483656324045,accelerated
22,127,632.3832799410824,36.29616404381004,92.30307424422084,37.66802853085636,accelerated
22,128,637.1834019247126,35.44857812941674,92.86650495360841,16.490500135056436,accelerated
22,129,639.7756431416377,35.51466143205718,91.95631181032317,26.863019793715033,accelerated
22,130,636.288753846268,35.87490211308222,93.65466429138505,16.466891220218507,accelerated
22,131,638.4093420519231,38.06530456347183,92.61439106515606,16.469012616786912,accelerated
22,132,642.0078742802355,35.27190644840898,90.51508407583992,24.86181972632585,accelerated
22,133,636.590822207607,38.41171262499729,91.53066762453778,27.666323407809276,accelerated
22,134,636.0939867944398,37.10549358626625,92.45972627298465,20.18873112777576,accelerated
22,135,643.4040681200288,35.70225485771883,90.591156157997,14.74541134830391,accelerated
22,136,641.4690907727554,35.848155378844496,92.11755397015986,15.6481276558737,accelerated
22,137,638.3699206603684,36.834971281690464,91.51278797630536,9.500095498983145,accelerated
22,138,643.7621254146719,35.78300878830646,91.26333241009527,12.360254250933279,accelerated
22,139,645.8229348619627,36.8727840777243,92.18828833247467,9.511787320017518,accelerated
22,140,641.764531126871,36.7511227664804,91.89330623601703,8.5201621347587,accelerated
22,141,646.3199996564285,36.54683376149786,89.83275886479464,22.713983021850098,accelerated
22,142,641.6178939271688,38.35316978709135,92.88479084195976,12.72607156125191,accelerated
22,143,642.3059183412078,37.44668481987434,90.14548979069508,16.95073886909138,accelerated
22,144,640.644582005452,37.02609903725912,91.45898648704025,5.462801225815199,accelerated
22,145,641.5293801531199,38.794339052054696,92.25027928348828,6.610236021628466,accelerated
22,146,642.6013408320097,38.58427587184447,90.77553136722243,11.851959201689079,accelerated
22,147,644.4336627464503,38.869781526972716,91.06617967381642,3.357665910204723,accelerated
22,148,648.076263184376,39.95392515180445,92.68036681750489,6.38567309688925,accelerated
22,149,646.4678502988728,37.37305130974037,91.35522974110543,0.0,accelerated
22,150,646.1273464010543,38.44005066069357,89.0391548585318,0.19369304595853448,accelerated
22,151,646.5446246972673,38.036290142860985,91.29804883885657,0.0,accelerated
22,152,643.2724070833192,39.27493816316394,90.88057166564577,0.0,accelerated
22,153,644.2604365178743,38.379494023276855,88.5179878198648,1.2300596921038318,accelerated
22,154,651.6237985168575,37.41498245078537,89.81966781249044,0.0,accelerated
22,155,650.9216378715203,38.597902682617054,89.4706819791875,0.0,accelerated
22,156,643.7102037590646,38.05115370713122,90.33595890084668,0.0,accelerated
22,157,644.7662828274763,38.91453400022225,90.79503581213723,0.0,accelerated
22,158,648.589145167528,38.5780661368686,91.2402615235526,0.0,accelerated
22,159,646.0663764571349,39.69414769403773,89.62304396030117,0.0,accelerated
22,160,645.6025913974306,39.55274960862552,90.21239085535572,0.0,accelerated
22,161,651.0027472853559,38.705868191133206,88.6399278350217,0.0,accelerated
22,162,645.9748659167161,40.81590841929897,91.53773846750366,0.0,accelerated
22,163,647.7766352558958,39.095086924443976,88.88656785455044,0.0,accelerated
22,164,652.1434485582024,40.1838878713794,90.43308885852989,0.0,accelerated
22,165,649.802109642102,37.49615503051198,90.94280269126052,0.0,accelerated
22,166,645.7643026437005,41.53642555749004,88.24383534083141,0.0,accelerated
22,167,651.765515306936,38.800329560647526,89.94214930918989,0.0,accelerated
22,168,641.8608770510195,39.09212377306834,89.30337505773801,0.0,accelerated
22,169,650.9022242551825,40.37354545938615,88.84557837671642,0.0,accelerated
22,170,648.2102201703925,39.1750259929702,89.20630057301274,0.0,accelerated
22,171,649.5820844417274,40.19649733057502,90.43491481091138,0.0,accelerated
22,172,647.5981001070363,41.20345352160124,89.94584964850829,0.0,accelerated
22,173,653.7775159726071,41.21664152730795,89.64872869247131,0.0,accelerated
22,174,648.3450937610942,40.293582721511434,90.52733436467817,0.0,accelerated
22,175,654.7737691020337,41.16975642953687,90.87405655115998,0.0,accelerated
22,176,656.82737966822,42.29099649320427,88.22971088576962,0.0,accelerated
22,177,652.9708802032902,40.633417980880935,87.49138081028228,0.0,accelerated
22,178,655.5243364205537,42.173841269260556,89.10928951942383,0.0,accelerated
22,179,656.5357802336824,41.63463995862635,88.5376663761498,0.0,accelerated
22,180,655.4609541229765,42.27394439035031,90.06540327000224,0.0,accelerated
22,181,652.7702122639027,39.82137865431218,89.88699603835535,0.0,accelerated
22,182,655.8924422120923,40.36432125180985,90.48098084969305,0.0,accelerated
22,183,657.2236899131474,42.07795017089254,88.83055722247381,0.0,accelerated
22,184,653.2858109720516,43.375196176900765,88.97261283435225,0.0,accelerated
22,185,654.3481193938954,42.328339027202944,89.79780528144533,0.0,accelerated
22,186,654.1866703325863,42.34343212714741,89.71342481994733,0.0,accelerated
22,187,657.6160638929753,41.97593746987134,88.45556741825152,0.0,accelerated
22,188,655.8105923263454,43.314693750308585,89.43891383720334,0.0,accelerated
22,189,651.1638170243314,43.50098209241691,87.57645380755147,0.0,accelerated
22,190,660.0784866445326,41.7805732662244,87.8274825243156,0.0,accelerated
22,191,652.3207939158552,41.66371395859308,88.08030185752607,0.0,accelerated
22,192,654.9187641536471,41.881344902677085,89.98999432443193,0.0,accelerated
22,193,659.6555062326275,43.02277482344146,88.70945494885913,0.0,accelerated
22,194,655.211102956364,43.54483599651798,89.05604231340789,0.0,accelerated
22,195,664.3436729394053,43.469859796981765,89.43863894968713,0.0,accelerated
22,196,663.4568487281301,42.794116338279196,87.99890255101211,0.0,accelerated
22,197,658.6396728980535,43.836453379568134,89.76769296822616,0.0,accelerated
22,198,656.1392285504983,45.573463857298556,88.64676421700469,0.0,accelerated
22,199,662.2908897317368,42.55640560798656,88.70538467175689,0.0,accelerated
22,200,660.022295407319,43.924285596392245,86.38233619536695,0.0,accelerated
22,201,666.9155619004772,44.35837740484117,87.76440386533704,0.0,accelerated
22,202,659.4112940697925,44.148579638030874,88.87080285612285,0.0,accelerated
22,203,658.6604377819425,42.10624358463928,86.88350168661724,0.0,accelerated
22,204,661.6757000864059,43.869541734272225,89.91801901085721,0.0,accelerated
22,205,665.7019400605723,44.81975295512755,88.5067740357124,0.0,accelerated
22,206,655.1452934090627,44.70844732102344,87.37777186276617,0.0,accelerated
22,207,663.4788781116476,46.55654031587748,84.90699635611593,0.0,accelerated
22,208,658.6627015076591,45.03177782623769,87.19437871685,0.0,accelerated
22,209,664.7685204849872,46.7161813010571,90.12131865175785,0.0,accelerated
22,210,657.5373733445458,45.75919643407834,89.0104847353232,0.0,accelerated
22,211,668.1190411185909,45.094513329397884,86.73042556022688,0.0,accelerated
22,212,662.6083404378993,46.10309402134034,88.24976777800349,0.0,accelerated
22,213,665.4317780124131,45.805822326675305,88.01442668925085,0.0,accelerated
22,214,664.8317122570019,45.73247805717046,87.37308039597156,0.0,accelerated
22,215,665.7955664803849,45.22539707846598,88.22952342945362,0.0,accelerated
22,216,665.2520575736515,45.22248342936388,87.8553168852079,0.0,accelerated
22,217,662.8335498193893,45.98333845758676,87.60908261924125,0.0,accelerated
22,218,666.8610269034244,46.25253139174107,87.9458195333019,0.0,accelerated
22,219,667.9119678470266,45.69254872514429,85.80193828270949,0.0,accelerated
22,220,671.8609702439302,46.68169591382736,88.92644182752639,0.0,accelerated
22,221,665.5235589885212,46.445943463355924,86.6478259199467,0.0,accelerated
22,222,663.1534551955,47.14133662718086,87.73490071759737,0.0,accelerated
22,223,665.598861279927,46.407344513135925,85.84877070554899,0.0,accelerated
22,224,669.6449623643888,46.00306541812547,85.65780191302706,0.0,accelerated
22,225,668.6495884536253,47.75838871301114,85.61723152166108,0.0,accelerated
22,226,665.1751049499594,47.80776673001123,88.55105797863489,0.0,accelerated
22,227,674.9275676456306,48.06981976749168,84.98696769829117,0.0,accelerated
22,228,670.9919228352355,44.93451710144731,86.96445115791337,0.0,accelerated
22,229,669.8966043723934,47.41827878931858,86.08707341699858,0.0,accelerated
22,230,665.4720605886987,46.91247616809503,85.78340595434784,0.0,accelerated
22,231,667.6295557270288,46.85087075750207,86.89977085912585,0.0,accelerated
22,232,667.9823113896314,48.346278471487594,85.62684210631406,0.0,accelerated
22,233,672.8251321641686,47.35625890683373,84.84758839216626,0.0,accelerated
22,234,666.1096049514437,47.80255149064902,85.67936252068654,0.0,accelerated
22,235,672.0919054912335,48.01731023331868,87.08189645277194,0.0,accelerated
22,236,673.0068257109466,49.51003875320704,85.70828291722925,0.0,accelerated
22,237,666.3793703298293,49.67953774523424,85.63430260027845,0.0,accelerated
22,238,673.6191674594622,46.38021880803575,85.29072577712682,0.0,accelerated
22,239,670.3868344441023,47.96207804905143,85.24384520288704,0.0,accelerated
22,240,674.1464352953491,48.677113958023085,85.32767539000523,0.0,accelerated
22,241,672.3422393953937,49.57343737067207,85.48793645880075,0.0,accelerated
22,242,674.3265483646322,49.53856969100423,85.68552699821646,0.0,accelerated
22,243,672.9911360292389,50.27137608898925,86.8272110214784,0.0,accelerated
22,244,670.9561991343662,49.149214281497564,86.59885603405837,0.0,accelerated
22,245,672.3241389954642,49.05703516355326,84.43478939964626,0.0,accelerated
22,246,674.9304452131223,48.80894164339951,85.84551292023583,0.0,accelerated
22,247,671.429416280333,48.92708158975714,85.61605107477595,0.0,accelerated
22,248,672.9396953011357,50.30444133366901,86.70175415757748,0.0,accelerated
22,249,675.7670096185159,50.71065569129541,84.96485018340117,0.0,accelerated
23,0,606.5965111147839,20.343355348386304,99.766410267722,254.88491403830977,normal
23,1,602.7262065811337,17.561169045081815,99.95726444390888,247.02700266630444,normal
23,2,601.5901170745417,19.96634171970621,99.834823907729,243.68393620269458,normal
23,3,602.8035876552735,21.89504222146873,99.03232805078495,240.01472488426512,normal
23,4,600.8600096594823,20.291344338964738,101.01093278612036,239.85402523810734,normal
23,5,599.3861344749278,18.252296760733145,101.17498363621182,246.25272314161683,normal
23,6,599.8097012580577,19.157728521408824,98.52952394182276,246.07133449895696,normal
23,7,598.0777248631979,20.664005423148566,101.76294486113503,241.2620618852759,normal
23,8,598.7156666680769,21.022007205452763,98.45420825921828,250.599922651647,normal
23,9,606.010859005585,20.555828381046354,98.74270681857578,238.8711506361232,normal
23,10,601.1130031637438,21.183567131707065,100.63963232930111,234.81743684620704,normal
23,11,605.2327286960283,21.497685612811296,99.0522105091934,233.56644052161494,normal
23,12,602.7486981518776,19.90041151629792,100.5436808491626,232.380586139339,normal
23,13,604.2431185794894,20.959383635184917,98.9193751156248,236.48584246840355,normal
23,14,606.0399495089025,19.92774259100621,99.02784344480818,232.24128217656406,normal
23,15,602.8841485993538,20.515319107487343,97.63191875761339,229.7243122653382,normal
23,16,608.1132650556144,21.526728211286272,99.57236205380808,232.5869380499568,normal
23,17,603.2451237276724,20.93018807716862,99.84692853104106,233.50404427129686,normal
23,18,600.0861953695241,21.693724503104193,96.82125807672845,234.06929599838892,normal
23,19,599.5719294294904,21.423944913829924,98.0453723968038,231.0141159976655,normal
23,20,605.7348355578287,23.102827085249583,97.65864234498852,234.87736477835568,normal
23,21,604.5934581161324,21.229332847175375,99.91985650505946,227.82037574457397,normal
23,22,606.552591549202,20.767730286872006,98.48700296770372,232.718000263973,normal
23,23,609.0562015707113,21.80496810084715,96.29271107464422,226.00475358695772,normal
23,24,604.8972783534673,21.68722662330683,99.37633856166553,223.61545036201338,normal
23,25,607.5166125820341,20.83328672726896,100.23684870735414,232.75039411980546,normal
23,26,602.4608207858191,21.166400174396937,99.37069531377752,218.06389795128555,normal
23,27,603.922191386693,23.262526956456014,99.65760676447697,232.90098170844794,normal
23,28,606.1123524428007,21.629161997721816,98.93124351165302,221.24705830295682,normal
23,29,605.3903286723905,22.296196291904266,97.90823329115376,222.41108877485323,normal
23,30,601.7740101967242,21.683173392091884,98.68112123686018,208.70223343672205,normal
23,31,608.5069746090348,20.426845490152495,99.42958769089819,212.53595355035918,normal
23,32,605.1852439278895,23.07913064694943,100.91813951947948,218.58225988853675,normal
23,33,600.6521210154015,23.593695132635773,98.44808159514099,217.3495332722941,normal
23,34,608.4735890896628,20.494622043094285,98.64653684773519,213.95153055023653,normal
23,35,610.6655047180166,23.527113763338743,96.97299807721845,221.31312926174525,normal
23,36,608.5485752644806,21.33275840254678,98.61575310349278,219.17413056927927,normal
23,37,603.7578683822798,24.337577335845417,97.00737122587248,209.04386411676506,normal
23,38,604.771387493831,24.41693373158866,97.98898386345081,206.18591498669502,normal
23,39,609.1356326367421,23.78118099059272,99.10753609479413,209.64330417386995,normal
23,40,608.7636029031108,22.549766913770714,100.07480167793574,215.72102579328967,normal
23,41,611.4488704871221,24.07411593457355,98.879733305995,202.77818757925107,normal
23,42,610.2999037087669,23.47426523006332,99.58336408495092,212.03709591191213,normal
23,43,610.2511414104591,21.755775202469845,98.19099946339153,204.21053870048172,normal
23,44,609.5570977725491,23.104451728557358,97.96405422390669,208.29516952453352,normal
23,45,607.7035856592937,23.721591539574014,96.6805881091257,200.8379926161997,normal
23,46,611.1681307016089,22.449807883303524,99.405725077603,208.8719967765066,normal
23,47,608.5953101939806,26.758734105502466,99.36310357784829,198.25360246647134,normal
23,48,611.8385221611002,23.905863066319757,97.3032879091406,196.65045428416894,normal
23,49,612.7846800046651,23.32205453537587,97.93812364496296,196.39487035886737,normal
23,50,607.7555261881042,23.873070799928527,98.38818229272415,187.05820418224275,normal
23,51,610.2507593975002,23.333878987414966,99.36236265345022,213.71376323002718,normal
23,52,609.3221628951388,22.437771439286806,98.03687696991857,196.97285335253397,normal
23,53,616.5140519470038,25.906589343375543,98.74537497059656,194.0665295939367,normal
23,54,612.8332996985424,24.585006359068306,98.08132320329939,188.20885075716066,normal
23,55,614.1853860153609,24.507808328311235,97.69915865245542,191.99921752495587,normal
23,56,608.8191505010399,24.79725858127898,96.01083719814193,197.9474937982502,normal
23,57,608.2376836890129,22.50131931379471,99.54189531592601,188.7095647532721,normal
23,58,609.4335225154349,25.774538331008074,99.53443090051665,184.33499210698284,normal
23,59,608.931495819248,23.837321177839403,98.57480166269565,199.19566063964766,normal
23,60,608.7592423152657,26.21474533796822,96.89096588847129,191.68061451472786,normal
23,61,608.3856389017166,24.758069586418003,97.44888728592728,187.42420846842364,normal
23,62,613.554912943959,23.952969135147477,96.63627670181316,190.1893607247468,normal
23,63,616.6261059929273,25.017186305952077,97.98367077346218,190.7904000514867,normal
23,64,615.2915155659005,24.166475274163364,96.66298976979509,182.54962703028232,normal
23,65,618.7859014026819,25.7081929391719,97.86331572038502,186.83117876591868,normal
23,66,609.2376197891416,27.21819047077704,97.83918753078696,187.61580056327477,normal
23,67,608.1034361332526,26.139643852361516,96.96378754987236,176.3860851263688,normal
23,68,610.7387090023847,24.175105791546635,95.99821580488539,182.30273910182106,normal
23,69,612.639711633805,25.854069362161386,98.915975871068,180.3524814318633,normal
23,70,607.2653321181248,25.358041788452184,98.39339443639787,179.57030263751585,normal
23,71,618.7879919610751,26.13294159313782,95.32173026560261,179.5479112521918,normal
23,72,615.2910038827941,26.840355801273645,98.93963657161157,182.53862759854348,normal
23,73,615.9214393921617,26.516188271578347,96.91199319355043,169.68561081596286,normal
23,74,614.9244882586686,26.285290327458906,95.83634237408808,182.6331081974997,normal
23,75,618.0162330464473,24.62823858471213,98.36583228878987,173.45842815395076,normal
23,76,612.864525304645,27.159277692746528,96.90894558723994,183.49592660418435,normal
23,77,612.8413358683397,24.428342476027346,96.63956171883386,176.94611249530237,normal
23,78,612.8185710433934,24.90989961720012,97.10892740270275,164.6815639491624,normal
23,79,616.7200780988402,25.979376948771822,97.33446648835238,164.08085598037698,normal
23,80,619.8944894543317,26.216965515006308,97.56352266790482,174.79937730642445,normal
23,81,612.7276651429022,27.362257509608078,95.33493322485567,162.14931128620054,normal
23,82,622.2919977079653,27.671853368796626,98.79366417543375,166.14892984696044,normal
23,83,616.907285992234,27.167354746752363,96.66780443340612,163.26931989652047,normal
23,84,614.1117459063598,26.933862232828947,95.5731401583377,160.52568253816574,normal
23,85,618.1807160334638,26.704840648514384,97.53720627058168,162.8754429495858,normal
23,86,615.4562321500734,27.30355339603547,95.74797512544617,160.70936137221656,normal
23,87,615.5446368288617,26.75029789370445,98.29243654329589,156.11605587521422,normal
23,88,621.4865227463524,27.777786756289917,98.04697884737,177.68343024161138,normal
23,89,622.0943590623635,28.04566694790786,95.12750364837498,155.06888869244477,normal
23,90,619.0805705530956,25.501923852080434,97.01543925129123,149.32539054619494,normal
23,91,621.6567001566939,26.958299688066404,96.48659694547018,155.25813851789758,normal
23,92,612.7044207693323,28.594695279194262,97.6557013949547,156.2425611739815,normal
23,93,620.585788694202,27.049108579789596,96.56848984426625,160.79569599460055,normal
23,94,620.4652547737215,28.860969613409345,96.75888067570533,156.14042308519296,normal
23,95,616.7157430963678,27.12149461967608,97.01005139672502,147.4908674054294,normal
23,96,622.5174219102385,27.398856273985466,95.34139409559211,148.50637911609266,normal
23,97,621.4231033569451,27.745358646196685,97.70876522322982,146.6846217473704,normal
23,98,617.8655091308144,27.747778841872588,95.32814325603006,152.03059332070902,normal
23,99,620.7585022992465,28.40448423912974,97.54616713088447,144.4826378560921,normal
23,100,621.0132809598059,27.353057180411835,96.43001338002358,152.15666093176523,normal
23,101,617.2392418503031,27.178847657365914,96.47164306346957,149.11702255372066,normal
23,102,619.7411344778052,28.817986829774977,96.65171847586214,145.35184943649148,normal
23,103,618.0438405870725,26.97808102316236,95.91345412020148,139.88419861425717,normal
23,104,621.0982853746871,29.536836791424438,95.48654022971373,143.31897859729918,normal
23,105,626.9935343208814,29.909701819187646,95.03540212944458,145.69506590529488,normal
23,106,622.1860347270443,28.68366042272618,97.5746734477128,144.4361494620971,normal
23,107,622.111704626893,29.248662295146417,96.90991971604767,147.68449597152053,normal
23,108,623.2142543589349,27.081300194606094,95.19186227594157,146.09710603602636,normal
23,109,622.5511960918378,29.54612863382295,97.52716606167125,135.11518397470337,normal
23,110,625.4137305244137,28.46963653750637,96.53534981927473,139.79389628315943,normal
23,111,628.581013616679,29.01008693626174,94.91948577564402,141.09937311395885,normal
23,112,623.3718283421548,30.09809709411045,95.96805279860492,150.3753231958465,normal
23,113,622.2657875937932,28.940380050219524,94.87611394994696,137.4283416917709,normal
23,114,623.4931773632488,29.40121052995588,95.507187675494,132.9508939163635,normal
23,115,620.3550046157529,28.824826275164448,96.54153766023512,141.7839984274574,normal
23,116,622.9691063906787,28.338417033532576,95.2788263896832,144.4583271763504,normal
23,117,626.3969035059498,29.910742691532548,96.28268491705256,140.70283305670657,normal
23,118,620.1414013953587,29.04796013130288,94.75127836716318,134.93557198535493,normal
23,119,624.2803326719187,30.27631129068941,94.73311265013277,137.8597602533958,normal
23,120,623.791998875552,30.294545551958183,96.39540649892294,135.57562157747483,normal
23,121,625.2824852252054,30.499346906382545,96.90166066397228,131.56800616987348,normal
23,122,622.2110607938152,30.34305073096389,95.08271878198042,116.25999432797828,normal
23,123,625.9859940711093,29.95665065001561,96.23641777149744,123.24953171255846,normal
23,124,620.2828710128621,30.088680859410513,95.42017738760543,126.46916472692784,normal
23,125,625.0621260510562,28.931273045793674,94.86108286302508,123.25797085247792,normal
23,126,628.4181262223024,30.459325364030615,94.68200287825479,132.61942438211383,normal
23,127,624.593276971355,30.717786723886167,94.75307866641072,131.15576257514002,normal
23,128,625.8605793274409,30.356414227890674,94.74012964122728,122.98255963000608,normal
23,129,629.3986135159437,31.165843844684687,94.86807618111618,129.50662553228327,normal
23,130,628.6189569240277,29.96181888080265,93.41965164626606,117.92493099101715,normal
23,131,627.4400463356508,31.07720037063143,96.11913768330203,113.52727012440499,normal
23,132,625.0825339981595,29.38235733012549,93.38120078842056,114.86090627023341,normal
23,133,627.6998367328821,31.411394434890315,93.73164589337833,112.9536204030638,normal
23,134,621.4605304740296,30.934352208276994,93.90786109802926,124.31515689105923,normal
23,135,628.2294263989488,30.628554256543225,93.95888757245554,107.52664889902886,normal
23,136,623.0963846691637,30.257859045427868,93.8610971179757,109.00414078577003,normal
23,137,628.531284182327,31.47426559241486,94.06136760269827,122.67576134132659,normal
23,138,622.3598119004517,31.098163898972263,94.26141979591208,109.24649559016372,normal
23,139,625.7070114619607,31.113040117087642,94.21447217267827,109.0406173644372,normal
23,140,624.1038410950318,29.581888182189505,94.11148352480444,107.98951947751735,normal
23,141,627.6088894191696,31.171378202110493,93.83749765811719,107.93796288090897,normal
23,142,625.8394150756895,32.88394580916328,93.52025985185003,106.1450964526733,normal
23,143,626.4286336326584,30.699418459795098,94.30464156663795,106.48882895058495,normal
23,144,627.4216188288743,31.23652400844569,93.52018644900673,108.00862818863081,normal
23,145,635.1655782277721,30.725158722766782,94.5939632237346,105.22474478510355,normal
23,146,631.2058892743978,32.37679296049607,94.36541269721866,103.8008971194245,normal
23,147,628.0966494010546,30.995039646891367,94.02315433904822,96.57705584291159,normal
23,148,627.8184320296476,32.946853624472574,94.17851222107969,106.46332209467775,normal
23,149,634.2089316599752,31.742970544085185,94.24732583419363,99.49077052923622,normal
23,150,627.5621827185731,31.047031740667595,94.8431503725965,101.04313640242825,normal
23,151,635.7398092162432,33.05205201292389,93.22878701046362,103.20171090113385,normal
23,152,629.4847733826932,33.37685970912901,93.43366612275697,92.73787019878664,normal
23,153,628.2127347688158,31.495335097585087,93.03974823538132,94.13695862197447,normal
23,154,633.3700756109756,34.11604420826618,92.5098104844465,102.31756521416574,normal
23,155,629.5668888520767,32.74788253120223,92.1458539694267,97.62017508672427,normal
23,156,625.1840628095518,32.79393507231017,94.01725604702933,94.95503817147734,normal
23,157,629.1952695481012,33.109526674429645,94.11108150941672,91.9502360817944,normal
23,158,633.6155509215256,32.544395853434494,94.20877715890877,91.37060336302955,normal
23,159,632.4501059733286,33.294722941075264,93.24208742638197,84.83081706872902,normal
23,160,632.8282370166445,33.98939137861293,93.89915097295744,91.59071157348187,normal
23,161,632.0734716805101,33.6191186527732,93.37406458386207,86.7305060943657,normal
23,162,635.7158947586246,32.429461681707316,94.40947094645175,93.52967730978854,normal
23,163,634.3004507961862,31.790764480427367,93.5071549092225,85.99000001470691,normal
23,164,631.312002233994,33.26275158734643,94.20920634749754,83.70723669934401,normal
23,165,632.485851977179,32.958941066168016,94.56387104554432,83.71449691094706,normal
23,166,629.4967830267149,31.706565161009486,93.72272956656597,80.19659130057049,normal
23,167,635.4061735158174,32.02878001149287,92.78108783338939,76.34715575239926,normal
23,168,634.9038321466468,34.08884754062465,93.6186251576366,76.57031839798078,normal
23,169,631.5627087676679,33.75431398861156,91.55225859187563,79.79432527806048,normal
23,170,638.5507160600076,33.420044450819624,91.71145536096805,76.96295376161932,normal
23,171,632.3079230229673,35.82030877983656,94.8256790805139,82.6546771705079,normal
23,172,633.3707722077758,34.96062966097972,91.98654036094955,83.38287657622129,normal
23,173,637.3839206122601,33.68865426535072,94.21918631335078,74.76389435268075,normal
23,174,631.0047432057053,34.897965012999926,92.95475707086054,79.00890301649333,normal
23,175,640.4626597746782,33.2777459276037,92.85662049516003,82.84817252288858,normal
23,176,637.2061951925659,33.3802172557954,92.00498229646051,71.35959679948327,normal
23,177,633.1847558855914,34.39734811948953,92.9984345071976,74.39618877137676,normal
23,178,633.0775615953207,34.16916609247475,90.82430022604377,72.72503158680684,normal
23,179,639.3263219348676,32.89525409065382,93.32342823064747,67.94492824119719,normal
23,180,638.4075034610801,34.55864745121228,93.20470411266044,70.3241194937772,normal
23,181,640.1849954191531,34.8274104776951,92.05457628599756,69.49357526160502,normal
23,182,635.2933568711019,34.72239990651959,92.30023028763318,64.61594632226843,normal
23,183,637.1978166382454,34.69578962861655,93.74395584504586,64.92522060433593,normal
23,184,630.857438457514,34.35612920153669,91.01356924108342,68.07835987048288,normal
23,185,631.9783062149536,33.811628937585894,92.23766554172514,72.71975302380572,normal
23,186,633.9813296528553,34.89240498314659,93.13997657695727,71.42030276610349,normal
23,187,639.7333842551642,36.05390695163246,93.38430705885153,56.9543851430193,normal
23,188,638.6790763129511,35.88866095217222,91.52349971032598,59.101200616379884,normal
23,189,635.3904231146188,35.89262298596804,92.37071887967086,59.39577052832451,normal
23,190,634.154990250041,35.13260574680621,91.83241164501526,61.21669782632081,normal
23,191,634.7710984040637,35.4579062595062,91.92104922950118,52.75351537132427,normal
23,192,634.4181478863655,34.1829796119773,92.11360094255946,58.6049771718175,normal
23,193,639.4094708971315,35.74755291772845,91.5214767390208,62.292014540475876,normal
23,194,637.4733234219755,35.97014976005973,92.07584456650618,57.87810615851521,normal
23,195,638.3570158015652,35.99363487657457,92.19261113011967,59.069202853253444,normal
23,196,636.7439448703665,33.91010866410942,91.1866425805659,59.34459207619017,normal
23,197,638.9363235403367,35.85206229554657,91.06636338595362,53.32776862575139,normal
23,198,636.5315620677819,34.96421872494725,91.67751631717611,54.22548628921073,normal
23,199,641.4555427419275,36.499044897937836,90.45191588495562,50.966677498048696,normal
23,200,639.4096544998517,34.467817583918546,92.0159837667222,48.74786391281619,normal
23,201,641.7345770163537,36.1612470762398,91.41067946971674,53.62881225228489,normal
23,202,633.7362994976746,36.09573487157039,90.15674906800807,43.4390336439694,normal
23,203,642.1744411090281,34.9658025195592,90.45628218129606,58.90972491707812,normal
23,204,636.7221328457395,37.97052090308798,91.66779783542074,43.375854392805124,normal
23,205,642.7003591717646,37.7365940755445,90.65393205789167,42.44875105135735,normal
23,206,643.7406092040528,36.76799431242701,92.86191783064139,46.5755597721589,normal
23,207,646.8246720274474,36.73858859883365,91.94181114833096,44.60860686007899,normal
23,208,641.1725334448204,37.48808715880092,91.91704122386304,45.94090004572572,normal
23,209,644.6334995608725,37.148454681560324,92.1417163242342,35.94835106201733,normal
23,210,640.3489392365406,37.643383452990726,93.0236311818185,30.297848872458196,normal
23,211,640.4964105582458,36.903620602414655,90.68072553791933,34.88740177909158,normal
23,212,643.8247596213814,38.54137596917144,89.48817644367786,37.14761925509152,normal
23,213,643.9898410253712,37.82021397220025,91.79912734306905,45.807012749680574,normal
23,214,642.8867197799773,38.4319927903921,90.79363232965403,36.28991473294425,normal
23,215,639.3618547726035,38.100864440548996,91.27955713735884,36.78910531259949,normal
23,216,642.2598941061448,37.866428501659016,91.75743397385575,29.026742850143968,normal
23,217,640.589697702251,37.33223126965865,91.97957395740666,42.31447776556924,normal
23,218,644.5089725699972,38.447531402488536,89.66714906523583,42.06477924716991,normal
23,219,645.6170586333875,37.47039548884122,91.07530395254207,25.464001010705008,normal
23,220,641.5361396128395,39.510435632133415,90.21099556171399,24.958661210668275,normal
23,221,642.0933385417733,36.481819247038736,91.17530657484551,34.44455256332619,normal
23,222,642.5685230211839,36.38667572023918,91.41186131301465,27.721128311600935,normal
23,223,647.6081736502449,37.385491700697735,90.81984322037333,26.252348177283654,normal
23,224,645.0670123316604,37.52743832264241,90.48535589195399,16.74811157559079,normal
23,225,643.3038383726397,38.71522326808175,91.85024551936888,22.644434882043498,normal
23,226,649.0984579945454,38.051295928299645,89.62215362818405,15.738079717728722,normal
23,227,649.0547737678592,37.78699627473893,89.70593547692742,11.703619142822326,normal
23,228,644.4128516673746,38.64475085899636,90.18230885595379,16.733774199330643,normal
23,229,644.1518726941798,39.563192019144864,89.44701838232481,17.791494847887414,normal
23,230,649.6322732188528,38.89417628942376,90.97912781377896,16.757769322918755,normal
23,231,646.2915144435013,37.942170931546706,89.90061386892926,13.5997126234913,normal
23,232,648.7522867891174,38.499593867783865,91.03451374380269,18.75836592900702,normal
23,233,647.9227564834251,38.38528121001411,90.19834254894543,12.923598353044389,normal
23,234,642.5580925997787,37.597966829377086,90.27458227889979,7.9848025778226095,normal
23,235,642.8531422875919,39.842139892635174,90.82417948485379,12.740816358982396,normal
23,236,654.0147233767137,37.23175028128697,91.53561127646182,13.44266958610292,normal
23,237,649.7551410687385,39.068953717270816,88.64775493775474,13.477302337794143,normal
23,238,648.6066675639188,36.84801470147559,92.4240482938019,13.55603797086386,normal
23,239,649.8159632204095,37.95447061042369,91.13061752214561,16.44752229781528,normal
23,240,648.7607046844136,39.19062844147924,89.50641187510159,8.91896541108337,normal
23,241,646.6639114572222,39.85199563739268,89.5101240748826,11.823253607517787,normal
23,242,645.883043311811,39.09764744583998,90.93604439701281,4.48101640006978,normal
23,243,650.5516094669329,39.99299415767137,90.00904932662306,12.808916006778947,normal
23,244,649.0333530259313,40.62227652658535,92.03346492487718,4.793494891493443,normal
23,245,650.9348649520822,38.962432074677125,89.16718559049181,4.022701713067858,normal
23,246,645.1121991607516,38.7423922203527,90.75143259932106,1.4317549227558075,normal
23,247,651.5315422613655,40.05941193801749,91.97115406201912,5.621686427880229,normal
23,248,652.942654210838,40.24188466312755,90.39139350107807,7.823665210566576,normal
23,249,651.8063923975958,40.13006361295743,90.2456546659297,3.69114655915208,normal
24,0,597.9858794416203,19.2862005338613,101.42540593237294,309.3220683193,standard
24,1,597.3633526247695,19.391005567560295,101.11252281950415,301.667599965712,standard
24,2,602.3292843159627,21.016601294853057,99.69926783825592,299.64984962495095,standard
24,3,601.2065764520943,19.32150839975454,100.2250909432157,303.18855348074834,standard
24,4,599.5976002834699,20.392569248740934,100.08670891601085,294.5766772478236,standard
24,5,602.7807037130831,19.619934368745014,101.18264551869594,298.1310278081612,standard
24,6,598.0896941979813,22.05800968488625,99.98810146126159,290.38526241382476,standard
24,7,604.3636635749735,20.914671519448028,98.01804029576597,290.37169841378073,standard
24,8,602.0372920116647,18.320433322357342,99.8450700853874,292.7898968635263,standard
24,9,597.7995243528726,20.81064488625996,99.73746383912504,285.0435294705749,standard
24,10,604.2586816405885,21.437853794767808,99.41026291314765,289.00709338304085,standard
24,11,603.828791812786,20.459336856888193,97.73909179947985,291.43468278699964,standard
24,12,599.3602220377844,20.330156945582406,101.09787056795147,287.330107629956,standard
24,13,601.9552048076216,21.2896672754636,100.11533394387403,282.4040111631111,standard
24,14,601.9191044533969,20.87615252792583,99.85202689662883,287.4461097045831,standard
24,15,610.0123236863324,19.724140229412754,100.53009162019795,290.9168790291653,standard
24,16,603.8783519217706,20.309684605126925,101.18466803026762,273.040085676299,standard
24,17,600.5001999083465,22.19168219722281,99.11988839657748,290.9823226240009,standard
24,18,598.1645857659648,19.96789810605199,98.92836182987301,284.08699638768263,standard
24,19,602.1839395488599,20.649600747437578,100.85039643109853,288.5672248769458,standard
24,20,601.7568607028774,19.490232192670337,97.24251617081262,281.19645057390176,standard
24,21,605.1178668666564,21.322997785578547,99.29909189291925,274.9772869265296,standard
24,22,605.2649393817414,22.99818537889891,97.12312232266444,277.61249405606145,standard
24,23,600.5389549517593,19.889534005946146,98.18002412921558,278.89836427842204,standard
24,24,604.8148865927735,22.900287761174802,99.28878154714546,267.2088918506521,standard
24,25,603.0354913728721,20.113620927784215,98.043204113578,277.90279529203247,standard
24,26,604.4825427167832,22.147565595435328,98.86250715272827,277.9526478171268,standard
24,27,602.8097913051296,22.736682832742247,99.53463893947153,271.96501564757693,standard
24,28,604.8362791325284,21.662139299025082,100.75610651531292,273.22718811289394,standard
24,29,604.3451619828165,21.5015091429492,99.97318421924501,274.5395666952675,standard
24,30,603.6784751090621,20.644358485377193,98.19803186162164,269.07918730228903,standard
24,31,608.6967825183573,21.609823370753084,98.47587639003443,260.19640343375676,standard
24,32,609.3406243068068,22.48902814598146,99.83600997000586,272.8084402596469,standard
24,33,604.4558093137232,22.064590633747535,100.498601941952,267.8979044465957,standard
24,34,606.862575870192,22.91055071720051,99.62293133242265,265.3591541486675,standard
24,35,605.1483484715583,22.877640437975945,99.72600285993472,270.8411629950973,standard
24,36,607.0532909499295,22.756605613592054,98.47376663321556,261.0942524446405,standard
24,37,607.8918920230544,21.645814931983622,98.86929899688315,269.89511620485644,standard
24,38,609.3617108770353,22.581788830797183,98.5638604201663,261.3831054482825,standard
24,39,608.4529804231669,22.303500722553835,98.27171760698974,267.07887378203986,standard
24,40,606.5448004173878,21.822744179008254,99.27894018893262,264.8560920659625,standard
24,41,603.1269808056367,22.259546086647067,98.52331663241158,261.2614358289174,standard
24,42,608.1960249685795,21.968526088720512,97.24724882409397,263.158993772997,standard
24,43,603.0901641882684,22.851184205043875,98.5780191012693,257.8122195260204,standard
24,44,611.5537019151205,25.678281613621827,97.0465625886014,260.9195307766646,standard
24,45,606.2812566819671,23.74785451371255,99.60726307617917,262.0487240359908,standard
24,46,607.7548947454881,21.870423515044973,99.54764948870962,254.58998788072032,standard
24,47,606.3484703545976,22.34377611929504,99.59633556910514,261.0168474600369,standard
24,48,603.6139423239011,23.50195224247893,98.18761281457736,244.66363800903943,standard
24,49,607.793117462289,22.10686221981044,96.9522467721998,247.09129763887734,standard
24,50,604.4166782462585,22.35331314693661,97.17411592304632,248.02429945686893,standard
24,51,605.5102526157481,23.435613877145656,99.06353898639831,250.3007428838922,standard
24,52,607.0936666263794,22.857572404307685,97.60292501258863,243.93502670295032,standard
24,53,610.0608116042363,21.420297401349536,98.32927506168706,245.38235469219399,standard
24,54,609.8973963041248,21.81498801657765,98.39248070548594,247.71492170679554,standard
24,55,602.535806344128,22.225672027138263,98.2582101531872,247.57073453817154,standard
24,56,608.9474979333381,23.920454252949806,97.24062748735933,236.05624825135988,standard
24,57,608.8035174172703,22.190646761785885,97.4246776739522,247.66139177413186,standard
24,58,609.2672986703006,22.911855094744585,97.56196849535904,245.10460778444582,standard
24,59,609.48591280695,22.325443357677308,96.28217626689906,250.40900916320075,standard
24,60,605.3325623240473,24.127696503300125,99.71069293233818,240.7379878441658,standard
24,61,607.3486899705983,22.233950958304288,96.72998946367997,240.88347424338193,standard
24,62,613.6529289688499,23.32454090329547,97.58427953785063,241.48740545405593,standard
24,63,607.3921582382858,24.054482907628422,98.15180145008551,234.95265970710972,standard
24,64,609.5533855237904,25.60315211464998,98.68453294410095,241.4625040212799,standard
24,65,606.9939169172399,24.995936147607573,98.68902047546898,227.50201951720317,standard
24,66,611.5193722001133,23.446725863205323,96.47419632367438,234.6488786616381,standard
24,67,611.6671277731878,24.171608068644563,97.88086141515424,231.34707330770834,standard
24,68,617.5997640280248,22.897430611471354,98.83292198235719,232.07711485444491,standard
24,69,607.7866004811989,24.091600949371422,96.53706736241139,228.02254796596574,standard
24,70,610.3591970224932,22.64888294140087,98.40638253848806,225.18119479544234,standard
24,71,606.2948371259594,23.179582264171632,100.0459541618355,219.1096792906558,standard
24,72,612.1083692663093,23.568363728980714,97.48987182848244,231.01965464340165,standard
24,73,612.6144561445168,23.699303580838208,96.45217599336671,230.1107048685032,standard
24,74,612.757131579028,24.155030491211814,98.22194438380838,223.77085259512234,standard
24,75,608.7688873048957,24.503962181121075,98.26903274109152,226.54625134776217,standard
24,76,612.92748804023,23.799421126710875,99.30188112475825,222.28809572330687,standard
24,77,611.1932530455701,23.301344090782134,97.49614484370271,225.66118868425758,standard
24,78,613.987531838078,26.24194073718678,98.18023489582546,223.38456597899852,standard
24,79,610.5111146654571,24.078259591766994,98.60024851466815,225.75535175869453,standard
24,80,608.7689618974537,25.52309588715348,98.25038369139584,214.43095557492902,standard
24,81,613.7713704143675,23.810453540518193,95.1407070323265,218.19948793153975,standard
24,82,613.0734441157649,24.804929195116888,100.40710681718798,219.89425614617488,standard
24,83,612.8914254578962,25.40959130331409,97.0686809955999,221.6473953104677,standard
24,84,613.6830058385314,25.35517170389249,96.85587977713307,208.17834836775452,standard
24,85,611.2458417327681,25.382633856259893,97.00530052025506,216.45863583533685,standard
24,86,612.202914369431,25.590579484626524,96.44317587412469,214.96445005942542,standard
24,87,611.1271375609458,23.681717057869363,97.22484587697163,220.68158786909024,standard
24,88,608.8242707764621,25.3993922503942,98.15757706326423,223.50015342572226,standard
24,89,611.87120105266,24.70799939539569,96.16330780406074,216.70258167423108,standard
24,90,610.8977570122828,25.029403568224648,95.45106212262874,214.41985921339264,standard
24,91,617.1247748423341,26.305775063584367,95.66467471864628,212.03575520389654,standard
24,92,608.781988845828,25.57804030206424,97.44507757998379,209.55091609054134,standard
24,93,615.5539095979125,25.571966396440725,95.24757048727145,209.67560504399765,standard
24,94,614.3928244233832,24.737380208628768,95.61060257886339,213.7001109296218,standard
24,95,617.9439016148721,26.405957407307454,96.4737000887653,192.4150222389424,standard
24,96,616.6940375263057,26.126686773855074,96.74533769092783,209.6240315334894,standard
24,97,617.0939926018885,25.99609548823085,97.12505841787112,203.2548385879984,standard
24,98,616.7398196185043,25.02252365345701,97.48598312178504,197.39704527765204,standard
24,99,618.8596655152568,26.472128571575237,96.34177173836107,201.40297912014876,standard
24,100,612.4386408599158,27.504112837700795,98.62287598447121,203.48111841281423,standard
24,101,619.8199697029637,26.2117959488725,97.7335125671748,205.1236226095488,standard
24,102,615.2827692134522,26.191103857317348,97.87365660142889,201.23248982797998,standard
24,103,613.1836178393969,23.99317062872853,96.73447193740294,186.5154291038741,standard
24,104,612.6269479916833,25.36571304279962,96.31135768905988,200.1021907208177,standard
24,105,618.8630386221907,26.808740719807208,97.4825069760618,198.28060228184324,standard
24,106,608.4095100263372,26.370197682007117,95.02354127882998,196.54569737835772,standard
24,107,609.7706755580409,26.239561464649302,97.3377697760196,187.41121025841844,standard
24,108,619.0851478815397,26.986622169951747,97.14082469583792,195.49000793755266,standard
24,109,615.2723997367001,26.691918863756808,96.74005157223421,190.93725527691927,standard
24,110,614.4839067700588,25.357467885277295,96.36314165071053,188.04026046402868,standard
24,111,614.4398070374493,27.512053781810025,95.4977933821444,188.1424542055438,standard
24,112,620.2990191346837,27.629129352599552,97.85629388509729,185.04609711312887,standard
24,113,619.3028643771831,25.71702960302187,96.33412604418346,186.09122094609904,standard
24,114,615.372479363406,26.478186011915476,96.08662407250264,181.08803094449152,standard
24,115,619.8192405180174,26.71754999712573,96.75143654391728,185.8188843559643,standard
24,116,617.56417927533,27.05280454605643,96.21458277996898,191.0919843425743,standard
24,117,619.832234284906,27.03838203277102,96.04294556403393,182.4058957863546,standard
24,118,618.9528645491152,28.57994009253631,95.08695245533495,185.29887379320888,standard
24,119,621.2301709103359,25.65328153009477,96.24884912326873,175.67741013458482,standard
24,120,619.2915888350311,26.841649067644447,96.26986093311989,177.94472096360764,standard
24,121,620.3104902983048,27.489032960598138,96.60092676403966,179.80310912540727,standard
24,122,620.0174726413563,27.058028145143677,98.04077478754093,171.8260262439074,standard
24,123,613.2722446554911,25.571319431391426,94.23041188070756,180.36584907410125,standard
24,124,620.254103097848,28.64777649177559,95.22336178529449,179.7273072737275,standard
24,125,618.9204721864479,27.66658649915586,96.87562289534961,171.2185912446878,standard
24,126,626.6617474062134,28.891880304275354,95.68829404600464,168.54630971138326,standard
24,127,618.7862875145859,27.802258443582044,97.2556152597083,167.15639544215838,standard
24,128,620.0564608295975,26.15098497558521,96.59635759341111,171.46247889770976,standard
24,129,625.1600392868573,26.19399745578032,97.5006083814901,162.48084332416892,standard
24,130,615.5183691767805,26.122905441527834,96.35035260845105,164.13150594623133,standard
24,131,615.6050054841584,28.06276760162338,96.52177538587469,169.19924652075164,standard
24,132,619.3133425529353,29.74890963243718,96.18583626624198,172.02845736961126,standard
24,133,620.37876637707,26.882123711745315,96.55988768190203,163.72101344265104,standard
24,134,619.8270415858823,28.345402681893425,94.03858193311336,157.95248938054135,standard
24,135,622.9783775174927,27.43625355340106,95.33367801089115,165.8321919868541,standard
24,136,619.2429822086343,28.57758838164279,95.86887821126696,164.99301475090223,standard
24,137,618.4444248292732,28.413594823280928,96.99508908683545,160.161258919429,standard
24,138,623.4459549008164,28.22843968167735,96.59448165597794,162.64385659176554,standard
24,139,620.7497672397062,28.689729682076365,97.04359756230225,162.18048647107537,standard
24,140,622.4355924927252,28.031515086423298,97.37088647399503,163.20168555464835,standard
24,141,621.383125380075,28.337346327745326,96.74790826927311,155.9689796147737,standard
24,142,615.9513749511859,28.592399599424457,96.93000457311433,165.95654405592336,standard
24,143,621.1281181696984,28.62358766394178,96.22953043251594,155.67825290568118,standard
24,144,623.1492178451734,28.554598248931732,96.69136825719019,159.61490256548913,standard
24,145,624.1806834969072,28.494682355197916,97.57592732050227,157.41955971189736,standard
24,146,622.6418821604605,27.999057019433025,95.52292817985145,154.5718988035132,standard
24,147,619.6869681107271,28.527682854230914,95.42419998189699,153.2796033046161,standard
24,148,616.9118790298752,28.744729459295737,95.18265381692007,151.8955792518755,standard
24,149,625.4558296985408,30.992395492121204,96.20837719964463,144.82788913966832,standard
24,150,621.4637791445024,29.59596330883109,95.98329049642902,154.93662867726536,standard
24,151,622.3579470171281,28.6964997556345,97.22242400391603,149.2933530168482,standard
24,152,619.7499768719366,30.59513365703292,93.94390450860556,130.52477388755696,standard
24,153,625.2581602741128,30.09070097102463,95.82401294194469,140.48771958003974,standard
24,154,622.9233904342731,28.961831426446132,94.8427109891076,153.06034715404638,standard
24,155,620.110001824105,29.616104453106402,96.54404698366257,146.90720762659518,standard
24,156,627.1233551174861,29.92371472242893,95.74934967049202,145.83417434416074,standard
24,157,625.3903297999505,29.034460902587742,93.98812614812722,147.77021705731656,standard
24,158,627.1852269015174,29.731978810906043,94.71162438036563,134.21141441735182,standard
24,159,624.1074212997702,28.19104965528203,93.74101249736208,140.89634235992153,standard
24,160,621.7086914964359,29.945309556164773,95.04070439743813,136.96682716888694,standard
24,161,619.035254757813,28.807111874169642,94.35386350994891,132.87346163242518,standard
24,162,623.3128671142728,28.572748008825346,94.97625725270879,139.20205606834327,standard
24,163,621.9714901368325,30.205408629418585,93.7486421287523,131.43911300801855,standard
24,164,624.2603481071258,30.527041091888638,95.94739954148926,144.06195311078778,standard
24,165,623.6202333755475,29.772498681321693,94.017324470982,128.7311683400449,standard
24,166,625.5857162589825,29.184128500553758,96.25237920001729,126.68807134066304,standard
24,167,626.509059617474,29.014260761182975,94.16955153322792,135.69556032626016,standard
24,168,623.1723586916763,29.5642159324801,94.14784163644842,140.9251489580672,standard
24,169,623.49754106676,30.191552217432765,94.72808639971893,132.1070853086213,standard
24,170,623.6557891591021,29.999182765458354,95.29395200899394,125.68496430998505,standard
24,171,628.9179640698844,31.44548051904163,95.47649262615874,129.3493819179824,standard
24,172,616.8281956553864,30.744291132654464,94.44866959477113,126.7686279429123,standard
24,173,620.2578680084316,30.873588485874194,93.36141895317304,127.59212272995697,standard
24,174,628.8139724457295,29.970671818682444,95.99605172522844,122.2650481089641,standard
24,175,628.051299230193,29.195214248541472,95.78113043468052,129.37995191289644,standard
24,176,627.8050737688911,30.16671586338619,93.31799937657189,122.04679842390271,standard
24,177,629.8809215272444,30.749961871569116,93.13696307048755,117.37636180290029,standard
24,178,630.4594542025569,31.167912752127886,93.42599987926008,113.17084251912704,standard
24,179,624.9748735961998,28.88864129201008,94.474165509993,133.25812685918152,standard
24,180,622.2091317729025,30.613974336793785,95.91192657533125,123.74543929150047,standard
24,181,626.7037778556025,30.7136513298318,93.41409021757542,117.66172114997224,standard
24,182,628.0303221427204,32.025113543274095,93.91982437648524,117.0508243596827,standard
24,183,624.60235955773,31.205325179540505,95.29377945030897,120.14824006714947,standard
24,184,624.089438773673,31.186863209456416,93.80268747174982,121.05525007826417,standard
24,185,627.2660618316794,29.58048666175892,94.23019729439227,117.2923628459944,standard
24,186,628.6320181894283,30.64820398634802,93.83472661012885,109.06247800891842,standard
24,187,626.865751138994,30.364321033474198,95.36008598617731,108.49431304634192,standard
24,188,628.5668533870867,31.334303903326333,95.30566744788491,117.44684144479186,standard
24,189,630.437909829844,31.69292834329013,93.28135385390594,105.6556495613087,standard
24,190,625.9629275407052,32.15192099962791,94.37332992825063,114.3432862036778,standard
24,191,631.6584082029602,30.734048099700754,94.30207432755718,108.93503160658204,standard
24,192,627.8166369311273,30.985157145475288,95.42475550341105,108.25985863357751,standard
24,193,628.9894343656794,30.7772223251314,94.8852124304135,101.97446249580993,standard
24,194,630.4647165865341,32.122229360055165,93.76748495067643,107.5882604059159,standard
24,195,629.8070086771335,31.660639375189852,94.16294398014524,105.30890911596761,standard
24,196,629.7897350180161,31.820242031343703,93.01613580978787,103.23894524497197,standard
24,197,630.3448458035906,31.91728872853929,95.04375025939514,106.10043294749727,standard
24,198,627.0887713948406,31.713372891945607,93.74866334655282,101.97825756686407,standard
24,199,629.8410558004839,32.55152166923985,94.20732836314114,107.15272502604276,standard
24,200,630.723009412987,31.169409479662722,93.53271937983178,103.0189453536588,standard
24,201,625.3074952064829,30.714119585239956,93.98069720712523,103.75461059260583,standard
24,202,634.2211062958646,31.902894252978225,95.00082868698588,98.36133954884448,standard
24,203,625.8557550532704,32.17192346352163,93.29109187537844,101.59115440238871,standard
24,204,630.5229742189366,30.96208689344353,92.38028518909144,95.89510021292774,standard
24,205,623.4893475856209,31.781834710172095,94.08103032574283,89.71491747972321,standard
24,206,633.881961470716,33.55100654975069,92.80329904724805,92.50977912901757,standard
24,207,634.0340794539644,32.41869246574491,92.39552142190098,92.28339465717823,standard
24,208,628.6412150331125,33.58819789642589,94.36593209432459,90.43121527367185,standard
24,209,631.7764440375902,31.231878423027513,92.9762225414424,98.76639593846247,standard
24,210,631.660543957739,33.53008580479137,93.93201308840803,96.57140921514763,standard
24,211,625.6534874022024,32.47178241598099,95.31478164621639,93.78086717780322,standard
24,212,635.7761167763705,32.71323540634351,93.10289358458661,82.86417770156035,standard
24,213,628.6592157250155,33.58706056220852,94.12321105042085,86.6671327533482,standard
24,214,633.6245719645551,32.98245175905206,94.54221770139948,90.76343377454086,standard
24,215,629.0523776985455,33.17364598746979,91.88113324980591,85.66510369045298,standard
24,216,634.2129128391048,31.64628065520684,93.10353726453917,84.04763188609901,standard
24,217,633.2517447491201,32.741396296775164,92.31771184759532,82.7299639904037,standard
24,218,627.7432692991771,32.847358563317854,93.01862638630308,81.3286716328029,standard
24,219,631.172034067573,31.6323191618438,93.0636566794105,85.6541006251866,standard
24,220,636.7843824119664,35.63933427871927,95.09165040839767,74.01531036665948,standard
24,221,631.924687196182,33.237214365162224,93.2844401657663,79.34766664948113,standard
24,222,640.5227742646426,32.237948454207604,92.6264688637857,86.21912965044547,standard
24,223,631.6020559707455,33.77358065033571,94.34465736986822,79.43249508366014,standard
24,224,634.1752968993075,34.378610769693985,92.38693144349503,73.51818435252,standard
24,225,635.3569127653955,31.43056074078575,94.6665838233447,76.51696187598891,standard
24,226,634.3590952583435,31.929487122358946,91.93339087460026,72.0070816784957,standard
24,227,636.4722895508868,31.543383987801413,93.97836480077736,71.19984337945817,standard
24,228,633.5297295817751,33.933592941690804,93.4293172378464,68.437857050317,standard
24,229,636.2247302654066,31.420601860103563,92.67958111343233,71.76840881588451,standard
24,230,633.4651520543566,31.973089696034016,93.85802737876047,63.75806093936474,standard
24,231,634.4474579774151,34.01303459706762,93.08982715376536,74.84505462931908,standard
24,232,634.6402123200189,34.347455404696944,92.98409596684877,71.06478042083137,standard
24,233,639.1304858911426,34.11754182947219,93.791850357583,74.27664467441099,standard
24,234,639.1715527409228,33.65471059638879,94.01643235574517,67.24385580023596,standard
24,235,638.6016899932017,34.66863458356295,93.22566807603619,67.16986040173177,standard
24,236,636.1657138681168,34.45433304513651,92.76116763941809,62.74137829696242,standard
24,237,640.839524788118,34.69752791111118,92.3166950777686,61.612912842851784,standard
24,238,638.8687753603439,33.543813289911384,91.377972318189,54.957754296989776,standard
24,239,630.6630731993856,33.041185141735546,91.64913406019919,67.9261868980407,standard
24,240,635.8614623620222,34.03673646086328,91.35658693698143,59.2843680126433,standard
24,241,630.9380158123074,34.090582828713636,94.83449438984367,62.31901789353182,standard
24,242,635.6706055189363,35.218123605406355,92.21845682187242,53.99661128560406,standard
24,243,641.5623888885985,33.43772534607972,92.35587876432265,58.530166411817554,standard
24,244,633.7912973827276,35.29060495363141,92.37340547535776,59.31955163783428,standard
24,245,638.5079525392515,34.456987869374174,94.36065867259099,51.67332098283279,standard
24,246,640.9466114116462,35.93493324262804,94.39088220766044,54.8702801967151,standard
24,247,634.684242864216,36.89679658532955,92.25529853202364,48.932287136472326,standard
24,248,636.6306397622856,33.89830928384292,93.08614882512335,48.97165809120744,standard
24,249,636.4875474902854,35.90777886166496,93.15369321017619,51.07792286284829,standard
25,0,600.5126205862409,20.01225543063154,99.56884493358264,149.98736669576107,accelerated
25,1,601.7725248764788,19.99383787102116,100.35976763023027,144.81665610788477,accelerated
25,2,598.788319046563,19.505679496726025,99.31486862820759,154.43590523353046,accelerated
25,3,603.078116379331,19.283076881315655,100.25749829640844,145.04708843675715,accelerated
25,4,599.1528462435854,18.994260534277494,100.73191869382025,139.1806842516643,accelerated
25,5,601.3441104659704,19.653688754275134,100.47584394706993,143.32824086843024,accelerated
25,6,601.3966120334389,20.619265737069966,99.94257033493578,144.06502381991655,accelerated
25,7,601.9701804331166,20.32159802474522,98.0052706266579,137.4072452022907,accelerated
25,8,604.5554392160419,20.654180536673703,98.85599022227751,134.97135927790978,accelerated
25,9,597.541058579729,20.3767931198718,100.34805285404525,138.2146490318884,accelerated
25,10,604.2014565757244,20.596940170602043,100.03886669602886,138.24124599095666,accelerated
25,11,599.6043472633485,21.051046932100558,101.17400041828041,147.94942157775426,accelerated
25,12,605.0595999083381,21.3029411845863,99.58390180209508,139.58426169366643,accelerated
25,13,603.7803397428987,22.000944019922617,99.42822686215356,135.42013807317844,accelerated
25,14,600.6142296018492,21.219940757779835,99.95951884907359,135.8426888775232,accelerated
25,15,605.4008606747625,21.51698447229559,98.04040249498937,133.80685142564087,accelerated
25,16,601.7326322977519,20.83371082639645,100.24563660886942,131.89956997532892,accelerated
25,17,602.87554582362,23.657959684380906,99.79498503540425,131.14245387249082,accelerated
25,18,606.6829089766571,21.924211681739298,98.2273203207204,134.373456122425,accelerated
25,19,604.7270943440394,22.355498008999405,99.88136323489967,135.55606551897688,accelerated
25,20,604.3497201244318,22.886031602287083,97.67214375385424,132.25207080657853,accelerated
25,21,606.7454859174032,22.89897936236343,98.44255524535576,139.42035636826245,accelerated
25,22,603.8961008771391,23.611551710968463,97.64830168023167,130.5217208731466,accelerated
25,23,608.6273699317553,22.814975871562282,98.1246755894563,127.70567445372649,accelerated
25,24,608.0010310002906,24.66993648630628,97.6876597146997,123.22043251842999,accelerated
25,25,608.354206671208,22.743946209604747,98.3999589622694,130.3517591768188,accelerated
25,26,599.3392004897122,22.52205065498219,96.69763077374874,118.02091781547965,accelerated
25,27,615.3138734762174,23.83816813395276,99.3315649250581,122.59735175106785,accelerated
25,28,610.6761414744957,21.59343549247975,99.3582984117696,117.9007794072005,accelerated
25,29,607.1060525420223,23.985151070454652,98.57644675858222,121.42310024196775,accelerated
25,30,604.9107115392591,23.699813668821644,99.16056135348323,117.33756451950103,accelerated
25,31,613.2448111360209,22.84730806408599,98.14654789171837,126.67663866688306,accelerated
25,32,607.5558002619011,24.893985483377072,100.0546523622218,118.85522034462075,accelerated
25,33,608.3189490378501,23.187261197049978,99.32460270334732,123.38347099669825,accelerated
25,34,614.5479273686061,24.04716164934405,98.9978069415271,115.75580304436964,accelerated
25,35,607.8508346351749,25.324176785112353,99.53387027827821,109.89699013609341,accelerated
25,36,607.6817071112979,24.359981934230124,98.796128605741,108.33090403123023,accelerated
25,37,611.7810472108678,23.84957304594025,98.480829099825,109.01056589252055,accelerated
25,38,613.7154090008225,24.401785189182295,96.78285947631896,112.31844977713445,accelerated
25,39,605.886080056535,24.12090542789506,97.99740107032466,102.14122610484053,accelerated
25,40,604.2865894406838,22.460632680186833,98.92712855550036,109.61620493618635,accelerated
25,41,610.7026038179783,25.86515473566683,97.1355503175309,110.34230949933367,accelerated
25,42,612.6772660527698,24.56900057924702,97.7741458838891,111.86630610710073,accelerated
25,43,612.345280148949,24.699444426845385,97.07748759200055,95.51043733607133,accelerated
25,44,614.0491786395268,24.07088871101145,97.98971872411893,105.54787949662354,accelerated
25,45,613.8153632895913,26.1003291706062,96.37347623365906,106.84624221675479,accelerated
25,46,614.6028631576879,25.335219167357206,96.31181379923646,106.97619182027582,accelerated
25,47,616.210363633258,25.753602025977884,96.10969758428536,100.36275483537273,accelerated
25,48,614.2190018327398,26.44849454998209,95.53651059888689,99.18098267847812,accelerated
25,49,613.4919823201734,25.79677842059697,95.75867471597516,99.91233610813333,accelerated
25,50,614.0685493070622,24.962408128510344,96.88203241583132,97.2941545160725,accelerated
25,51,616.7867584275291,25.234672438995663,97.02983412212845,94.95805581385366,accelerated
25,52,613.8007372855236,26.537291627705407,97.11471773284215,95.9148890871082,accelerated
25,53,615.091768145002,24.906393554890474,98.22276431058069,100.43728198939014,accelerated
25,54,618.1543441526134,24.884967783043784,96.16451000751071,94.32726985538189,accelerated
25,55,610.706815523898,27.48995009607609,98.15388448854814,105.30967478001807,accelerated
25,56,613.6623485174467,26.837323496834273,97.96281826915042,92.73190760526523,accelerated
25,57,615.3990362584719,24.97398232645551,97.71262245777174,92.90369621963318,accelerated
25,58,615.2119744231107,27.24385728982886,96.67300537317865,92.84129551177296,accelerated
25,59,617.04870581302,28.702358158763364,96.32634026673757,99.09661038161653,accelerated
25,60,619.6923507792006,27.55117014276173,96.28672524672184,94.8697834677296,accelerated
25,61,618.6389753027339,26.387868784886468,95.37450780900197,91.11242310967135,accelerated
25,62,615.8778633445005,27.377768943027498,97.3371845385511,89.51985088947167,accelerated
25,63,616.7335953890138,28.96998751161614,96.7678752369947,92.08896493602045,accelerated
25,64,612.3973249703721,28.010852878262746,97.0021578363799,94.50144321148996,accelerated
25,65,615.1085442475469,29.006114589194535,97.74438028570124,74.9135551136051,accelerated
25,66,621.2357733296092,28.537620814340702,95.7129923373481,81.54952769966854,accelerated
25,67,622.1035617398635,27.425018246589367,95.76275067158191,87.06217450411961,accelerated
25,68,625.6621291509806,28.69798427254202,96.05348449541451,79.41801257669614,accelerated
25,69,617.6681998780468,29.38957824150095,95.70655014887312,86.75351637333364,accelerated
25,70,620.0113443660136,27.750711338638986,96.22079888882752,79.617320303658,accelerated
25,71,617.6834141861677,30.33736832978185,95.11301622622835,83.63795760587107,accelerated
25,72,624.1255698881895,27.380537235085644,94.67761235538352,76.49245330149937,accelerated
25,73,619.3030603662651,30.486456371878685,95.4198243632015,81.44874521407034,accelerated
25,74,623.7409121670006,29.144022448996356,95.6003212107396,82.18565353894348,accelerated
25,75,620.024721079995,30.726335310456587,94.2127768194959,78.90755862811211,accelerated
25,76,618.5845084201806,28.804294447773042,95.53330993806097,71.56652325585243,accelerated
25,77,622.5549912911493,27.85302955206921,94.39254953127644,75.49132353597942,accelerated
25,78,623.4890154749323,28.669471974178492,96.64427776312967,65.90034550004893,accelerated
25,79,622.6152286024079,28.97434372182153,95.87503762776105,71.24081845568597,accelerated
25,80,623.6755042603962,27.755783296132762,96.0650344806321,68.91087092584131,accelerated
25,81,624.6469830528312,28.97143677990612,94.23417123718293,76.49643879237843,accelerated
25,82,619.2802842652128,28.785800972217228,96.56049215266908,71.20373190499328,accelerated
25,83,623.9236124047727,31.206596314288653,95.466860116396,68.16330045987209,accelerated
25,84,625.8766860513073,30.545238217214493,95.46569250129744,76.97986526447978,accelerated
25,85,624.915321564982,30.0359528118518,93.66310681242929,64.74051306589492,accelerated
25,86,631.3886606986345,31.304485002434657,94.29633225612467,64.15020682260642,accelerated
25,87,622.210684873245,29.47088065570169,94.92944115261372,60.527726985897736,accelerated
25,88,623.2662006318648,31.049840764737894,94.63774991334668,54.1622481415448,accelerated
25,89,620.4745591014967,30.109988501425747,93.07173485655846,51.655442967646735,accelerated
25,90,630.3869076042063,30.702289110134707,94.33455362177449,59.05797091924625,accelerated
25,91,623.886503547621,31.33097616501417,94.40929967326745,55.21295672010294,accelerated
25,92,625.7771139464251,29.812541286787702,94.07375712709818,56.80186059608743,accelerated
25,93,626.6031500126101,31.215154557341588,94.34148829523825,58.153842693323035,accelerated
25,94,631.0292911107648,31.87302347721308,95.31458984051034,51.76132885086886,accelerated
25,95,626.974155317734,32.05359668394597,94.97147767143208,51.60689691231559,accelerated
25,96,630.6347517773452,30.57646788335406,94.72105572414179,53.86851899567179,accelerated
25,97,624.946693188281,31.205926178240592,96.3622678096955,54.013901814024976,accelerated
25,98,636.3013499301547,30.316073470124962,94.87074179266385,39.32831904096442,accelerated
25,99,629.6992935452557,32.51121737765132,94.89789009499628,47.00365137709794,accelerated
25,100,633.1172712659302,31.466285239955305,93.8359027488876,47.83338890321683,accelerated
25,101,626.890831947803,33.68971958742085,93.98801781715808,54.43659189329314,accelerated
25,102,633.7341337252939,31.27205978572702,95.0961272476716,50.51707121774661,accelerated
25,103,627.7772944065813,32.8088508313415,92.79703211513193,55.032291839893205,accelerated
25,104,633.6413602347664,32.40885143780897,95.02480361821719,38.090061776482315,accelerated
25,105,629.2519760996399,32.34758027825963,95.93568468142553,39.647585495632974,accelerated
25,106,626.678082174778,31.275614485501727,94.5462158692056,41.02903864730572,accelerated
25,107,631.6227400068942,33.60283264167449,93.4219153720421,44.02073302254028,accelerated
25,108,634.0056454428291,32.52932360803979,93.35368294007031,43.209777011605055,accelerated
25,109,635.3045378191597,32.28763073581935,90.43942407817023,44.397915746928234,accelerated
25,110,635.7831477562503,33.400034162130176,93.66829321895653,37.17845052929915,accelerated
25,111,634.8005502646047,34.17316681968419,93.39649634141848,51.45624165003633,accelerated
25,112,628.9087767369858,33.602961670856345,92.10564703768269,42.39922961978445,accelerated
25,113,629.1555737158734,32.226078457282306,92.58681305945079,38.329160849276995,accelerated
25,114,632.4135858340152,33.09455873740091,92.97910954507391,34.78879920469247,accelerated
25,115,638.9623481649555,34.48591111966896,92.77542326021535,45.485059556068066,accelerated
25,116,636.274983524568,32.951037944686455,93.29651373999185,36.67756272432657,accelerated
25,117,633.037125842816,32.98749108919396,93.06645909004244,31.198891143469822,accelerated
25,118,639.8373836653664,34.90115582408491,92.27922472591342,34.12969055474294,accelerated
25,119,639.5013844281742,32.886195554100354,91.83722175901225,30.944156913602345,accelerated
25,120,636.1068059037151,34.34780249453714,92.48922282121232,28.369698387739902,accelerated
25,121,637.4527744104648,35.65394255363917,92.25904727031157,41.19199672585327,accelerated
25,122,642.482074307221,35.96925562958008,93.30248333456157,38.03994053235078,accelerated
25,123,636.0296539050017,33.927395588009766,92.09402794059602,21.98528598454959,accelerated
25,124,637.5654039669402,35.17983046412774,92.76083983868111,25.937843239091002,accelerated
25,125,637.8994635845148,36.73632380884989,93.12005186763908,29.612543983024107,accelerated
25,126,638.3723698100603,33.50441130153192,90.62611752953049,34.41404995104257,accelerated
25,127,636.5045331743064,34.62324865584807,92.62566324137724,25.752014891649637,accelerated
25,128,640.4305864120032,37.134418532880005,93.82073638265794,17.945333876805893,accelerated
25,129,641.6062037202654,35.095909081789195,92.12249125556923,15.530053970243188,accelerated
25,130,633.9207814385057,35.56843828736771,91.24401808388876,24.63906839286018,accelerated
25,131,638.4567652694396,36.02859021894987,93.50752575391543,11.57352409108946,accelerated
25,132,637.426147834351,36.020883624565855,92.39252481582326,23.51748750636163,accelerated
25,133,642.5014593871218,36.05693362573074,92.32340467059726,18.65537945495245,accelerated
25,134,635.7908629059788,35.923624522645035,92.2084732179971,18.292754293925533,accelerated
25,135,637.7269096798075,34.931202087471114,91.66546740748193,24.836830555457468,accelerated
25,136,638.3422574618139,37.49392824735481,93.42473964304513,14.227332631165968,accelerated
25,137,639.0604561960397,36.952819563658224,91.97499029209949,8.704480099048457,accelerated
25,138,639.4235915208847,37.013579852145334,92.65344040816855,10.386048993423062,accelerated
25,139,641.4925993053358,37.34863857051108,91.48751311582606,9.503365133520578,accelerated
25,140,639.7339775408183,36.027315376625964,94.26888275822326,9.018991699604591,accelerated
25,141,646.3951749645366,38.60399333751907,91.35641771050685,10.842149042173844,accelerated
25,142,642.9074354460992,35.42781764934133,89.92802698775184,8.244242334521365,accelerated
25,143,641.6252593841742,39.051580338393585,91.18342706130538,16.754644985340626,accelerated
25,144,641.7708258115935,39.192200420608934,91.86642449694735,8.816459478855986,accelerated
25,145,641.9647081297991,37.976917180403696,92.99271343308125,4.275862529699312,accelerated
25,146,642.7818095539001,37.27323746113991,92.86011160500644,8.276756035005432,accelerated
25,147,648.4430399714133,37.95362271048427,91.21931935677785,5.119720195353161,accelerated
25,148,647.6104756032375,37.51288175741214,92.48867699335679,3.8291527853293834,accelerated
25,149,637.4811655859095,38.76349342710519,89.78769498673802,5.295863803369937,accelerated
25,150,647.7045539947145,38.32989259738121,91.54368089887669,5.494353939219934,accelerated
25,151,643.8131169785678,38.91342965970248,92.10302330295704,7.8004129876923916,accelerated
25,152,642.2826591418209,38.64851606498777,89.91851080093853,0.0,accelerated
25,153,646.9770833172179,38.43745581479614,91.96500147852198,0.0,accelerated
25,154,645.7978456914091,38.69150426233819,89.89817114856355,0.0,accelerated
25,155,649.8482959973177,38.05104495871889,91.88247656644968,0.0,accelerated
25,156,642.1574069235331,39.25037869183779,91.16247982309413,0.0,accelerated
25,157,646.674369820851,37.89993254460815,91.92621276611261,0.0,accelerated
25,158,644.7497815189939,39.41746868608801,89.77722002926674,0.0,accelerated
25,159,646.5735821633928,38.414602235681926,89.54775774801543,0.0,accelerated
25,160,647.6585165566128,40.4522799455159,89.54549052227007,0.0,accelerated
25,161,648.7463110477482,41.17597892180642,90.87098682936201,5.076870981064161,accelerated
25,162,649.5961773628472,39.675552211288085,88.12463732894209,0.0,accelerated
25,163,649.4060032800578,39.152578801795464,90.08322113294093,0.0,accelerated
25,164,648.6602125412038,41.76971496312596,89.789137972195,0.0,accelerated
25,165,648.2882967498414,40.58343118664388,90.27676369997221,0.0,accelerated
25,166,644.0220961622784,40.16330822528875,89.73042372642024,0.0,accelerated
25,167,646.552626158264,41.473282172720204,90.83674317584388,0.0,accelerated
25,168,653.8409379023428,40.75231730212746,88.77771749127356,0.0,accelerated
25,169,647.9170945473376,40.01159237592504,90.56690228062692,0.0,accelerated
25,170,652.7167101808337,39.999711518670914,89.19306837264452,0.0,accelerated
25,171,651.1820581845004,40.35822861536116,89.02644350906124,0.0,accelerated
25,172,652.1940684017343,40.623773791295704,90.06172664678789,0.0,accelerated
25,173,650.1148418811273,40.803083742202126,88.97215154744944,0.0,accelerated
25,174,650.4945914958768,40.354557008565806,88.10047662594438,0.0,accelerated
25,175,653.7893088657149,42.8604763531923,89.96950248118985,0.0,accelerated
25,176,648.7209627369417,39.898712994334524,88.14437166052802,0.0,accelerated
25,177,653.9634314907792,40.65703378073811,88.42014039484673,0.0,accelerated
25,178,651.5721018164809,42.67625521625515,89.29005655294225,0.0,accelerated
25,179,660.6313778241912,40.33983886063411,88.66916469007614,0.0,accelerated
25,180,655.2454488978271,41.13007700037579,87.96863307390616,0.0,accelerated
25,181,651.5805116427706,41.72703179784955,89.33106181728131,0.0,accelerated
25,182,654.482358558227,40.78927680480568,89.37313610622388,0.0,accelerated
25,183,654.4116249547512,41.77771329357053,89.10300105205285,0.0,accelerated
25,184,652.5158310016841,43.53084733573213,89.38122223943525,0.0,accelerated
25,185,659.1397165099929,41.017937926123544,89.42204553624471,0.0,accelerated
25,186,652.9936348068186,42.780638122953825,89.1233051793805,0.0,accelerated
25,187,658.688452665691,41.868245747642334,89.05032124584336,0.0,accelerated
25,188,654.5559095309769,43.062884685118775,88.51226425265085,0.0,accelerated
25,189,651.296801685846,43.4690574680832,87.43939989277317,0.0,accelerated
25,190,657.1648556808844,42.4314682230291,90.55666845721534,0.0,accelerated
25,191,659.5669004480461,43.20481621533981,88.30846057688251,0.0,accelerated
25,192,661.9756282969814,44.12810529260043,90.4319864316886,0.0,accelerated
25,193,655.2691888028977,42.71948305564018,87.23222180820142,0.0,accelerated
25,194,656.4422510517683,40.22468205368049,90.82377569832992,0.0,accelerated
25,195,656.7702272235425,45.07161169266037,87.09174854920248,0.0,accelerated
25,196,657.0376726697278,42.196204555403135,89.94571776137813,0.0,accelerated
25,197,661.8600029535452,44.007655546788776,88.77910163307769,0.0,accelerated
25,198,659.7348325717339,42.83123699954916,86.73105948093695,0.0,accelerated
25,199,663.1744486669787,43.49663117577193,87.84798710766546,0.0,accelerated
25,200,660.0216514382637,44.76007611238841,88.79152773672777,0.0,accelerated
25,201,658.4447064984164,43.469870956572855,88.73540447324093,0.0,accelerated
25,202,660.0840150437043,43.813828092434306,89.04724709344569,0.0,accelerated
25,203,663.1377966735713,44.2231568251419,86.77246721896299,0.0,accelerated
25,204,661.5601916871944,43.76925602011192,86.36919433222481,0.0,accelerated
25,205,660.3812657877162,46.5251288835336,87.11533812132576,0.0,accelerated
25,206,661.4077089941907,43.53884960889832,87.16678881154961,0.0,accelerated
25,207,659.5320946441085,43.95425193812409,85.67619613251873,0.0,accelerated
25,208,663.0330510906668,44.2737215943819,87.74175774643338,0.0,accelerated
25,209,654.6868141038908,48.036691633226546,87.64959987667707,0.0,accelerated
25,210,657.1982555649677,43.70585020485744,89.05449192955491,0.0,accelerated
25,211,665.5596451079967,44.204922961590185,88.84997398797701,0.0,accelerated
25,212,665.5647733450546,45.88617094444324,85.7730128153739,0.0,accelerated
25,213,662.3693455007749,46.203639707533114,85.83956791775685,0.0,accelerated
25,214,663.6701714695109,46.47273968932758,87.83467153560765,0.0,accelerated
25,215,668.8400585084619,44.636760171249705,88.19223944190074,0.0,accelerated
25,216,665.2917778603,46.14598746010431,87.23770744070879,0.0,accelerated
25,217,666.2743784938007,46.82364912987054,87.44461996034514,0.0,accelerated
25,218,666.2093972236739,45.596130097494665,85.81073752209272,0.0,accelerated
25,219,666.2497067971053,46.529675027987786,87.91602474514026,0.0,accelerated
25,220,667.008842492272,46.91710637700942,86.89530903317565,0.0,accelerated
25,221,667.7609644165111,46.46551190614219,88.89198256700429,0.0,accelerated
25,222,670.963370870125,45.285707073673066,87.49361653645146,0.0,accelerated
25,223,661.1783427869763,46.89895057305509,87.33541404124405,0.0,accelerated
25,224,668.334467806821,47.01622316237667,85.4657521736384,0.0,accelerated
25,225,665.9893864100526,47.434161238778906,85.85316032291458,0.0,accelerated
25,226,665.0264613787531,45.67239330772487,87.53156753922448,0.0,accelerated
25,227,666.5577259824602,46.17566928739626,86.4740353987151,0.0,accelerated
25,228,671.3770641937404,47.66203932308916,85.74817421427555,0.0,accelerated
25,229,668.7238215690697,47.501496905689955,84.79736509626807,0.0,accelerated
25,230,669.964633917954,48.933566822198344,85.44810637009668,0.0,accelerated
25,231,670.9706049504869,46.20058812396619,85.29480188591444,0.0,accelerated
25,232,673.3296874288872,47.85809348156051,86.22991770305785,0.0,accelerated
25,233,673.864328220706,46.972232913225525,86.86474111112341,0.0,accelerated
25,234,670.3444666626585,49.0476113661222,87.80763970802569,0.0,accelerated
25,235,669.9740945507042,48.133147142448486,85.15701209732792,0.0,accelerated
25,236,672.1272202914771,48.156050177850716,86.16756917685127,0.0,accelerated
25,237,670.8221435244386,49.47011785009046,84.66107572302398,0.0,accelerated
25,238,665.8361720673047,47.25453797772683,86.52766088767805,0.0,accelerated
25,239,677.1662185966156,49.11244311042432,86.19059566488932,0.0,accelerated
25,240,670.8446838694666,48.06736381795238,84.53455826044942,0.0,accelerated
25,241,674.893547597306,49.318937194167454,84.711932806774,0.0,accelerated
25,242,666.8619647956031,50.36300926870804,84.18184982436257,0.0,accelerated
25,243,673.2458768087106,49.364159560242044,85.34725140154822,0.0,accelerated
25,244,676.6000439808099,47.59405079893075,83.87673100955155,0.0,accelerated
25,245,669.7072980544668,50.62262527627593,84.12178536458708,0.0,accelerated
25,246,676.9053664973147,50.75505573550758,87.12710598295324,0.0,accelerated
25,247,671.0610762125401,49.53699212423136,84.61333439459105,0.0,accelerated
25,248,674.8525603104205,49.448295785792254,84.36779031568301,0.0,accelerated
25,249,676.3469353926112,50.8364172065927,83.45707608680901,0.0,accelerated
26,0,599.5759703835759,18.81747997777237,99.8802942669593,250.73997804770013,normal
26,1,601.756503635843,20.15715802563167,99.07905059000244,259.06015013785924,normal
26,2,602.8873803148648,20.712719744649867,100.92483125701094,249.22304585905238,normal
26,3,604.4589026565659,20.296871950285762,99.88174746027418,250.176142393956,normal
26,4,605.5290726388728,21.832048615289306,100.43284759826,248.583059292884,normal
26,5,603.0881272332895,21.385620913336595,101.09873193941324,243.81707957998074,normal
26,6,605.1541838695122,20.822995114071308,100.41093162249996,250.90974660766997,normal
26,7,603.641186750272,21.47599556315284,99.33058146671758,250.4915577187484,normal
26,8,603.6870601332284,20.766065717840497,100.78107438689311,254.9391524888025,normal
26,9,598.2932264945341,19.916267377076718,102.32530530883588,243.13347421152187,normal
26,10,602.5726090358947,20.684614258337835,100.80843600097144,253.05623654405144,normal
26,11,600.2044343778,20.783123272810666,99.20927287143213,242.6643248840964,normal
26,12,606.0671803129517,22.58093278533312,100.28671828262027,250.5966639562181,normal
26,13,600.8757410503778,20.205459447567296,100.94934429331622,237.61416159798168,normal
26,14,598.6721790297541,20.80393702836255,99.69565865409727,232.76875881046323,normal
26,15,599.9560179387163,20.99237086347412,98.3354665796383,238.17565519490117,normal
26,16,597.3685854593215,21.370424927965423,99.8795098881083,233.54729380125812,normal
26,17,606.6796686912126,19.989438765795864,98.61891049862388,231.34982676874554,normal
26,18,605.7381737082279,21.65850758604612,101.42336598274242,227.97107051513052,normal
26,19,599.615033304258,23.309088982933062,97.80914141606762,234.41531355699522,normal
26,20,601.0639898739341,19.530681649152314,98.82521620618677,234.4974998123858,normal
26,21,600.5346867345809,22.25609472814483,99.92286356118645,222.64154929240348,normal
26,22,603.7167161338629,23.337074822327164,99.77059261996375,226.6925376771199,normal
26,23,605.8458864437617,21.154736691529553,100.19369567838503,232.5663003230107,normal
26,24,605.1627177452581,22.150706156457694,98.04120312499434,219.23981786466086,normal
26,25,603.8701857681754,21.91259829030882,100.062627497388,229.61213875309156,normal
26,26,605.7544986650773,23.270538984372784,98.01651382118558,229.38668443639185,normal
26,27,603.0287138569515,23.39969453006424,98.90665353523002,213.00856661731132,normal
26,28,607.7904714920943,23.04954575950078,98.42341994551141,220.1437021080299,normal
26,29,605.3213641603461,20.39484818737373,96.47527182690486,227.50812819065195,normal
26,30,603.5277969977683,24.255264109576363,100.17040180113891,227.83597657134868,normal
26,31,604.2491031425985,20.87159881306942,97.67311769340564,216.76772636423544,normal
26,32,599.2803108014481,22.084574310875833,98.51832197248889,211.52789514206654,normal
26,33,603.4785447052625,22.4194014788192,99.03628654831031,212.54588665999879,normal
26,34,607.6767578287288,22.856846007987855,98.68688585901839,212.73992938071711,normal
26,35,602.9998612118939,24.49645197990074,99.23030591645743,220.0286582653037,normal
26,36,606.9491109454833,22.715974557739862,99.05065968072539,204.82655824773877,normal
26,37,604.0560695919405,22.162225121971627,98.06543357745824,208.60152160264923,normal
26,38,608.5984213757523,23.121447234462835,99.87286468975138,224.3687957855628,normal
26,39,604.0114492795547,23.267305213968445,98.58552587820697,210.9290096511767,normal
26,40,604.7455262871035,22.28280255435745,98.64040561191612,205.27324963346382,normal
26,41,608.6778159165011,23.034050215454396,98.50165790312128,204.23349764782782,normal
26,42,608.8724077270036,22.479047416523407,98.48069560865692,214.69698061219577,normal
26,43,609.3829515500482,23.76187038238306,99.09720651749755,199.98220827763367,normal
26,44,613.956764721169,22.46441000738763,99.11966099736892,209.7345499362816,normal
26,45,606.2935009154858,24.608886136766763,98.6978127664133,214.4498932220113,normal
26,46,609.7801362540239,23.571456668477403,97.64523747208179,195.28322364324413,normal
26,47,608.4453173057465,23.484101605741124,98.38205818255744,195.88448444558767,normal
26,48,608.8829633664394,24.416251392022115,98.75550967549252,192.70092411931336,normal
26,49,611.9192198259597,23.67342608687851,97.85498912250145,189.1774231507208,normal
26,50,614.4807134876736,24.176798885011294,96.46853957347729,201.87600787458234,normal
26,51,611.2334353225411,25.30254415293299,97.65031123070912,199.05998034469292,normal
26,52,608.4715765992862,24.75794861399274,97.13650965832495,193.53504741459886,normal
26,53,610.3966073866602,23.014136228696174,99.48213121853922,206.63633363870937,normal
26,54,609.4392297437345,22.933404993442835,98.17659203890206,193.58948741015539,normal
26,55,614.5240433975841,23.612853404470094,98.34451322242845,195.56996794695846,normal
26,56,609.1712154681599,24.72004982849194,98.63853255847485,194.43424259527697,normal
26,57,611.6918539953788,23.687216572146326,98.86420479790414,198.22273289071592,normal
26,58,610.3683224339405,24.515711540517003,99.09422067269034,186.33214589476273,normal
26,59,613.6128651740763,24.16138622686887,99.41807787675164,191.3172336433267,normal
26,60,615.7811355544201,24.03867265153887,96.35147131767573,188.82870271399443,normal
26,61,612.9880503738406,24.36926831798359,98.31830742627497,187.95023216094785,normal
26,62,606.1556885147002,25.512811979193003,96.63746294085284,186.1920130916174,normal
26,63,617.2593936106181,26.81281172412109,96.9045065649072,189.8889331531592,normal
26,64,611.143176528732,24.833127021101397,96.83422458510144,177.37828159801757,normal
26,65,613.2851656712012,25.488165386946164,96.72899825468886,190.43895855718554,normal
26,66,611.8917593487143,24.642788175140986,97.88650311810811,176.28659005013736,normal
26,67,616.1200370951084,24.957830842605638,98.30928607639409,189.44065262914577,normal
26,68,615.5204603270714,24.62802670727169,96.0291682935156,174.82963668332383,normal
26,69,617.1087321051039,25.385199887799818,96.64077820546915,180.33958924230555,normal
26,70,617.2418636268625,26.378739785359553,97.63850615570885,183.189430287132,normal
26,71,614.7405170664908,25.982113057296424,97.38102523115104,178.99969377186224,normal
26,72,616.6601216514938,26.121282106200397,96.23928496889305,180.64437192761326,normal
26,73,615.3417411991379,26.4514134689151,96.97579308638497,181.0587015688358,normal
26,74,614.6157743474015,26.643879686600545,96.5835284840495,174.06372972950524,normal
26,75,616.8061575696304,25.668226606255256,99.20578269474817,177.83222493389513,normal
26,76,615.2747704584626,26.89990077675885,96.47931959002348,178.61507409616507,normal
26,77,618.0857056499906,27.41353405777955,96.47919046865142,166.88633372931127,normal
26,78,613.7695360823924,25.958369484027255,98.54721160085175,182.97506014563874,normal
26,79,616.8339869139319,26.3293906080186,96.4900921695258,175.12345175105435,normal
26,80,622.5657441759746,28.18585089118827,97.93797661260584,175.6165126555693,normal
26,81,618.6969296587624,26.432709354291465,96.02345177745921,168.8959295533603,normal
26,82,617.667018806394,25.106366101281708,96.56704927063379,163.87033822704365,normal
26,83,619.6415234832044,26.09029159784329,97.008220331981,163.49989853532213,normal
26,84,621.5930979778827,25.019243063465414,97.11584037684396,159.61371165780034,normal
26,85,615.4720020485454,27.006186703684506,96.85535703131683,166.14633420547707,normal
26,86,617.6552474229265,26.238155738126558,96.3959466769112,164.15817008089456,normal
26,87,617.9860811902766,26.894319527193012,97.24959042098445,163.4669348507547,normal
26,88,618.2039779028648,26.657347651688482,95.42755807338558,162.77014465366236,normal
26,89,621.4223381318888,27.563861230730414,95.6225060587852,165.07370012909303,normal
26,90,616.9946487966181,27.914653980480285,96.03120413510385,161.76653219913686,normal
26,91,616.644507990127,26.786947503529667,94.79373463290426,161.5603740958058,normal
26,92,619.510508904461,27.786442716260943,96.5953305611318,154.1887498333835,normal
26,93,621.4976977934807,28.43277930009227,95.49176253482942,159.6606199567498,normal
26,94,621.4249735561039,27.049901726656277,95.94396431075565,158.67056704105892,normal
26,95,614.4690106917571,26.511482778466,95.21022499213043,146.0184181758725,normal
26,96,622.4548193225625,25.69186818580833,96.50311066343136,158.0584169737761,normal
26,97,618.5192121367602,27.091632375268755,96.35284245073665,153.0091650029724,normal
26,98,622.6105145872492,25.211478859602042,95.16129252385187,154.8078844195803,normal
26,99,619.9513423283233,28.67203415919687,96.30201997623966,150.32631468379344,normal
26,100,619.0931346707195,30.325055015875588,97.53494627403151,152.4775254904761,normal
26,101,620.4353916803453,28.618132549353437,96.7868347178729,151.09413342852255,normal
26,102,618.1458596298403,29.944510767724513,96.16620822775403,158.06965015194908,normal
26,103,621.161442460632,27.99434664787447,97.26414012404646,148.50593479038884,normal
26,104,621.2002679035278,27.119635794357407,96.50021780513583,143.53344808522047,normal
26,105,619.6566263727781,27.909451154594827,96.2390338346953,137.32311863212155,normal
26,106,620.5674639718226,29.460278991109384,94.51433113066,144.8643948046729,normal
26,107,619.5058017391875,28.15630688053437,97.37515226038991,134.74755408227495,normal
26,108,623.8968910145148,28.162071731222788,95.15233601485434,136.44218828755865,normal
26,109,624.0616989118208,28.52859538371598,95.32233058620535,141.54918464602036,normal
26,110,621.4891386227746,26.799312120246476,95.10917581702263,144.4772044547416,normal
26,111,617.6801506076631,27.790062100143647,95.13320860460148,135.37188290681428,normal
26,112,622.3163435535752,27.86692324832126,95.13214547619063,137.76002734200333,normal
26,113,624.5468212486239,30.284789386099597,95.21845284614656,146.44030120622912,normal
26,114,622.2482862583664,29.948875148256533,97.37150773472678,136.69654204617967,normal
26,115,618.8794201352674,29.290903857207635,94.7883571117951,133.62783986513773,normal
26,116,629.1549306474857,28.057236576776127,95.66046682230586,129.61139359839137,normal
26,117,622.4770261763972,30.104842335204484,95.63816394347302,131.87483865519206,normal
26,118,621.6505990242061,29.756078192153616,96.98768671715337,127.49324028688189,normal
26,119,629.5349916563732,30.719497450725154,96.60935336757777,132.542161904648,normal
26,120,627.5133893265297,28.591168717549376,94.53195609215149,133.82906906960196,normal
26,121,625.0875351656715,29.53162074150223,92.65739110939258,126.82262975980915,normal
26,122,620.8778386591052,30.253534311311505,94.92883147143277,124.85849727916748,normal
26,123,632.5287314478729,30.878174476694237,96.13587214135606,138.01107572341087,normal
26,124,627.2065753480492,29.149045990527135,94.15210364830826,130.82451379377116,normal
26,125,618.8219371606745,29.922220368990434,92.82887562244355,125.49421754194753,normal
26,126,627.762210752136,30.359415534603635,95.89810935897059,133.82413470829957,normal
26,127,624.969384688214,32.967650783278884,95.13266995617016,127.7458253134518,normal
26,128,623.7668118563048,31.859313979630684,95.92171019854263,129.35725651284,normal
26,129,625.9635132653218,29.06458243561671,95.30039743962541,112.51490093338242,normal
26,130,624.9914425891342,30.59108043663225,97.17722429251077,121.5927430597097,normal
26,131,626.6186124072492,30.416967575964712,93.41790909523499,119.42912920006503,normal
26,132,626.7086480284103,29.591391504546284,93.53325438557164,115.59214658616133,normal
26,133,626.7947989357181,30.182445818618543,93.62912455034848,118.44636126002153,normal
26,134,628.4166004725076,30.841297709222236,94.07701728612307,118.97420510616129,normal
26,135,626.428388130819,29.610916292654853,95.6362443550014,116.76754009633245,normal
26,136,626.8421290829128,29.308947795165277,93.81513972086479,124.09282856191463,normal
26,137,622.8749738143579,30.708650720358307,94.50366423764638,114.60238394705777,normal
26,138,623.1084871925208,31.2141762564046,92.79389453752833,112.48714398097756,normal
26,139,625.8428062429712,30.254130733082192,95.27481715866759,109.8219687831806,normal
26,140,629.4211324147227,31.70682691137782,95.6699534889551,103.95871129189487,normal
26,141,630.9570469875594,31.29646162243805,93.98187541963041,103.25374740404858,normal
26,142,630.2197725846286,30.437775478666115,94.83780658697714,117.63915386483566,normal
26,143,631.539931121078,32.83143432515065,93.56099522277496,110.81366523065998,normal
26,144,625.3673551345908,31.28651709742539,95.98127205621911,102.96078896786759,normal
26,145,632.3340685525193,32.615646732999714,95.27474125022084,98.66499011939364,normal
26,146,630.775602898047,31.523401434083137,95.2484968575291,95.72499800136578,normal
26,147,630.5033636671968,31.98637520284007,92.12988326275106,98.57289821952511,normal
26,148,624.1095433606495,31.113644698077096,94.62921708466514,102.97682787824304,normal
26,149,630.3082002417806,30.880251891068617,95.16045049151053,100.9059016081933,normal
26,150,630.1011114367725,32.940399568946134,93.00865425230747,101.14273884935962,normal
26,151,631.4703874748043,31.53443184970615,94.61237338075976,101.38561585314784,normal
26,152,630.0964698631677,32.027849109865144,94.4435476578713,101.94235520006595,normal
26,153,630.7886997522199,33.36018946040685,94.53852596243058,88.05768025136592,normal
26,154,626.5853099073735,33.502235219021664,93.5932268685291,96.82087911398737,normal
26,155,634.4178715529774,32.39358878262816,93.83726760958935,90.65635383604136,normal
26,156,632.3099835216826,33.06651221896683,93.18211816299714,89.38989310847066,normal
26,157,639.2788677655857,32.46709153015172,93.0363076603907,96.53293222646131,normal
26,158,631.4476178943163,31.554233676737898,94.16305357165145,87.73439515462091,normal
26,159,636.5293740064668,33.214504629752405,93.36311957547392,91.54673509011056,normal
26,160,634.7098643632946,32.985961253560795,95.72210945723354,95.67933758197762,normal
26,161,633.6628221026834,31.94301412649152,93.41311189609802,91.39437485026227,normal
26,162,629.9314157527256,34.25342687496295,92.54584265822196,84.8138715097705,normal
26,163,630.9131024453154,33.783824460633134,92.67506363282924,78.00011714790473,normal
26,164,636.0641165072851,32.675613714894446,92.37149236784806,82.22570723398731,normal
26,165,638.150288247553,32.54295630272709,93.27663189462311,82.76540818856992,normal
26,166,629.5020123696988,32.53728143775304,92.0588915929935,88.77940637840356,normal
26,167,633.7026371938408,35.84267776217432,92.6110892750094,78.7056987692719,normal
26,168,638.201279305066,34.497977032068135,93.66476502177102,76.43154242455864,normal
26,169,639.0349888031838,33.44789684022965,92.80932487150496,86.7147986845914,normal
26,170,633.9331146362388,32.43432991436812,93.24030259949859,76.09325599214618,normal
26,171,625.1719765719505,32.79828980784987,92.63226442913215,73.22177445353476,normal
26,172,636.1257395963421,32.98255224267122,93.59842620083447,71.83340131815842,normal
26,173,637.3276567632477,32.56351747333351,90.73846959060893,83.18631292581614,normal
26,174,632.2323185888065,35.67692905819941,93.60459190120807,79.95131659190626,normal
26,175,638.1364175013982,34.11267934624907,93.12405541783853,81.40670012097155,normal
26,176,635.5340754870944,33.35182315320339,93.54575856016221,63.431782928075236,normal
26,177,639.3586764046806,35.50043913596509,94.11816666812308,78.79885981188848,normal
26,178,635.3474740239767,34.13331761550698,91.65035991022914,80.74020625855523,normal
26,179,634.3449454809211,34.65988530975188,93.09404528295478,64.29790409197922,normal
26,180,630.7659749276304,34.405586620867346,92.34624388238849,69.55281570378332,normal
26,181,639.3962468906097,34.704944150537024,93.51852254076474,71.22664081087788,normal
26,182,635.4509974202805,33.558196832806935,92.98471786811346,68.41946309673045,normal
26,183,639.3454690125143,34.489099930277504,92.38265845488448,65.852503081092,normal
26,184,634.0438200949836,36.16690994482045,93.77962875461576,59.93485085520977,normal
26,185,639.4118444259176,32.954994936067635,93.58528923311101,61.518247744461625,normal
26,186,638.2797016730348,32.95049031045833,91.36129576832205,66.34351483624705,normal
26,187,635.2972754498517,34.1200371296278,93.91586169745209,74.05479605636438,normal
26,188,640.4110418104585,33.94811942826494,94.2435193328177,54.19283870175809,normal
26,189,636.886525637774,35.174777766987376,94.36403784383874,65.56329568775863,normal
26,190,636.6087269156014,34.255043729220255,93.40219265380325,57.333205213898225,normal
26,191,638.850220263595,33.910223510740884,92.9292578552242,61.44347572873739,normal
26,192,634.6751398150254,36.39162311287164,92.87474580824278,61.70012126390049,normal
26,193,637.4639639217496,35.61895641128644,92.34337886886533,56.259147976228846,normal
26,194,639.3115098344975,36.776442973796385,93.31495063870392,50.09069661265572,normal
26,195,641.9562054507209,36.79114337274804,92.04882232664764,57.54223551898888,normal
26,196,640.6820050019091,34.8300333833257,91.77804371247167,57.75405119425804,normal
26,197,637.9125332895056,36.735499559262315,93.42497244084977,58.71835920990235,normal
26,198,645.5394138095083,35.74926771770889,92.25720107396906,53.6033152388132,normal
26,199,639.6188062250277,36.46217897410165,90.328795970988,52.0245269434626,normal
26,200,635.8676900503513,35.03737672239242,92.7328898110299,49.0044188077549,normal
26,201,642.2928434241475,35.85922339639887,93.06640631639115,47.80459647189348,normal
26,202,634.5352445313106,36.38539258201128,89.75114015429745,40.736395487337965,normal
26,203,637.9511604130043,35.23229052222982,91.3349491955837,41.78966088234447,normal
26,204,636.582142009243,37.86183574484078,91.16185545360811,34.84616173426301,normal
26,205,639.9172448809722,35.27526894197245,90.91503237270719,48.55171240676243,normal
26,206,639.8555271436444,35.32740339878212,92.20625350995725,49.74970415304543,normal
26,207,643.0106164879195,34.106444428349576,90.60501049760299,43.23724265318103,normal
26,208,640.867101784208,36.3127248460608,90.69724330715917,34.9720795846128,normal
26,209,647.823345153439,36.74711095313891,92.28212178886741,41.03125586791904,normal
26,210,642.139046095914,36.73789660019071,90.47955414092556,32.42755270982876,normal
26,211,643.358676121235,37.06784240727117,92.49828089845971,42.67680413321013,normal
26,212,639.974463421751,38.09259130892188,92.28502719515451,41.454207849286675,normal
26,213,649.3479803759365,39.083958762508196,92.16991376655488,39.825986029187646,normal
26,214,646.044965545309,36.53604623032963,90.87017074240894,39.36710703545957,normal
26,215,640.4305717326173,37.79276948552326,91.5568321665362,30.719049477039405,normal
26,216,643.2775995308649,38.585081592138415,91.44237045065384,34.43273823808989,normal
26,217,644.3869558367138,37.81918852289161,90.9891595339188,34.75130523983524,normal
26,218,640.4527889212278,36.64092894316611,90.60885089192438,34.34881344817054,normal
26,219,644.2806984826688,37.38564042275605,91.93076998958529,32.89431041371168,normal
26,220,643.1300696600514,36.56476915718019,90.38029119877325,22.66595267303554,normal
26,221,644.6217086504525,36.81786121754634,90.66467701801612,28.36204659685568,normal
26,222,647.5319855739921,38.68879059831683,91.06529152874603,34.3275174470015,normal
26,223,638.5629544720374,39.717220549766516,91.77249971430459,27.514016425099648,normal
26,224,642.1259209577438,37.48193263386954,91.64935089557804,29.160396917657067,normal
26,225,647.0051801117723,37.27150326563354,90.0701522869848,25.97602622176253,normal
26,226,647.5095618733145,38.08318484950486,92.44148424688517,24.165687310950556,normal
26,227,645.397874068501,38.83055999119267,92.13923013759204,16.253723700977275,normal
26,228,642.2459648758933,37.92673856225596,94.03894178458866,20.69265718729534,normal
26,229,645.4346511709682,38.93835192980792,91.81692890281347,21.84892558227378,normal
26,230,649.4930424851208,37.20602881697408,90.03391157525728,25.8124347528982,normal
26,231,646.2328293443504,37.21754939499134,89.4374620683828,14.945295973276476,normal
26,232,646.4063766264737,39.02737956972679,90.39094000005586,19.924995946197594,normal
26,233,645.2888005399192,39.86392020161692,93.23184009457236,15.036936339577881,normal
26,234,648.2397984323968,39.11841082415011,90.77869542625993,19.266254726706457,normal
26,235,648.4364635669394,38.3289464296151,91.91654577262268,16.00833123743388,normal
26,236,646.0455987405089,41.32320252384741,90.4437866228444,15.274719207118746,normal
26,237,647.926321033741,38.830105389048796,90.968664705044,8.775000454541875,normal
26,238,649.3896301595692,37.281645971607574,89.18193024874287,21.128622735842576,normal
26,239,644.0314599198346,37.16004114796314,89.2085838309338,19.70028634598367,normal
26,240,642.6244147791818,38.24418581740845,88.94180751568302,8.629354014549957,normal
26,241,646.8919373054579,38.79924349327297,92.21613379940514,3.0046234118122594,normal
26,242,648.0934366608486,39.698601246320735,89.33979073792784,10.432949906233013,normal
26,243,647.4005685163401,39.81430906618986,90.17200074847435,0.0,normal
26,244,652.7182961382972,41.59045831535408,90.06324581806518,1.5102397406669796,normal
26,245,653.5180381635271,41.49038290286747,90.03120458841,3.9065969238974265,normal
26,246,648.9602667069855,38.0054511107547,89.86887412130677,12.574709437746225,normal
26,247,648.8939340176883,38.7199654721278,90.61668561930449,0.0,normal
26,248,649.4006436289962,38.57115121945272,89.04337583881326,5.688296274317963,normal
26,249,650.1476003382032,39.143942613157186,90.15953513030489,0.0,normal
27,0,597.6487194918894,21.164034397248304,100.78287755318877,299.8936357518445,standard
27,1,600.5830120117491,20.051601982665655,100.45700925917353,295.0024917077215,standard
27,2,602.8875142001059,20.473565837890813,99.67694366211045,295.5611098424573,standard
27,3,602.9733928253005,20.029513683849892,99.21110690417017,295.0771511651284,standard
27,4,602.9076139466675,18.629446798753957,99.52459109441952,301.3529133483788,standard
27,5,600.2453496836903,20.572816732277843,100.9367689645372,299.46164826698583,standard
27,6,599.5798236808802,20.22960644779616,100.724763901729,298.6973474364195,standard
27,7,600.7858496240551,20.366454347707574,100.05768369453386,299.83450345008646,standard
27,8,604.4026983619739,21.173386703799018,98.68133072393611,290.6258329672587,standard
27,9,600.6831399789303,21.958485032603473,99.49113560882037,297.2672141153881,standard
27,10,599.7879039884067,20.10911604233924,100.18145410581315,297.8407335278588,standard
27,11,601.0146686121964,18.097232138138803,98.10581659766112,290.4898077808223,standard
27,12,597.3756119196546,19.854437173603586,99.65234195063826,275.7531637712677,standard
27,13,600.8108226320237,19.615191442139732,98.11082028209925,282.9890778039097,standard
27,14,598.8923732247918,21.309480217992302,100.77652678668288,284.1778657419447,standard
27,15,600.4616226628594,20.4857949988421,98.44181289206153,278.5562905219016,standard
27,16,597.46333664132,19.630479041681827,101.15199100711263,280.54789482318273,standard
27,17,593.7251145847086,20.432943061518994,97.89958546323918,283.2974246999858,standard
27,18,602.5549390342891,21.135885637692052,99.41927392125481,280.13644847690125,standard
27,19,598.48231163538,21.065345928028577,100.4489245891357,290.06836541897604,standard
27,20,602.286026018082,21.070390054716313,99.9004271790889,287.46620779736054,standard
27,21,601.6911101684864,21.952651316950337,98.54718073447562,280.6492449513275,standard
27,22,606.211812529855,20.029139393452205,98.81485527798179,282.773915483475,standard
27,23,605.2984836915444,22.415946140314855,100.15843964645407,275.29448236041645,standard
27,24,610.197570445184,21.576909990753396,96.2242910508558,274.5882681381135,standard
27,25,602.342486229002,22.295249167367277,98.79881468480187,280.4948499790957,standard
27,26,605.5742981172201,20.55990953852994,99.07962666438857,270.122332778623,standard
27,27,604.6042759405609,20.83850913276488,99.26443523050906,271.6384712450479,standard
27,28,603.7433302359606,23.7309403797981,98.7995147732928,262.3278345619141,standard
27,29,607.3974784342031,22.74795590180201,97.15105982620317,267.49550189395967,standard
27,30,605.8074316705396,22.324203261217068,99.09527623654728,270.08912689466644,standard
27,31,601.8342363807504,19.460151286544313,101.11950731818354,264.15666361146646,standard
27,32,605.3295170701934,21.761152004340666,99.93719755227355,268.5744860674108,standard
27,33,605.410322859276,19.345681751991073,98.17666092745775,270.723165232995,standard
27,34,607.0640046752158,21.088347176382786,97.40197141727889,266.63289653361466,standard
27,35,596.5296778536126,20.95132574766224,100.71016107515531,272.22533664436884,standard
27,36,606.8617480762954,22.467336314481255,96.9698292154756,260.2966638167544,standard
27,37,604.6644942061026,21.50058625049881,98.53975666509214,269.49612212173145,standard
27,38,604.0745308161861,21.939060819443235,99.59953128668376,254.902621406986,standard
27,39,603.3293862634835,21.602277412243158,98.88559214655174,259.27518966253166,standard
27,40,605.0599772719586,21.735146012897502,97.72916973978525,263.04571462105287,standard
27,41,605.1365876431132,23.079018980147374,97.65837266951885,255.6737892112518,standard
27,42,605.6364509164597,22.392132963183787,99.4943687259322,255.84745355203822,standard
27,43,608.6902267284327,22.954944008559693,98.60314738991704,252.2435060175174,standard
27,44,608.87062579639,21.71366253268635,98.65871961984273,255.7302977853196,standard
27,45,606.1287145721482,22.310680277014686,97.82792330503834,246.9153178131496,standard
27,46,611.1114141985211,22.26827653574275,98.49188790488253,253.3288630803303,standard
27,47,610.3368130116862,24.75319422151764,98.74984741958869,252.2149866577154,standard
27,48,603.8296289785218,21.436411550587234,96.7860250703559,248.02077520238265,standard
27,49,601.0774356080607,24.018829953740113,98.95309624399343,249.7417974265761,standard
27,50,610.8281519422824,21.928843922596727,97.68001894463545,240.33103359849127,standard
27,51,609.9730610850606,22.249658713690724,98.48569561327582,254.0128820028734,standard
27,52,611.9125522664982,23.09085364850943,98.82423743627136,243.48074876978168,standard
27,53,613.0001200290227,23.013849439700632,98.49028495186812,244.96573463868387,standard
27,54,611.6977469952413,23.43959392308319,99.14093457741362,247.7697906998944,standard
27,55,607.588771850352,24.22946856129959,98.69531619457537,240.19510469576383,standard
27,56,605.4323658485719,23.508826729031632,99.22745790238763,252.19710274253202,standard
27,57,603.2183596272575,23.44565984909872,98.77964766217501,244.4783456749738,standard
27,58,611.7279813151011,24.1355339764915,97.27449981641966,236.92604155654635,standard
27,59,609.7873645684552,24.530505424422525,98.3734175529527,233.1103346521586,standard
27,60,605.8584857540512,24.29151585586533,97.85135490908287,240.58978651601643,standard
27,61,612.3462541174553,22.457790952380044,97.75575734409804,236.3856359331303,standard
27,62,610.3662076095835,24.49288817827199,96.65973254310121,237.97231820416866,standard
27,63,612.0579873121387,21.925213548539165,98.04560755856039,230.92107779608386,standard
27,64,607.6752992893514,21.33496541051848,99.47273411875503,234.22085436298244,standard
27,65,607.3284244078923,24.228267045457148,97.00768976731275,229.31377735559352,standard
27,66,614.4309875094411,25.7686630283268,97.42793632771752,239.3367735495809,standard
27,67,611.1181213319642,22.60616870828965,97.06186810615021,240.75549899598468,standard
27,68,605.9196149015276,26.36099933807486,97.38863782408822,239.90407453146616,standard
27,69,609.4333086160715,24.939903591501153,99.3250331401207,237.94976908840505,standard
27,70,608.7469034076211,23.342611900100874,97.81878799024886,223.4976018948301,standard
27,71,611.3677925268316,23.439203347722486,98.95270977354292,226.1494379189093,standard
27,72,605.5732230915598,25.720914776169295,98.02336800333187,228.14567445210037,standard
27,73,614.2331843548387,25.251576502298157,97.04814645598958,224.7510919698692,standard
27,74,607.761134249822,22.975547944875185,98.35859253491539,227.9609215502084,standard
27,75,613.5324876345676,25.78160544149594,98.52447479492567,229.3172973815263,standard
27,76,605.1661162254836,24.253014758075008,98.68457649466998,218.1589563189739,standard
27,77,611.8250141485132,25.13946444061351,98.13285349383848,224.84398153979149,standard
27,78,613.4967381571367,24.86074389492822,96.19707179260898,224.53477767701747,standard
27,79,612.7042396816613,23.29025154914455,99.00973521108656,223.6691884987402,standard
27,80,607.8589550370676,23.98277483602785,97.03594795825381,217.17618280599675,standard
27,81,613.0291505664553,23.88364824894174,98.69813674712192,224.22901725683997,standard
27,82,614.1579519287988,24.96424177539385,98.47744751515154,216.62026138597994,standard
27,83,610.2765334158504,26.170109645619743,97.82754275701902,213.57971179709304,standard
27,84,611.3467728988753,24.30357201623473,99.50217485882861,216.02049218725261,standard
27,85,613.223313933761,25.82121904786194,96.234639017393,220.4827363314311,standard
27,86,611.0764616076365,26.99001628611515,97.10734126998541,219.18820007381592,standard
27,87,605.5596056486427,24.04486692391403,97.09639284100237,202.84608500937554,standard
27,88,615.0026533465243,25.59295812543625,96.36917235014012,211.92020685067752,standard
27,89,615.7694316897694,23.236950483130027,96.05651098376534,209.32455850388328,standard
27,90,613.5711708798974,25.341388578398455,98.1892947854357,212.38605622827697,standard
27,91,615.7399045217131,24.070124267195634,97.41482385479938,207.46428745381027,standard
27,92,618.1862156450063,25.694395637377898,96.57094606528396,212.2625063797752,standard
27,93,615.639893387594,24.75839832735952,96.86151029723082,205.3427677019582,standard
27,94,617.7823832768387,25.843241873878444,97.90678247856017,203.5336413943496,standard
27,95,615.2544008734184,27.003360902929657,96.78892323474936,205.57577401918888,standard
27,96,610.3100812312872,24.99444191008997,96.78555710800218,198.6958034552414,standard
27,97,618.5159210325655,24.981992979758488,97.87679859211725,203.93418118765737,standard
27,98,614.7925558455314,27.366163644965155,94.79939970307242,201.01897551588448,standard
27,99,611.6088589903037,23.978579590866964,95.83526826624231,201.08618767501537,standard
27,100,612.8239586123807,26.896613589825147,96.78615415205867,198.37630822639528,standard
27,101,614.1891571484817,25.96150559387046,96.55152146505725,194.74373151217918,standard
27,102,618.2675546519281,25.495904949611056,96.55647338365381,200.14702540045155,standard
27,103,616.4062237384718,25.28656193765395,97.66498194411075,199.68835169919203,standard
27,104,616.1339245025617,25.80868314941851,96.47326930947858,194.99101448499195,standard
27,105,612.0545041766167,26.260731551403044,97.742102040447,199.38185594917013,standard
27,106,614.7574446861706,27.424083272725536,98.72590455452944,192.41896232368586,standard
27,107,618.1245441192965,24.15719003730921,95.53185327181802,193.4556051466676,standard
27,108,613.1798008124449,28.519202044722448,97.35787968729656,196.82915823429065,standard
27,109,616.2629207815182,25.536791980136346,96.21118971782512,192.2719023981318,standard
27,110,614.586253984773,27.2711919917272,97.41141496920464,190.02490651969794,standard
27,111,611.173094738949,28.37478493366596,96.45732714331048,202.54638324235518,standard
27,112,618.7576070890566,26.51004492326794,97.087821876498,177.90357241460694,standard
27,113,620.028427209708,29.346941237529478,94.52076652615662,185.56295495087147,standard
27,114,616.7839856316255,27.715228629163065,98.68597567416553,187.91441061297783,standard
27,115,623.6753754726466,27.070432476884662,97.00142381879623,186.64117783080127,standard
27,116,621.0608993490152,26.537678941889798,97.3382867587615,177.84601696871786,standard
27,117,616.6964876860458,26.38325637706119,96.57796155861794,181.4196012529811,standard
27,118,621.096401077371,26.201331904828354,94.72868406418898,175.2135809014422,standard
27,119,620.832504138904,26.17044265668378,96.82784441552072,179.5260624837596,standard
27,120,620.4727321642598,26.96923429488339,99.16434851611714,189.4905850790925,standard
27,121,617.2043694587829,26.807865410905013,99.50232615080847,173.60574519335705,standard
27,122,618.1349293562449,27.34244891970543,96.33766210218543,169.30644139734736,standard
27,123,619.9398072290279,26.409649908607683,97.74598912416907,169.7201747878269,standard
27,124,618.7783977821265,25.22387935304811,94.12561629365928,171.80324020853683,standard
27,125,616.6553697529889,28.965726412989437,96.2094081637381,181.46203450455778,standard
27,126,617.7606402159699,28.16608518288033,95.4945246830811,170.032634654507,standard
27,127,613.5874495832463,27.955753993851275,96.45208341470014,176.88656443642927,standard
27,128,619.8447548614242,29.706195977193968,96.3360276366775,176.95913357169061,standard
27,129,618.3776727510027,26.83152996569861,96.84769517018663,170.5542600608983,standard
27,130,621.9961291377889,28.15293654184468,95.30698667320983,175.37168938838514,standard
27,131,617.036430138646,28.485326263295505,97.35161111152584,167.0770258079242,standard
27,132,623.267983361017,28.317616834053194,96.89194377839627,163.81622154448706,standard
27,133,620.5929006961613,26.571918689975497,97.72130051531047,156.93000839207747,standard
27,134,619.0357445411134,27.108291405800376,96.65470041520224,175.61972972964958,standard
27,135,622.2147452960626,31.061283696951353,94.57205982344117,158.49407933735716,standard
27,136,617.7206573051537,28.281244695295907,94.89307762471675,160.24168622847486,standard
27,137,622.4114505717819,26.98082811688618,94.7568039870299,161.00730623504964,standard
27,138,619.7866707874821,29.290015717221316,94.95936025202188,158.39860007939552,standard
27,139,622.595010348837,29.14139432378338,97.25872446712658,163.34560177432377,standard
27,140,621.3910921798855,28.97503840674615,95.53258719411144,158.6261620281226,standard
27,141,615.8276690631637,29.353415956689336,95.98145894505174,162.88519633184154,standard
27,142,612.8525685165681,28.472898292106457,94.88411849362237,165.50681252410118,standard
27,143,623.2926507464515,28.814235410810557,95.27806703065897,158.98604155065823,standard
27,144,618.8154431118658,28.540274652314235,95.10163661301259,167.33244827490847,standard
27,145,626.1598432685726,29.763047483982835,94.15968897784585,159.32078556142028,standard
27,146,622.4630000254258,29.983460139516144,95.94239509512694,153.96641166980848,standard
27,147,622.7513528890096,27.014366708377455,94.8225967278322,154.86667769351635,standard
27,148,625.6181650752198,28.329506883687884,95.51919312013607,143.99503777662304,standard
27,149,626.7279324400613,30.053741732233117,96.1821026185672,153.03403093815444,standard
27,150,627.1576471954404,28.194989008685283,94.58683844367334,155.30759893128214,standard
27,151,625.6329401451244,27.86650441391085,94.93864011842314,157.44546565538695,standard
27,152,624.0350019846477,29.907161518018174,94.28095345747064,151.28322262268588,standard
27,153,618.6913753626874,27.200178634399315,96.13682396018086,154.17222584817245,standard
27,154,622.3386417727526,28.693449318145543,97.09084865624637,145.02608315442697,standard
27,155,623.0526938293282,30.993957226440337,94.99641518697179,141.72986195327567,standard
27,156,625.8465246724112,28.648143845620883,95.1753984618778,137.404206991439,standard
27,157,624.1061912651295,29.488097487203095,96.25802027472315,147.28628268330866,standard
27,158,625.3545540254088,29.874255692781013,95.18674588624766,145.047779844979,standard
27,159,620.513003478993,27.19103392814569,96.3919176712129,144.37080231123957,standard
27,160,623.6190406971602,30.674558608445988,94.46850258305348,136.47253733958425,standard
27,161,621.6175868289175,30.227621975115884,93.58704192278525,135.1651919660898,standard
27,162,625.1691450697084,28.51584892407739,94.47968959433882,126.94216211442718,standard
27,163,626.2674199482046,29.092164806657724,94.01071874985884,130.52488637020713,standard
27,164,623.3453594633847,28.25984441310856,97.02237967714866,124.07627691415507,standard
27,165,623.3981425506405,30.006906929291254,94.27462099586344,136.0606586864656,standard
27,166,622.5011952751615,31.49009446367315,93.90112298589023,122.2438802932584,standard
27,167,621.15450044864,30.406494774813716,94.87207562045113,136.76066453991058,standard
27,168,626.7052338501329,29.443719650274794,94.47091650620445,130.07335612173387,standard
27,169,631.00303825049,30.83082231468737,96.82168689917852,135.20389686170907,standard
27,170,625.3092498152354,29.180638513014337,95.10151967114875,129.69565413891885,standard
27,171,625.3690581439853,30.05090092310075,92.81753729242378,135.30419908267328,standard
27,172,625.648639532348,28.905746883971357,95.32176270907365,123.72081915696737,standard
27,173,627.6364218689124,31.261656460512462,95.82963649066932,126.1954163667259,standard
27,174,624.8586668159445,29.814461639735327,94.05744391153951,125.91384967894541,standard
27,175,625.6219708128248,29.674696184177833,93.6062152461971,124.45621953870709,standard
27,176,625.0974071461685,29.418633026718137,95.5505710134214,132.86046375412624,standard
27,177,629.4377646419526,29.899811988323957,94.63977031541006,130.7021447584373,standard
27,178,623.1789010716676,31.462595126685226,93.21191679185601,130.42018813715666,standard
27,179,625.559056425747,32.969043724523814,96.35806379864182,120.46784745209305,standard
27,180,624.8417838806688,30.994775471890915,94.41984103335344,117.99216518207204,standard
27,181,622.1756602362651,30.345446416345414,93.45952087824375,121.75823853212619,standard
27,182,630.2732139497922,31.6606840039236,94.8823750896275,113.73546466429549,standard
27,183,628.0662023178057,31.772765143644378,93.92376442560027,117.59493210697504,standard
27,184,627.1636152321903,32.702366669610484,95.33154813526453,119.04579805874195,standard
27,185,622.5999187981037,31.272837326767586,94.29498657107543,114.18171444715064,standard
27,186,623.2097595817751,30.07223137770243,94.35198251209422,119.5717788909523,standard
27,187,626.2784262904817,30.82006127289573,96.1710919952862,111.51588805416081,standard
27,188,627.8136314284393,31.16475521794826,93.0144948535955,114.85899061707558,standard
27,189,626.391371644247,31.309929382960263,94.7743729644178,120.71278794517696,standard
27,190,624.5466898663612,32.26498218506622,95.16872325617396,106.80892613610364,standard
27,191,630.448511544156,33.103436151291895,93.50502879078755,110.20734898567578,standard
27,192,630.0144040918193,32.05417885495355,95.00929176071601,108.83152414126087,standard
27,193,630.490308559044,30.668526349876274,94.37400349363955,104.61829367159743,standard
27,194,625.4105132845377,31.1308554505631,94.44945639219806,108.17898638185096,standard
27,195,625.4446226372316,30.762323283275133,94.87465627969323,107.54074046307932,standard
27,196,632.061307986139,33.127830427176555,94.6578871095906,101.92596186414563,standard
27,197,629.8945483742457,33.47989710092738,96.8544489977854,105.3154818287118,standard
27,198,631.3066624164339,32.60570836699742,94.08379284581936,107.81926951171312,standard
27,199,632.8741358781986,32.294376447148814,93.71198009399438,93.39651806311431,standard
27,200,632.1972406428428,32.21285831522611,93.2622322693459,94.35039867502687,standard
27,201,632.1342985481498,30.458763678383036,94.26964118744381,103.21775204584446,standard
27,202,631.9496786592498,31.729260225641557,92.69062551552508,100.93509619897596,standard
27,203,634.0515692758603,31.60726664525696,94.41690820029285,104.90757559365905,standard
27,204,631.6165412893248,31.843119855122215,94.92085354006315,92.31219512921093,standard
27,205,626.855423954841,33.11232119114597,93.44383773651643,93.41739492998158,standard
27,206,629.0191780933468,31.887182604445915,95.22303342752686,102.31249382891833,standard
27,207,636.4349359084338,33.510120621177514,94.25627125977324,85.83857204033444,standard
27,208,630.637425891299,34.636754488623694,93.32437842124735,99.57072237386137,standard
27,209,631.5151074570916,29.861857614146853,94.37048556366896,97.33127348089155,standard
27,210,631.3530120940784,33.83305100448541,92.03217248558292,83.07217868050316,standard
27,211,632.264592924257,33.137114727817526,95.02657886859228,92.1946223337428,standard
27,212,628.2191127319048,32.93304562207439,94.24072744528814,78.62883000651435,standard
27,213,631.819099590786,32.44441745606178,92.95530692625425,89.49388525876336,standard
27,214,628.6509554203262,33.25687951200365,94.13949112920889,91.41881655130487,standard
27,215,628.8797422116222,31.39476578164545,93.82890360733902,83.56864383066149,standard
27,216,641.1079507874812,33.41849847624293,93.57816171170418,83.13586022161792,standard
27,217,628.8958144636816,33.583881552954594,93.4108549737292,82.60843158285283,standard
27,218,632.9833299764961,33.301212529917244,91.72074435408248,86.18511503185466,standard
27,219,630.3106668755522,33.001967802531375,94.7159049206653,89.89724296135057,standard
27,220,627.8985166841209,33.23024482767465,93.67291318516604,72.46234986904277,standard
27,221,635.5577740932545,33.37626267741417,93.564159595695,74.41223540829033,standard
27,222,634.538659930144,34.15822395638994,93.46729788372593,75.43032049518473,standard
27,223,632.1417920458609,33.60039570712596,93.35879737838063,81.52411059559698,standard
27,224,632.1592251374275,32.221619397259175,93.63938607732051,73.61235073500649,standard
27,225,636.101045847109,33.5075386304576,93.90481320436483,69.92841476634607,standard
27,226,634.3301587896894,32.86073679261609,91.99962634692378,69.69446060964492,standard
27,227,632.4165687246724,34.86469452702385,92.61905960050734,66.64229874860888,standard
27,228,634.5944322674901,33.709180660677674,92.6679469879898,71.19388267076937,standard
27,229,637.2786812579898,34.41070576539918,93.71423020687372,65.08160607739885,standard
27,230,643.159644185146,34.85125221027422,93.61702856319087,64.17844112801396,standard
27,231,637.4931903382023,33.35887148970067,92.87572919536403,60.596103619703584,standard
27,232,631.0755507421784,34.35854649882714,94.0462346752705,71.42452209897517,standard
27,233,636.9024569902289,33.91523354304029,92.6032929846338,68.44447571782696,standard
27,234,637.5642249693009,34.04486225493359,94.1902520199134,64.92465368091996,standard
27,235,632.3091631941119,34.089637757959004,93.05597227825957,64.58984966361795,standard
27,236,639.2419666826468,34.965301980724036,91.48905901137829,71.67183507099143,standard
27,237,627.3257488175125,36.371024372852496,92.60269448644313,62.0521613167425,standard
27,238,635.5199512830791,34.66520543284018,92.85973679873315,61.33302405581367,standard
27,239,639.7767549280686,34.90559607975085,91.87119614562924,64.70336957167862,standard
27,240,637.57232100955,33.85472627441878,93.59213842636215,59.2121369938848,standard
27,241,635.4849795836246,34.211086882567066,90.3418819430476,56.366503335326996,standard
27,242,638.4395197263767,34.49758875709623,91.45481357014424,62.82315627596019,standard
27,243,635.5541995213698,33.35842450933848,94.91601246167102,51.73413702756122,standard
27,244,639.2384745338571,33.87068589914539,92.81582683457383,51.48909518315912,standard
27,245,633.032087456179,35.22220254467141,93.05529054513441,60.72324722109532,standard
27,246,636.7968542091124,36.98035179412649,92.88834666743703,56.83387340618606,standard
27,247,632.9747122646783,34.20591568487747,93.10967970051598,52.578861187932084,standard
27,248,637.763049405104,34.063506244285804,92.68194697347163,52.59272945795868,standard
27,249,633.8086949403443,35.582549844680585,90.82993505308204,51.921190402988415,standard
28,0,605.2967780814765,20.680550537819084,100.67429924603711,145.51286662525658,accelerated
28,1,605.6071861594586,21.49671809460229,99.09640997710443,146.6261837909256,accelerated
28,2,604.3639681347801,22.036147378316755,98.6153139649097,142.98144615137713,accelerated
28,3,600.4686397307335,18.188905970557485,99.83904516020942,152.92871757014993,accelerated
28,4,596.8840889512928,20.607106964975088,99.1782292950047,154.19972974376958,accelerated
28,5,599.7906244136009,22.118993087748585,99.10254492918878,148.85587902667066,accelerated
28,6,602.555836855088,20.5817273334857,98.84947143094602,145.61547710658945,accelerated
28,7,600.7783942125453,20.15023377519186,101.05272274137572,145.73765113746614,accelerated
28,8,604.3309168557216,20.56840148138774,99.33402165291669,140.75711666324443,accelerated
28,9,603.711716737503,21.721803451842504,99.42974862968842,137.0367750290968,accelerated
28,10,605.2817113710796,21.233403868208335,97.95916362122902,129.32352624960157,accelerated
28,11,604.1936915263814,20.490526201122297,99.77106212939646,135.12190845568034,accelerated
28,12,603.999557317485,21.06159847203791,101.0319208102733,142.75157828909323,accelerated
28,13,607.9418907005635,21.584047769119064,100.04236093911489,137.4582503880057,accelerated
28,14,608.6087741023013,21.607437934743725,97.7625106596392,126.00689237373031,accelerated
28,15,609.5049333586935,22.27850447415086,99.64425685004174,142.44823921145792,accelerated
28,16,599.8447951688221,21.561398784768194,98.80393017038497,137.71137616603508,accelerated
28,17,603.0220793246974,20.83862625648521,97.7696513490029,138.7470903813601,accelerated
28,18,603.1724037185907,21.607982515678188,99.55449815072791,128.50527295882551,accelerated
28,19,600.5851547317332,20.698298826275103,98.80319260328454,133.48664215182612,accelerated
28,20,605.3932642684488,22.83044270380907,97.18716247399236,122.27348229515945,accelerated
28,21,613.0618077488826,23.75278427213668,99.50897189189851,125.7013766463278,accelerated
28,22,605.8859814278087,22.638322682866402,99.99434611371653,130.01391383222546,accelerated
28,23,608.4777414038634,22.592345064882497,99.41266506684009,128.51161373715635,accelerated
28,24,607.332068198237,22.136915827813727,98.44642825789838,120.60233648110022,accelerated
28,25,607.3795829820391,23.0889113579649,96.09548161539368,123.84830230449748,accelerated
28,26,604.2723593861862,23.618639325516696,99.077159743551,121.86830091167342,accelerated
28,27,609.7470662613657,23.831066936335063,98.15028416058823,130.67143487651828,accelerated
28,28,606.2247751889805,24.831365703253166,98.09480057081679,117.78336823387016,accelerated
28,29,607.6453545725869,22.38061077227068,99.0445578673892,112.98615510962362,accelerated
28,30,613.1688256613065,22.66413279825354,99.03665337184596,120.12112930530235,accelerated
28,31,610.1124458491488,23.129956628722635,98.49280800033313,119.67487144275432,accelerated
28,32,605.226266795492,22.877499997066742,97.5390878889902,114.22501740936775,accelerated
28,33,613.658432836151,23.9670141838475,97.24132865236011,114.54615087998481,accelerated
28,34,608.6866107493588,23.79195052799493,96.8846705952804,111.93034444701341,accelerated
28,35,612.7998207334927,24.385343103366914,97.74766245345981,115.0131140865755,accelerated
28,36,610.6633177302738,24.110868895268357,98.35710483870749,116.21579992923964,accelerated
28,37,606.3847110803184,24.30843781409076,96.27418060065924,116.17788601727854,accelerated
28,38,613.7029996705509,23.949221102358305,97.60324104466528,101.44279851438877,accelerated
28,39,614.6183694422762,25.389673740251403,98.81008526173753,118.4327207016855,accelerated
28,40,608.3276721210697,25.68804420163844,99.07930444441845,102.52711064485382,accelerated
28,41,611.7863663644628,24.55659801677058,98.3954618641915,97.0302946682796,accelerated
28,42,618.0478730886966,24.927462935805405,98.39609440201716,107.69881381154205,accelerated
28,43,614.376375152939,22.83858174138385,97.0351176271993,111.23880605671839,accelerated
28,44,614.0661970401411,23.643158907273243,97.42142489387662,101.90628837069248,accelerated
28,45,610.7837422464797,23.87930572668328,97.91870262190713,110.56507221967817,accelerated
28,46,620.1604294024885,24.04595160825707,98.00737216122647,108.16585685210454,accelerated
28,47,612.358485968346,24.72242161459067,96.09425767903308,100.36323378269893,accelerated
28,48,615.0078647875679,27.120112010506812,98.22533833801012,93.92291527865669,accelerated
28,49,612.3334702541985,27.17964037430947,96.32890716740494,100.71542918294912,accelerated
28,50,609.8841331961578,27.153033415512947,95.08725179414861,91.7859470960669,accelerated
28,51,618.4524511825101,28.04006167956656,96.64938891527508,98.76568594068587,accelerated
28,52,618.324838679349,26.529447814697384,96.50678182062333,95.57273189307153,accelerated
28,53,611.199606127545,26.59294177212022,96.72808317793051,94.8107691044366,accelerated
28,54,613.1945556133129,25.57946914670657,97.37837692050671,100.40831824204524,accelerated
28,55,615.5186515311282,26.167520426753622,95.8463519533858,99.68410021787129,accelerated
28,56,616.8929873089677,27.087900979327262,96.99847013009347,92.46149189733032,accelerated
28,57,613.6039197004698,25.843866844314082,97.70788553264745,89.37157842574715,accelerated
28,58,616.1689130407549,25.82560946462879,95.30393348107359,88.15417501485639,accelerated
28,59,622.7652215527335,27.738037391192428,95.93321112857637,96.41438397275998,accelerated
28,60,617.5431033801107,28.554340046991836,98.61173035039621,95.14080869633095,accelerated
28,61,618.5836528656677,28.01930987351636,96.35507121928221,79.82000818012479,accelerated
28,62,616.6361237573639,26.48840840434678,95.60320895816913,96.96835716319723,accelerated
28,63,622.2664492285639,28.000884801441646,97.03234295045135,77.53943257047072,accelerated
28,64,621.3845511392686,28.619624316202167,93.92025281231271,89.826183768897,accelerated
28,65,615.2277790719987,25.82999464355397,97.42631821685957,79.9647547619383,accelerated
28,66,617.6521597818469,28.909604542757346,95.73476172774761,83.09917313135459,accelerated
28,67,619.4937392806862,28.387598770974783,95.75366558360933,83.5706303717955,accelerated
28,68,618.8893256237618,28.511819589879362,96.23384303190457,91.48942918842091,accelerated
28,69,619.556247150979,28.09583448219502,96.09882432593704,85.8221782215736,accelerated
28,70,617.7252445404685,28.503576521775067,93.29217396394493,78.64234041638802,accelerated
28,71,624.5181810902981,27.793857563652686,95.9168376152853,76.35547212808198,accelerated
28,72,619.021793406799,29.6114859982681,94.63474131015435,79.46482646931547,accelerated
28,73,622.8250548622984,27.908200482961373,95.77568525695763,72.32526081266012,accelerated
28,74,623.7653756247275,27.56505428535711,95.22039449680815,74.7361417017105,accelerated
28,75,625.838866014632,29.140043071711894,96.45501349011207,77.77345524244939,accelerated
28,76,624.4449090026873,28.788066809769933,96.46090588352489,72.21914795348998,accelerated
28,77,617.9105235602098,29.02521283153311,95.83347640464406,64.96687140643593,accelerated
28,78,620.7446929238388,28.129411559822643,96.10671710470896,80.36431318506249,accelerated
28,79,623.0709025373604,30.01153036306826,95.76551936589973,78.76898473219981,accelerated
28,80,622.0423412881422,29.38012103524168,94.85923135057594,70.37683620020131,accelerated
28,81,631.8129504063504,29.750811115197312,94.28528934739295,63.227513865534405,accelerated
28,82,628.3579350219392,28.98074549602192,95.74358695919909,64.60154335370686,accelerated
28,83,621.0999217902505,30.56519960030182,94.38925513323646,69.12712819619446,accelerated
28,84,626.6978488225382,30.626265245012465,94.69185131605681,69.43091778252354,accelerated
28,85,622.7323610146558,27.74590974893587,95.60689217312012,65.82795252418735,accelerated
28,86,623.969765267958,28.848847238024955,92.80342170116467,64.25871674104486,accelerated
28,87,631.0463578971899,30.301442583569017,94.41866461330845,62.878160787520784,accelerated
28,88,632.9376153357263,31.311904226653134,93.78642474829961,62.14051951951052,accelerated
28,89,627.6973107334649,29.623661133421155,95.41913662234256,56.91095601427823,accelerated
28,90,622.4671626979798,30.87613355383978,94.51784414050964,59.99489048898653,accelerated
28,91,625.0060661470116,30.294887382128962,95.6684466603691,61.20542807500374,accelerated
28,92,624.7297617702682,29.08930310557989,93.5655835978878,58.786495360800956,accelerated
28,93,626.0042048449367,30.45034979482318,93.83083956106934,56.63646218631856,accelerated
28,94,630.5538837388751,31.279580796054308,94.42193702151765,54.8756981805859,accelerated
28,95,627.0019295035357,32.29424087131993,95.0424020678442,65.22639958833025,accelerated
28,96,630.6316928951677,31.021585678192537,93.3353486908898,58.764726303558085,accelerated
28,97,626.6550393470696,32.44973668652207,93.4200860061074,54.745791918936405,accelerated
28,98,626.2207463554009,32.53988535433208,92.88632834449075,53.364786647533506,accelerated
28,99,629.106480197319,31.98180643722626,93.66419616583836,48.90370026314505,accelerated
28,100,630.4643436120293,30.997861621910147,92.99197793833332,48.20725250180794,accelerated
28,101,629.107589580843,31.114603536195624,94.86421469291466,47.32763290784197,accelerated
28,102,629.9200133910117,30.912471674030456,95.95163585461212,60.135336977774564,accelerated
28,103,628.5588042647869,33.586086381169096,93.7281866162624,55.01884796406553,accelerated
28,104,632.2086992592012,32.5797621687674,91.26073046038142,41.606970132866586,accelerated
28,105,631.5615620087249,32.79866625270398,92.48516628606262,41.356142356618605,accelerated
28,106,633.4603410517524,31.336789270266642,93.77372972372353,50.18976765744527,accelerated
28,107,633.2564088873355,33.17548674316598,91.55984855082224,38.89043611791052,accelerated
28,108,638.5626055007731,32.360838082454066,94.78447620954707,38.94579555321859,accelerated
28,109,631.8665384954717,33.595586845353516,93.56069301599402,42.9075622550054,accelerated
28,110,630.5448292358191,32.06372981053125,92.51412838560951,37.33840929268817,accelerated
28,111,632.6121558538277,34.35727538063982,93.42734145602505,41.42298551254292,accelerated
28,112,634.0248030377404,32.32456574647122,93.29726952600565,38.65391055095768,accelerated
28,113,636.1797696640239,32.491411930356534,91.17958913485164,37.88131907585249,accelerated
28,114,635.2615500047652,33.500615193682954,93.18802090072678,40.393861892914025,accelerated
28,115,633.1235832704175,33.52135915784142,93.17903644461383,28.900926604153288,accelerated
28,116,634.3443083248567,33.856256682665794,94.67704221432028,32.5094217118577,accelerated
28,117,635.7000337198334,34.95861760538974,92.14251527468957,39.87870193438083,accelerated
28,118,640.6916106961718,34.13110371235132,92.38057393854062,40.13559712195194,accelerated
28,119,638.0868926183045,34.361969204663836,94.2868438196157,37.6049609427466,accelerated
28,120,634.9912291381253,34.64872985329915,93.37679248792595,30.143650149439257,accelerated
28,121,632.1273882272872,33.58174049630175,91.38173721453977,31.46462151512002,accelerated
28,122,633.0469430486288,34.83241807081743,94.51190382627516,35.13885092456073,accelerated
28,123,631.3877500591981,33.481298529228994,91.84348357582014,21.15488155390316,accelerated
28,124,632.2385568680348,34.869159660274754,93.26510054941657,30.770170193614437,accelerated
28,125,636.0765714877685,34.72809629968441,92.85567724512475,24.457572190804253,accelerated
28,126,640.2318203282873,35.55036486283451,92.06369557648597,14.716818441732784,accelerated
28,127,642.597094816446,34.55391771055568,92.73755864573026,13.417041656404512,accelerated
28,128,638.3660502498426,35.4602619608622,92.46860207254765,37.06896641358998,accelerated
28,129,636.8066448786197,36.30066422695669,92.78323245220938,17.60680503666207,accelerated
28,130,641.4170082095428,35.4356790630692,93.07524321757673,29.804813117108573,accelerated
28,131,639.7523966719023,35.43887477093155,93.19155618381042,25.98326582967171,accelerated
28,132,636.9502273818239,35.38704291046193,92.75542327184127,17.339839947926404,accelerated
28,133,637.0370039610397,36.500694827895394,92.69148971570677,15.328071220515124,accelerated
28,134,640.3840462959938,35.50342693105388,90.86476257408803,13.514676966859067,accelerated
28,135,640.7217970505277,34.724910778530706,91.47598706874784,15.439150652963693,accelerated
28,136,644.3839797303746,36.00740764519947,90.59409764989078,12.951699936511355,accelerated
28,137,639.4002920877298,36.992178555057365,91.44209467363777,0.0,accelerated
28,138,652.4748735035934,36.702363291590935,91.80919151030858,4.29295014001484,accelerated
28,139,637.3062922021152,36.58805104232697,91.99617133231163,14.51057069588376,accelerated
28,140,642.7123129719548,35.614057796831865,89.09553339091994,9.498888253108975,accelerated
28,141,640.6980759881726,35.65742827588772,92.36805822410564,1.1221162541000584,accelerated
28,142,644.4509065183697,35.62986202498252,91.61408868558334,12.669871610093109,accelerated
28,143,641.8862000531932,38.84991983450682,93.3378863255935,8.185875000098278,accelerated
28,144,644.8241561117709,38.34070886631652,91.90442637248549,8.186216087992719,accelerated
28,145,641.9277917916718,35.712643824822294,89.90990458675051,16.911836793807595,accelerated
28,146,644.767376873415,37.274316518608664,92.50332725911791,0.2527101356908519,accelerated
28,147,645.8493248022396,37.71719203356004,91.6400275011036,1.3179506535307166,accelerated
28,148,641.5059170781288,36.93712892686036,90.33611579773971,1.9851484383892215,accelerated
28,149,640.0315944585782,36.6325713849779,91.1955242975292,0.3616247779304249,accelerated
28,150,645.5706946027701,37.95495646566689,93.5189502068882,0.633692169954367,accelerated
28,151,644.1627610515382,38.221131785361514,91.95995504251033,0.0,accelerated
28,152,647.6541850759088,38.63604596440222,90.58958442315735,0.0,accelerated
28,153,650.6967663425762,38.60307829503796,89.83397897582893,0.0,accelerated
28,154,639.8572582508016,38.61739870675289,92.07206234378282,0.0,accelerated
28,155,646.9491982035241,39.58543180586929,91.79113863319648,1.3990058613791554,accelerated
28,156,641.1952385059634,39.22493095461181,89.13443481490539,0.0,accelerated
28,157,649.5633667788255,38.99804712185162,91.30633607423937,0.0,accelerated
28,158,651.8208093304886,39.64833393384105,91.40929811929345,0.0,accelerated
28,159,651.2142037206379,38.763838423359594,89.84877372985461,0.0,accelerated
28,160,649.7496353243638,38.35318115224266,92.45630101019253,0.0,accelerated
28,161,650.1151054224352,39.75040342273169,90.6697862262603,0.0,accelerated
28,162,648.9384221637644,39.53954158189575,89.70398831376161,0.0,accelerated
28,163,641.7561228158536,38.46272706987501,91.14182629150729,0.0,accelerated
28,164,646.3698579441127,39.86284865497594,91.2583823293973,0.0,accelerated
28,165,651.5287445317039,39.766210304419836,91.29040198842534,0.0,accelerated
28,166,646.486270113697,40.19953916894281,90.13620609990043,0.0,accelerated
28,167,651.8275024806135,39.10935043544227,88.61056438837858,0.0,accelerated
28,168,649.2351643239057,39.876252818942085,91.18904571135388,0.0,accelerated
28,169,652.2997196074664,40.50199959462931,89.42581154428444,0.0,accelerated
28,170,647.4085277379239,39.70549314952933,89.75707801163901,0.0,accelerated
28,171,651.8085592732098,40.325561872764354,89.34270158845679,0.0,accelerated
28,172,644.2181441333319,40.25627045471507,87.32756255437053,0.0,accelerated
28,173,654.1865447495968,39.408893795786206,88.39694241610862,0.0,accelerated
28,174,652.3909259781395,40.539211723795965,89.28134526960841,0.0,accelerated
28,175,649.5792028068962,42.13187402389604,89.77234068013163,0.0,accelerated
28,176,650.6983595525024,40.247931225532525,90.84592790347305,0.0,accelerated
28,177,652.7205316292324,42.94722118495386,90.83204359519918,0.0,accelerated
28,178,652.1683040336286,40.99763604410265,88.36725340403106,0.0,accelerated
28,179,650.6807624908234,42.34830431542744,89.95054313090884,0.0,accelerated
28,180,659.4301353109934,40.040903678918475,89.12030869902111,0.0,accelerated
28,181,657.1817794508125,42.07356586437517,87.4127048213335,0.0,accelerated
28,182,656.0563851687738,40.80450813803707,88.73032089521361,0.0,accelerated
28,183,654.3874859231505,42.11011796735983,88.68535284136605,0.0,accelerated
28,184,650.3617788928465,42.41724146150321,87.03554540313705,0.0,accelerated
28,185,650.1025325279027,42.25050489048629,88.89388099541226,0.0,accelerated
28,186,658.3868571504047,43.36758842225094,87.22995740062407,0.0,accelerated
28,187,662.1328226536801,42.559100568497705,87.94865185969869,0.0,accelerated
28,188,655.2490021790578,41.38354184286785,89.589104188207,0.0,accelerated
28,189,652.6964727836637,42.5867254161831,88.09353635081787,0.0,accelerated
28,190,652.755541627572,41.53404017619967,88.5415702465572,0.0,accelerated
28,191,654.4224361137123,42.52811697037905,89.28753497184547,0.0,accelerated
28,192,660.6056064228658,42.81168713528075,90.08255719068165,0.0,accelerated
28,193,656.4332477299758,43.252951809690366,87.17192404741019,0.0,accelerated
28,194,659.4899226906799,43.89166950809859,87.9498377771688,0.0,accelerated
28,195,657.9833767705342,41.72160595785685,89.5132671920085,0.0,accelerated
28,196,659.4950664628657,43.05507910890822,88.63334651602644,0.0,accelerated
28,197,659.7048988120205,42.16996641318907,84.72664591681225,0.0,accelerated
28,198,656.4422593762197,43.6602872826042,87.31092237698661,0.0,accelerated
28,199,657.4041776001412,43.205124640083426,88.83623598848284,0.0,accelerated
28,200,656.3760335315665,42.92826527363299,88.37912190446937,0.0,accelerated
28,201,663.4114240797423,43.117091159219775,88.92931143190022,0.0,accelerated
28,202,659.9913467489699,44.72702644260865,85.80119498695835,0.0,accelerated
28,203,664.8800855489299,45.007003972360586,86.85497179243507,0.0,accelerated
28,204,663.5712605092891,43.35733843300019,87.57952576876198,0.0,accelerated
28,205,657.0162149946808,44.93242471102046,85.94523037037882,0.0,accelerated
28,206,660.2862221829716,45.233555612718774,86.9392108974938,0.0,accelerated
28,207,660.0383155865753,44.30938322788485,88.83066150778615,0.0,accelerated
28,208,664.6774619218415,44.95893611452502,86.94444631109201,0.0,accelerated
28,209,659.2612910787028,44.341354975242055,87.30994559277886,0.0,accelerated
28,210,662.0992822202329,44.96668914811779,87.3160097766777,0.0,accelerated
28,211,665.2344084575894,43.93303452442815,87.05792529025669,0.0,accelerated
28,212,659.6516401388402,45.514312890448956,87.10915599620321,0.0,accelerated
28,213,668.67234795313,45.59683580886788,88.73114507194431,0.0,accelerated
28,214,665.5807676679533,45.102778491073025,86.59390632470225,0.0,accelerated
28,215,665.7830923729008,46.39798706659185,87.47667828695457,0.0,accelerated
28,216,662.3808939698627,46.7699428861487,85.08153463459665,0.0,accelerated
28,217,664.7643597027925,46.88958186747236,87.39662118607076,0.0,accelerated
28,218,663.271949885095,45.637216527003076,87.50006304737063,0.0,accelerated
28,219,666.1721383330712,45.39696541277264,87.05083529780725,0.0,accelerated
28,220,661.0130202512139,46.173133572999376,86.95557035680024,0.0,accelerated
28,221,665.933397140652,45.29911248018598,85.67137196935346,0.0,accelerated
28,222,668.2621367125192,46.5244291581934,86.6282467607073,0.0,accelerated
28,223,666.7991916082163,47.39363707198268,84.77816042542572,0.0,accelerated
28,224,662.4889526053656,46.45971792527011,85.65900810242908,0.0,accelerated
28,225,668.0077186902791,48.29150440563404,86.4459221506995,0.0,accelerated
28,226,666.1268775550545,46.016935348771426,87.27476243469009,0.0,accelerated
28,227,670.2169670977148,47.37122812312953,85.40590644551472,0.0,accelerated
28,228,670.138527946911,49.38487860932945,85.16557604976009,0.0,accelerated
28,229,670.3473195146245,47.13797279975195,87.62383488020309,0.0,accelerated
28,230,666.189320914615,47.48166098372559,85.2511411928969,0.0,accelerated
28,231,671.4114784606192,48.70927404523422,86.36121233378937,0.0,accelerated
28,232,670.7448252611861,48.56339963795764,84.10788825476028,0.0,accelerated
28,233,669.3294306048019,48.91371125540957,86.4056891648615,0.0,accelerated
28,234,668.7542671008572,48.08165171713244,86.90368496980388,0.0,accelerated
28,235,671.0240086671947,46.66404270155794,85.83145996367278,0.0,accelerated
28,236,669.2515653919252,48.3835155577269,86.60703079448457,0.0,accelerated
28,237,672.2210524304103,49.908493404362126,85.13925613428438,0.0,accelerated
28,238,672.2695198711713,47.36800299346371,84.90100142652648,0.0,accelerated
28,239,677.3306978261301,47.67930988365852,84.92258025998458,0.0,accelerated
28,240,670.3565758394237,50.73329251381203,85.06943217031221,0.0,accelerated
28,241,677.1485324195245,49.496676311539304,86.52589923294924,0.0,accelerated
28,242,671.0094609504728,48.00028164232104,86.28126154603582,0.0,accelerated
28,243,671.1006768924555,48.79575867709572,85.09950993496135,0.0,accelerated
28,244,671.1785337667211,50.0532662147636,84.4845814955549,0.0,accelerated
28,245,669.5759430766076,49.255999088871135,84.73667884541399,0.0,accelerated
28,246,676.1711582884653,50.36662736120101,84.27046128776402,0.0,accelerated
28,247,674.2329560492174,47.82523821287215,83.78290727360597,0.0,accelerated
28,248,671.2046193104923,51.01818310825169,83.77458632561667,0.0,accelerated
28,249,673.766090677469,49.70923373084563,86.91593591353397,0.0,accelerated
29,0,601.7843945887832,20.553489663557823,103.35457338916638,244.61434589884058,normal
29,1,598.3220456194897,20.89592228583255,99.75973614079813,246.68474521634124,normal
29,2,603.2725344649695,19.89343156369628,99.02814092961859,251.6310507738099,normal
29,3,601.7258640240836,19.927153404394023,99.51969848123997,242.42546697529718,normal
29,4,602.975290565346,19.959892182745627,99.07015409642634,239.57222416404073,normal
29,5,602.1764630737265,19.891417021087,97.78732468601092,238.98365605177977,normal
29,6,600.4992091930231,20.274462335082834,99.51645774962935,242.0862194421622,normal
29,7,596.9724388317908,19.685451475850947,100.9037769864841,248.18114063426532,normal
29,8,603.3338553470322,21.12950260404067,100.5847559080655,236.3960263125395,normal
29,9,601.8987851002709,19.59973284935304,98.53708553023473,242.8403246887347,normal
29,10,604.8402513174076,20.60615086557746,101.2490004322095,241.05892163522768,normal
29,11,599.8696434027505,19.793271448126326,100.57813148418472,239.64229557869908,normal
29,12,604.4281421345084,18.302036739546757,99.76467203434693,235.44112905751882,normal
29,13,598.4187213922494,20.977317657051575,100.57181353365446,248.3311414320986,normal
29,14,603.5264572219675,20.410853410038477,98.67049744348154,240.815661810326,normal
29,15,600.0093776425413,21.822427379527763,99.69368118995962,235.9155069594144,normal
29,16,598.4956442303577,20.923041797773678,97.90184220864239,231.05876299341617,normal
29,17,606.1514159845615,22.591057903355566,99.53394864949088,230.14829743783008,normal
29,18,608.3642979970813,20.85640936624382,98.14431350819099,235.48241483958392,normal
29,19,605.173202127709,20.97742408907416,99.34022522956957,233.21079994425887,normal
29,20,604.6110365231555,22.05893895496458,98.69428513844002,232.631225221198,normal
29,21,604.2526735127499,21.208189478463645,98.91411523776672,228.51049082037792,normal
29,22,600.0638649888161,21.123340753430075,99.18490551559279,221.24504482305574,normal
29,23,602.7402290145562,24.22464497837187,97.9507416351788,225.08093043674785,normal
29,24,602.2988481644138,21.803129996046664,98.22508165686503,224.78378438353784,normal
29,25,602.8443588945503,23.055127816369826,99.08163703771955,219.9851367151839,normal
29,26,607.7223895714981,21.121733383969886,97.39591981108835,223.98478756283598,normal
29,27,611.1217932730199,20.332335871084112,97.5890120784309,226.76262831580422,normal
29,28,603.6730358011641,22.851948567246545,98.04251109305805,222.70981088704588,normal
29,29,611.0334217761564,21.12541035297813,99.86376081013731,224.39853398316043,normal
29,30,601.5322672467033,22.95890052374177,98.8728061288626,220.45547004956865,normal
29,31,607.2095526993552,22.129634155584196,98.8300989589424,220.20726212520145,normal
29,32,608.6381738166566,21.03283896662192,100.0108858964911,212.22354828470392,normal
29,33,608.8848853924392,22.71944509927278,97.39884365720131,219.64072734852002,normal
29,34,603.9637800824145,23.788795555157638,97.92916516149876,208.5250695119731,normal
29,35,611.6015353151089,22.98132367123691,99.4671911257613,210.74264060623315,normal
29,36,601.5245683898754,24.555202424087774,98.55357318782106,216.45675947081773,normal
29,37,609.3697873417948,22.62460894698431,98.74622954761551,220.96976296252723,normal
29,38,607.502676313362,23.982101316419573,96.48875301996938,217.61880315159607,normal
29,39,603.233987105982,24.1294088240335,98.83063122045127,210.52039661963062,normal
29,40,607.7012353363762,22.947268906642666,97.57933048055644,208.97011860684978,normal
29,41,614.8241772325273,24.58230671078473,97.48899682147757,210.33843701163644,normal
29,42,608.6879374897093,23.21770655699033,97.31722244336251,210.22948992403326,normal
29,43,611.138214889744,22.60610131493322,100.23554141728921,214.61001624617776,normal
29,44,610.4444966768536,22.288280297331188,98.64140862598455,207.40989000782233,normal
29,45,610.5394658286555,25.190464272289738,98.02402594538339,215.2391328982787,normal
29,46,610.4195130379813,23.389536824338734,100.55937720670642,208.14945950010045,normal
29,47,608.0357983391276,23.844216588946445,98.75523302185454,202.24569486607328,normal
29,48,610.0017236071349,23.022796396337277,96.3948054691921,202.53209661372355,normal
29,49,610.2200834666776,24.447119591557858,97.46381029289381,194.29722852729668,normal
29,50,607.1040265907579,25.055633756839825,97.33338868779244,197.7895950709812,normal
29,51,609.2627593085067,23.46072383071321,97.26678917246716,194.64438217683096,normal
29,52,614.6019697237045,24.84010068334293,99.16782077315024,205.24669878230418,normal
29,53,603.5503606077011,24.58345464202808,97.29382136610168,202.58404822176675,normal
29,54,608.5755863902723,23.26585024363629,96.4059541393469,194.486625445106,normal
29,55,613.744835787585,24.65616721686131,96.59735173486385,205.76329545180946,normal
29,56,613.1486159184748,25.257410115757686,99.04502882734766,185.7989220568711,normal
29,57,608.6656975842363,25.383011356924275,96.90926167197853,191.62493263872477,normal
29,58,611.3667780415061,23.362594611370085,97.31918281786636,196.57251608675915,normal
29,59,613.9883616694535,25.833014661967468,98.64987587379079,193.0293696285129,normal
29,60,612.9800354949291,25.05333076010662,96.97295283274603,184.85027638139692,normal
29,61,610.1312079616404,24.553970683442532,96.90417405525723,191.0691586924196,normal
29,62,613.0056856481928,25.26932349872022,97.87140806591577,193.97831968892265,normal
29,63,612.5742813228387,26.048369433834612,97.99658535797917,192.64816768317542,normal
29,64,617.6438895031597,25.69664957997907,97.543768249672,186.48653908721653,normal
29,65,611.5895017613145,24.69622785342394,98.30211716331154,180.18164853776221,normal
29,66,618.0443179066867,25.12827674709598,100.22207789312282,180.53442286585192,normal
29,67,614.150566759941,25.00815072975158,96.52691590845671,188.31900175439358,normal
29,68,610.2833374168066,24.763925493025766,97.86631970891492,185.724804054747,normal
29,69,609.6243437363174,26.101676885215372,97.36889991341633,176.41138321069235,normal
29,70,611.6333553939934,23.5665485720516,98.91744442779758,185.07710207488503,normal
29,71,610.3325649694654,26.478907672791795,96.58597765605033,183.5740526817485,normal
29,72,612.9117792925227,25.396645904892043,96.83165273224235,174.71322329169342,normal
29,73,618.7978141256999,26.73852699308148,97.18994853833328,182.12284081992905,normal
29,74,609.9187848542635,24.69154122144897,97.51455476235797,179.67768277903946,normal
29,75,615.8382226387672,24.11730532492168,95.93766547566226,177.08295933252083,normal
29,76,622.4794168677239,27.29791266505843,98.53730429847077,175.6986271109515,normal
29,77,616.3974729423682,25.126514532743926,97.87182205305162,172.634091487295,normal
29,78,617.6781971263912,26.270686352880936,97.15911842475073,171.5613594185069,normal
29,79,616.4738740934687,27.32007655754523,95.57377047093078,163.53538786842444,normal
29,80,617.2775937329167,27.840574297907615,98.49274461680108,163.87794891144964,normal
29,81,614.9913784937929,25.00078474555509,96.20938837361288,174.61424047524682,normal
29,82,616.3613246493247,26.186125920376213,97.26508575641121,164.02473955095263,normal
29,83,621.3789350946456,26.647284972241476,96.27820575704011,169.93424617397807,normal
29,84,619.6178584806331,28.315975240149257,96.43003109374183,171.4302826134686,normal
29,85,617.3036348357,26.188619979026306,95.82318847099576,159.515082781835,normal
29,86,614.9749180033327,27.995706621760082,97.26670960178603,157.79394172029026,normal
29,87,612.1608272393552,25.84770684420359,95.74326379175285,161.48367144711494,normal
29,88,621.1185905690262,26.492283141100334,98.16049996017728,153.59900053839317,normal
29,89,616.7541024377131,27.9055486691364,97.28720525236643,159.32143021805803,normal
29,90,621.0052603013526,28.012196442506884,95.7178853406875,161.57464234222212,normal
29,91,620.3108398522306,26.669465232427175,98.05432545026916,154.82319026691178,normal
29,92,618.8322786498835,26.110222683580492,96.42336019866255,152.6646339196459,normal
29,93,617.7176125760122,25.853402438678906,97.07981340032572,158.78140024870802,normal
29,94,622.06223166091,27.172194835360163,97.373847366881,156.19639822697417,normal
29,95,619.3395023782862,29.71405332535194,95.7153240350614,161.13729515577424,normal
29,96,620.6390548216428,27.108095107754515,94.84430910953652,148.83457474772254,normal
29,97,622.7920243935636,29.494399526836958,96.21143990321023,153.71940881310562,normal
29,98,621.9293602994695,27.913302029353186,97.17970003797032,153.45811125331593,normal
29,99,620.2066239409572,27.220787152505885,95.09473292052672,135.20455993227378,normal
29,100,623.7023503998256,27.853392944777674,95.59960265526422,140.24146351807283,normal
29,101,618.279661702683,27.308313541717105,95.16522691276921,150.66418071576314,normal
29,102,620.766745659588,26.7987040663803,94.62215890009267,141.50160723834816,normal
29,103,626.0315782627016,29.732722628691633,95.0277010009004,137.11702840002135,normal
29,104,621.1841327290375,28.36694011623767,96.1569169869884,149.70686946238666,normal
29,105,622.3551118601878,27.283560468499743,96.09404108716402,149.26911787667828,normal
29,106,619.0279948309899,28.779956468755863,95.2072192825322,153.98084860470615,normal
29,107,617.4195185833989,29.715948936528605,94.04918723857473,151.96526342608303,normal
29,108,618.1753527977268,28.829671543989335,94.0508068133032,135.25009441489144,normal
29,109,624.4932411428738,29.74816231146947,95.87935893236765,144.7054083274512,normal
29,110,625.1346362279619,28.115823136200685,94.20103856568318,139.93148306898604,normal
29,111,620.4683964423084,29.268621480201,96.10802861208794,135.5917460471536,normal
29,112,624.5123256288994,29.61413837595131,96.24331757888902,135.96103811494703,normal
29,113,624.9397664944858,29.560002280675192,96.12018464475656,145.38894281544262,normal
29,114,623.7833225697761,28.513037776002534,94.32954546900054,141.6396807999691,normal
29,115,624.0719230281063,30.87002198832023,93.37044780879954,139.5533354389322,normal
29,116,622.4165879937382,28.92647900511883,94.59519215985141,138.49785506942573,normal
29,117,625.2406085318496,28.217617974960557,95.48492143792507,136.53057165340235,normal
29,118,624.1340315777777,30.54784030002694,94.98996145611082,120.72821163447763,normal
29,119,624.3601526823047,29.700625769405082,95.55118649670435,136.5348954898385,normal
29,120,618.1426102401201,29.36151669566734,94.27734219199846,123.95984805940758,normal
29,121,623.9831030013114,30.381822030280674,95.46094660485916,125.5623878875212,normal
29,122,623.9635852013688,30.689896444629618,95.80312924506002,125.23614993386686,normal
29,123,622.7475108730081,28.123515839401005,94.65058866641763,118.32105534780742,normal
29,124,631.0012090621583,29.064881843133293,96.14898085531321,135.09053103945996,normal
29,125,625.648604225584,29.899985743613094,93.67763474394492,122.47699939175612,normal
29,126,630.0118951436071,30.43125262962227,94.98834820745883,130.5606160458783,normal
29,127,627.4888716453671,30.01212685222024,95.1362558356736,119.15967481284346,normal
29,128,623.9168780609093,30.033701370741344,95.43747106237369,115.76318513654977,normal
29,129,626.0287209912682,29.930137839936936,93.9390707815338,119.07754225254173,normal
29,130,619.0357902108493,29.64241132597162,93.70051311792405,118.60041978699618,normal
29,131,619.3606305311082,30.670892743509473,95.66942329640686,118.4135181388505,normal
29,132,627.8963756202131,30.047269443598758,93.16537887622412,118.00845660642827,normal
29,133,628.6411351309557,29.315611874392342,94.21477272367817,115.76441799547791,normal
29,134,635.3542229358548,30.94337119471989,92.73442642113622,105.23574549078896,normal
29,135,629.1914964907912,33.28503197599653,94.31902551539928,113.29590203970746,normal
29,136,628.4923225285928,30.081703591654893,92.01584537957133,119.18632194637843,normal
29,137,625.5604536147945,32.01011786582137,93.75901320968931,113.6088956373027,normal
29,138,630.1644958424661,32.11035095107187,94.71298866748143,112.916195478995,normal
29,139,629.6591185405373,31.584169534394153,93.14881946582868,104.63958822848079,normal
29,140,621.6728226909373,31.96650800083965,94.00427022628901,114.1009862268815,normal
29,141,629.4111317203635,30.27757331842903,94.23977756646522,106.72588974167954,normal
29,142,626.5723295592093,32.27528732549328,96.83074347054766,113.58101820871774,normal
29,143,628.5191308979278,32.69950775995613,95.99290265031081,100.03814608844851,normal
29,144,632.4745642840876,32.28968201874321,95.4281190566565,110.0664372800845,normal
29,145,628.3168129773976,33.632870644182766,94.53959860858215,102.82836489652874,normal
29,146,630.7179340451212,32.65239590172786,94.25476107586199,105.96568191761112,normal
29,147,629.6651012463109,31.099924266899357,93.29817554137223,95.98591856714206,normal
29,148,634.1540601021403,31.616582751870343,90.6524248982447,103.98266539639755,normal
29,149,630.9274813135219,30.053432317169605,93.20760379166673,96.61855482719535,normal
29,150,627.7731969276232,33.21277586170357,93.85112245193316,97.86382557591925,normal
29,151,633.5671698266618,32.575347745183706,92.21902174202344,95.91688180416048,normal
29,152,631.3658862614018,31.226109865987972,95.94955478842114,98.56439381826291,normal
29,153,628.3398709812675,31.11705635666395,94.8075275880357,93.76069031503022,normal
29,154,631.939772534875,31.168480643125566,93.91019779152451,92.8205705105827,normal
29,155,630.0538167595748,31.60371919961454,94.82562627780827,92.54498012437837,normal
29,156,630.769628415241,32.38485771920126,95.37227012163363,98.451542936957,normal
29,157,633.7720422748339,30.9821133769737,93.06360761239746,98.94309357914457,normal
29,158,628.0872075537351,32.72401354812173,92.61473849573922,87.17546372295297,normal
29,159,636.8423569585925,33.439270641576385,94.6231402277946,94.91870740081889,normal
29,160,631.5821349133115,32.1084032920961,93.1979097405825,89.04086772806626,normal
29,161,637.5288582079838,31.543643568970474,93.0063385513812,84.43518316847309,normal
29,162,635.5698695925614,34.8137882593391,93.8287863598264,89.95507917421793,normal
29,163,632.8739627691258,33.477478989281124,94.25315516235763,89.1282025644341,normal
29,164,634.2965029848349,33.89541436349388,91.66172189874493,86.01004465072863,normal
29,165,633.9156271262535,33.616148180519296,93.22911373821606,85.80375749898576,normal
29,166,631.0402807859577,31.50515526430227,94.34313710130566,78.32814198340249,normal
29,167,632.9186384106587,32.610870367097995,94.90700927987608,82.60177642745643,normal
29,168,632.6686306113538,34.18786586872598,95.43647416760818,84.02844763529045,normal
29,169,632.6677416151044,34.21659398135469,91.66732093141843,81.23214630032199,normal
29,170,639.9818729648692,33.75774739668577,93.30777765615765,80.10318270178753,normal
29,171,633.0135711587214,33.99449067236487,93.9352730116603,77.34089973754612,normal
29,172,626.9277447850975,34.225617505278755,95.2531260765201,76.11869295971934,normal
29,173,630.1865098517302,34.51741298473248,94.823832264184,79.64686784857618,normal
29,174,639.9741001624994,34.713668545625715,93.74685098567768,73.40999658628944,normal
29,175,635.8562206722596,33.97052904328223,92.93626427943335,73.73067436024466,normal
29,176,635.8768404023757,32.783655015863275,93.77171839928157,69.61127353609902,normal
29,177,634.6491863249859,34.49055989303516,91.99272658160449,63.167684688473734,normal
29,178,634.4508599669075,32.8089025074163,93.59231093267047,66.23248213728937,normal
29,179,640.2554666911275,34.31420711076478,92.89917419459424,61.09684335727668,normal
29,180,636.4345878865515,34.31982008312674,91.50091096507452,70.43634169398405,normal
29,181,635.0062309675777,34.263212182104645,92.78588176219405,66.64272893420899,normal
29,182,637.1393698808466,34.473444517649035,93.19276846838657,65.35662703014005,normal
29,183,633.4052407411981,33.93113147156186,94.12265676885178,71.77983263103373,normal
29,184,640.4401373977972,36.00271395817022,92.1736819428268,67.47905967704232,normal
29,185,637.2275170085439,35.45953852559142,92.31083175476903,65.46487078545502,normal
29,186,637.4168144328592,35.4122623999157,93.2157172210716,64.468355161701,normal
29,187,637.7719723521974,35.1858980207487,94.16655142062304,54.35001104341534,normal
29,188,634.6909610163466,35.71367959644594,92.7497843988391,63.31374775075438,normal
29,189,639.80248649614,35.33399289312377,91.88071752155078,64.1440457005413,normal
29,190,638.0626614889973,34.75242282111045,93.09036062457791,63.25516929141,normal
29,191,638.8442994748024,36.99711915399456,93.68682673477028,64.009285970269,normal
29,192,646.0990967184263,35.213536598002285,91.8551996706839,62.301815496516795,normal
29,193,637.8420971060171,35.45192771564782,91.2940800342497,60.033297288565635,normal
29,194,634.3869782633872,35.423561778840636,92.22464426248423,53.81980578790084,normal
29,195,633.7283557240155,33.835368906225554,91.4538275933282,57.69525164381032,normal
29,196,640.0667745843259,35.66356464116886,91.27541151398252,55.70566110630554,normal
29,197,634.0029121658832,33.363450517628024,91.876928448785,50.269743099514855,normal
29,198,642.6395138929424,35.99798377777284,93.73073530999984,49.2589246565227,normal
29,199,641.2603168745665,35.66772287058437,93.42171972413114,49.9797477643796,normal
29,200,642.5632203404373,34.92238103547584,91.58478735686795,49.57978294036267,normal
29,201,643.9902526198885,33.88281305899196,91.62735555355421,47.167599367863495,normal
29,202,634.1690794328168,35.695964239253186,90.3793328688087,36.34668260981304,normal
29,203,639.8130615145141,35.943854879196145,91.63504641704067,48.26429122949176,normal
29,204,638.1618095303588,38.110856013445925,91.8067059918685,52.43215231530742,normal
29,205,635.9603022755339,35.56547034990813,92.48631480504423,43.867178621610336,normal
29,206,637.9804618378812,34.641370101355925,92.49320367224037,47.25801127474428,normal
29,207,642.1299620742576,36.064093809214086,90.60690997237019,42.73509230051649,normal
29,208,637.6540441890638,35.88841591943541,92.94125058139956,32.7458211843429,normal
29,209,643.832583480701,38.21419595144916,92.45625971938266,42.99106439213242,normal
29,210,640.6092814614866,36.15411194556599,89.35186913393667,40.18503340133657,normal
29,211,640.9932786538128,36.1819655913181,91.53991897112098,39.31184740102328,normal
29,212,640.4933281078988,38.5730807834768,92.25060277911243,42.48139279186639,normal
29,213,642.2900916490818,37.55123573226115,90.58429539940144,40.33129270125153,normal
29,214,642.1867921780587,36.098016464985676,91.41723332878077,34.539729848750554,normal
29,215,649.9692079816627,37.63539424847991,92.97971746744822,40.65643553179363,normal
29,216,643.3133417993926,36.83628079706995,89.61977341879968,29.645282246676302,normal
29,217,645.3882603732626,37.057869614879294,91.69582032573844,22.848624243263316,normal
29,218,644.9605445472921,38.53648155719928,89.50424171019375,33.857819531783996,normal
29,219,647.8306039608253,39.20008664933947,90.73650092914204,34.899651723057666,normal
29,220,648.2893694600162,38.00138139078038,92.48507758899682,29.820691733308497,normal
29,221,645.3829424313125,37.0583907735378,90.99539984232624,31.16858084938182,normal
29,222,642.3101420248627,37.53641362685925,91.8808736809468,38.2627876658805,normal
29,223,638.4516845250542,39.81657666732362,90.82012823557723,31.824499345136925,normal
29,224,648.2832780999752,39.48449677394055,90.3120381352702,24.873643459411007,normal
29,225,644.8392117031412,37.64256615750266,92.31876097483914,24.61586149494267,normal
29,226,640.3443570055749,37.446986177686234,89.38159997330311,22.858306066533295,normal
29,227,647.4176490237038,37.50552332769632,90.51696703536543,21.62617353830903,normal
29,228,646.0222274815058,38.75608277863552,91.68725542793537,33.277584914682606,normal
29,229,646.1704877930001,39.05579305397972,89.25244325232173,19.10408507217233,normal
29,230,645.1887493196137,37.382685111012904,90.26400726863245,19.462576411721862,normal
29,231,644.6860098775056,41.08183418783816,91.27227534157774,29.005113694296682,normal
29,232,650.877953536502,37.92075386654962,90.75756046741981,15.825876894627115,normal
29,233,646.114531722141,37.66356633081127,90.23846467082979,18.797594407666192,normal
29,234,647.7993661708266,38.97340366521627,90.58032517511644,20.303712126184703,normal
29,235,646.2288709217644,40.191552339761614,88.75240244298243,18.28405511987878,normal
29,236,648.6651133367421,38.20543344274845,90.20476897314472,16.323954695545183,normal
29,237,650.1478057414462,37.210536831668904,91.14824606765426,10.711744072212216,normal
29,238,650.9758693228957,37.20072478618383,92.92529896512121,7.569300334929513,normal
29,239,652.089883560369,39.050815380267174,89.62133326279987,12.325570026907057,normal
29,240,651.0873763348691,37.64729519925524,91.10158884928701,9.939107506714551,normal
29,241,649.931132247699,39.29097535733898,89.78813116124535,3.4343837431406055,normal
29,242,650.417935336141,40.027271992198834,90.9822722476908,10.137981597202867,normal
29,243,651.4340966155185,40.84606927976964,88.40358215259349,0.0,normal
29,244,653.9538420796389,38.178953485414816,89.15375671321037,4.561928440625378,normal
29,245,644.0380852638607,39.21841330269236,89.25189465587734,3.833295651514962,normal
29,246,650.0395239147214,39.336461774570445,89.76595271460285,5.289978983958231,normal
29,247,652.5328753938498,41.36296434692167,89.90146174599779,12.124445759616185,normal
29,248,652.2301205042837,38.607991546026824,88.81879174438632,0.0,normal
29,249,654.1338119500791,39.41863268443446,88.14764317549371,0.0,normal
